[0.005s] Invoking command in '/home/jnu/go2_ws/build/unitree_go': CMAKE_PREFIX_PATH=/opt/ros/humble CONDA_PROMPT_MODIFIER=(base) /home/jnu/anaconda3/bin/cmake /home/jnu/go2_ws/src/unitree_go -DCMAKE_INSTALL_PREFIX=/home/jnu/go2_ws/install/unitree_go
[0.010s] -- Found ament_cmake: 1.3.12 (/opt/ros/humble/share/ament_cmake/cmake)
[0.056s] -- Override CMake install command with custom implementation using symlinks instead of copying resources
[0.060s] -- Found rosidl_default_generators: 1.2.0 (/opt/ros/humble/share/rosidl_default_generators/cmake)
[0.061s] -- Using all available rosidl_typesupport_c: rosidl_typesupport_fastrtps_c;rosidl_typesupport_introspection_c
[0.062s] -- Found rosidl_adapter: 3.1.7 (/opt/ros/humble/share/rosidl_adapter/cmake)
[0.081s] -- Using all available rosidl_typesupport_cpp: rosidl_typesupport_fastrtps_cpp;rosidl_typesupport_introspection_cpp
[0.095s] -- Found rosidl_generator_dds_idl: 0.8.1 (/opt/ros/humble/share/rosidl_generator_dds_idl/cmake)
[0.277s] -- Found ament_cmake_ros: 0.10.0 (/opt/ros/humble/share/ament_cmake_ros/cmake)
[0.345s] -- Using all available rosidl_typesupport_c: rosidl_typesupport_fastrtps_c;rosidl_typesupport_introspection_c
[0.451s] -- Using all available rosidl_typesupport_cpp: rosidl_typesupport_fastrtps_cpp;rosidl_typesupport_introspection_cpp
[0.475s] -- Found python_cmake_module: 0.10.0 (/opt/ros/humble/share/python_cmake_module/cmake)
[0.494s] -- Using PYTHON_EXECUTABLE: /usr/bin/python3
[0.494s] -- Using PYTHON_INCLUDE_DIRS: /usr/include/python3.10
[0.494s] -- Using PYTHON_LIBRARIES: /usr/lib/x86_64-linux-gnu/libpython3.10.so
[0.513s] -- Configuring done
[0.552s] -- Generating done
[0.558s] -- Build files have been written to: /home/jnu/go2_ws/build/unitree_go
[0.562s] Invoked command in '/home/jnu/go2_ws/build/unitree_go' returned '0': CMAKE_PREFIX_PATH=/opt/ros/humble CONDA_PROMPT_MODIFIER=(base) /home/jnu/anaconda3/bin/cmake /home/jnu/go2_ws/src/unitree_go -DCMAKE_INSTALL_PREFIX=/home/jnu/go2_ws/install/unitree_go
[0.563s] Invoking command in '/home/jnu/go2_ws/build/unitree_go': CMAKE_PREFIX_PATH=/opt/ros/humble CONDA_PROMPT_MODIFIER=(base) /home/jnu/anaconda3/bin/cmake --build /home/jnu/go2_ws/build/unitree_go -- -j24 -l24
[0.609s] [35m[1mScanning dependencies of target ament_cmake_python_symlink_unitree_go[0m
[0.611s] [35m[1mScanning dependencies of target unitree_go__dds_connext_idl[0m
[0.611s] [35m[1mScanning dependencies of target unitree_go__cpp[0m
[0.613s] [35m[1mScanning dependencies of target unitree_go__rosidl_generator_c[0m
[0.623s] [  0%] Built target unitree_go__dds_connext_idl
[0.627s] [  0%] Built target unitree_go__cpp
[0.627s] [  0%] Built target ament_cmake_python_symlink_unitree_go
[0.632s] [35m[1mScanning dependencies of target ament_cmake_python_build_unitree_go_egg[0m
[0.633s] [35m[1mScanning dependencies of target unitree_go__rosidl_typesupport_fastrtps_cpp[0m
[0.634s] [35m[1mScanning dependencies of target unitree_go__rosidl_typesupport_cpp[0m
[0.634s] [35m[1mScanning dependencies of target unitree_go__rosidl_typesupport_introspection_cpp[0m
[0.637s] [  1%] [32mBuilding C object CMakeFiles/unitree_go__rosidl_generator_c.dir/rosidl_generator_c/unitree_go/msg/detail/bms_cmd__functions.c.o[0m
[0.638s] [  1%] [32mBuilding C object CMakeFiles/unitree_go__rosidl_generator_c.dir/rosidl_generator_c/unitree_go/msg/detail/audio_data__functions.c.o[0m
[0.638s] [  1%] [32mBuilding C object CMakeFiles/unitree_go__rosidl_generator_c.dir/rosidl_generator_c/unitree_go/msg/detail/go2_front_video_data__functions.c.o[0m
[0.638s] [  1%] [32mBuilding C object CMakeFiles/unitree_go__rosidl_generator_c.dir/rosidl_generator_c/unitree_go/msg/detail/error__functions.c.o[0m
[0.640s] [  2%] [32mBuilding C object CMakeFiles/unitree_go__rosidl_generator_c.dir/rosidl_generator_c/unitree_go/msg/detail/bms_state__functions.c.o[0m
[0.641s] [  2%] [32mBuilding C object CMakeFiles/unitree_go__rosidl_generator_c.dir/rosidl_generator_c/unitree_go/msg/detail/lidar_state__functions.c.o[0m
[0.641s] [  4%] [32mBuilding C object CMakeFiles/unitree_go__rosidl_generator_c.dir/rosidl_generator_c/unitree_go/msg/detail/height_map__functions.c.o[0m
[0.641s] [  4%] [32mBuilding C object CMakeFiles/unitree_go__rosidl_generator_c.dir/rosidl_generator_c/unitree_go/msg/detail/interface_config__functions.c.o[0m
[0.641s] [  4%] [32mBuilding C object CMakeFiles/unitree_go__rosidl_generator_c.dir/rosidl_generator_c/unitree_go/msg/detail/imu_state__functions.c.o[0m
[0.641s] [  4%] [32mBuilding C object CMakeFiles/unitree_go__rosidl_generator_c.dir/rosidl_generator_c/unitree_go/msg/detail/low_state__functions.c.o[0m
[0.641s] [  5%] [32mBuilding C object CMakeFiles/unitree_go__rosidl_generator_c.dir/rosidl_generator_c/unitree_go/msg/detail/low_cmd__functions.c.o[0m
[0.641s] [  5%] [32mBuilding C object CMakeFiles/unitree_go__rosidl_generator_c.dir/rosidl_generator_c/unitree_go/msg/detail/motor_cmd__functions.c.o[0m
[0.641s] [  6%] [32mBuilding C object CMakeFiles/unitree_go__rosidl_generator_c.dir/rosidl_generator_c/unitree_go/msg/detail/motor_cmds__functions.c.o[0m
[0.641s] [  6%] [32mBuilding C object CMakeFiles/unitree_go__rosidl_generator_c.dir/rosidl_generator_c/unitree_go/msg/detail/motor_state__functions.c.o[0m
[0.641s] [  6%] [32mBuilding C object CMakeFiles/unitree_go__rosidl_generator_c.dir/rosidl_generator_c/unitree_go/msg/detail/path_point__functions.c.o[0m
[0.641s] [  7%] [32mBuilding C object CMakeFiles/unitree_go__rosidl_generator_c.dir/rosidl_generator_c/unitree_go/msg/detail/motor_states__functions.c.o[0m
[0.643s] [  8%] [32mBuilding C object CMakeFiles/unitree_go__rosidl_generator_c.dir/rosidl_generator_c/unitree_go/msg/detail/req__functions.c.o[0m
[0.643s] [  9%] [32mBuilding C object CMakeFiles/unitree_go__rosidl_generator_c.dir/rosidl_generator_c/unitree_go/msg/detail/sport_mode_state__functions.c.o[0m
[0.643s] [  9%] [32mBuilding C object CMakeFiles/unitree_go__rosidl_generator_c.dir/rosidl_generator_c/unitree_go/msg/detail/sport_mode_cmd__functions.c.o[0m
[0.643s] [  9%] [32mBuilding C object CMakeFiles/unitree_go__rosidl_generator_c.dir/rosidl_generator_c/unitree_go/msg/detail/res__functions.c.o[0m
[0.664s] [  9%] [32mBuilding CXX object CMakeFiles/unitree_go__rosidl_typesupport_cpp.dir/rosidl_typesupport_cpp/unitree_go/msg/audio_data__type_support.cpp.o[0m
[0.664s] [  9%] [32mBuilding CXX object CMakeFiles/unitree_go__rosidl_typesupport_introspection_cpp.dir/rosidl_typesupport_introspection_cpp/unitree_go/msg/detail/audio_data__type_support.cpp.o[0m
[0.672s] [  9%] [32mBuilding CXX object CMakeFiles/unitree_go__rosidl_typesupport_fastrtps_cpp.dir/rosidl_typesupport_fastrtps_cpp/unitree_go/msg/detail/dds_fastrtps/audio_data__type_support.cpp.o[0m
[0.677s] [ 13%] [32mBuilding C object CMakeFiles/unitree_go__rosidl_generator_c.dir/rosidl_generator_c/unitree_go/msg/detail/time_spec__functions.c.o[0m
[0.678s] [ 13%] [32mBuilding CXX object CMakeFiles/unitree_go__rosidl_typesupport_cpp.dir/rosidl_typesupport_cpp/unitree_go/msg/bms_cmd__type_support.cpp.o[0m
[0.678s] [ 13%] [32mBuilding CXX object CMakeFiles/unitree_go__rosidl_typesupport_fastrtps_cpp.dir/rosidl_typesupport_fastrtps_cpp/unitree_go/msg/detail/dds_fastrtps/bms_cmd__type_support.cpp.o[0m
[0.678s] [ 13%] [32mBuilding C object CMakeFiles/unitree_go__rosidl_generator_c.dir/rosidl_generator_c/unitree_go/msg/detail/uwb_switch__functions.c.o[0m
[0.678s] [ 13%] [32mBuilding CXX object CMakeFiles/unitree_go__rosidl_typesupport_introspection_cpp.dir/rosidl_typesupport_introspection_cpp/unitree_go/msg/detail/bms_cmd__type_support.cpp.o[0m
[0.678s] [ 13%] [32mBuilding C object CMakeFiles/unitree_go__rosidl_generator_c.dir/rosidl_generator_c/unitree_go/msg/detail/uwb_state__functions.c.o[0m
[0.678s] [ 14%] [32mBuilding CXX object CMakeFiles/unitree_go__rosidl_typesupport_cpp.dir/rosidl_typesupport_cpp/unitree_go/msg/bms_state__type_support.cpp.o[0m
[0.678s] [ 14%] [32mBuilding C object CMakeFiles/unitree_go__rosidl_generator_c.dir/rosidl_generator_c/unitree_go/msg/detail/voxel_map_compressed__functions.c.o[0m
[0.680s] [ 14%] [32mBuilding C object CMakeFiles/unitree_go__rosidl_generator_c.dir/rosidl_generator_c/unitree_go/msg/detail/voxel_height_map_state__functions.c.o[0m
[0.680s] [ 15%] [32mBuilding CXX object CMakeFiles/unitree_go__rosidl_typesupport_introspection_cpp.dir/rosidl_typesupport_introspection_cpp/unitree_go/msg/detail/bms_state__type_support.cpp.o[0m
[0.680s] [ 15%] [32mBuilding CXX object CMakeFiles/unitree_go__rosidl_typesupport_cpp.dir/rosidl_typesupport_cpp/unitree_go/msg/error__type_support.cpp.o[0m
[0.680s] [ 16%] [32mBuilding CXX object CMakeFiles/unitree_go__rosidl_typesupport_introspection_cpp.dir/rosidl_typesupport_introspection_cpp/unitree_go/msg/detail/error__type_support.cpp.o[0m
[0.680s] [ 16%] [32mBuilding CXX object CMakeFiles/unitree_go__rosidl_typesupport_cpp.dir/rosidl_typesupport_cpp/unitree_go/msg/go2_front_video_data__type_support.cpp.o[0m
[0.681s] [ 16%] [32mBuilding C object CMakeFiles/unitree_go__rosidl_generator_c.dir/rosidl_generator_c/unitree_go/msg/detail/wireless_controller__functions.c.o[0m
[0.681s] [ 16%] [32mBuilding CXX object CMakeFiles/unitree_go__rosidl_typesupport_cpp.dir/rosidl_typesupport_cpp/unitree_go/msg/height_map__type_support.cpp.o[0m
[0.684s] [ 16%] [32mBuilding CXX object CMakeFiles/unitree_go__rosidl_typesupport_fastrtps_cpp.dir/rosidl_typesupport_fastrtps_cpp/unitree_go/msg/detail/dds_fastrtps/bms_state__type_support.cpp.o[0m
[0.685s] [ 18%] [32mBuilding CXX object CMakeFiles/unitree_go__rosidl_typesupport_cpp.dir/rosidl_typesupport_cpp/unitree_go/msg/imu_state__type_support.cpp.o[0m
[0.685s] [ 18%] [32mBuilding CXX object CMakeFiles/unitree_go__rosidl_typesupport_fastrtps_cpp.dir/rosidl_typesupport_fastrtps_cpp/unitree_go/msg/detail/dds_fastrtps/error__type_support.cpp.o[0m
[0.685s] [ 18%] [32mBuilding CXX object CMakeFiles/unitree_go__rosidl_typesupport_introspection_cpp.dir/rosidl_typesupport_introspection_cpp/unitree_go/msg/detail/go2_front_video_data__type_support.cpp.o[0m
[0.689s] [ 18%] [32mBuilding CXX object CMakeFiles/unitree_go__rosidl_typesupport_fastrtps_cpp.dir/rosidl_typesupport_fastrtps_cpp/unitree_go/msg/detail/dds_fastrtps/go2_front_video_data__type_support.cpp.o[0m
[0.716s] [ 18%] [32mBuilding CXX object CMakeFiles/unitree_go__rosidl_typesupport_fastrtps_cpp.dir/rosidl_typesupport_fastrtps_cpp/unitree_go/msg/detail/dds_fastrtps/height_map__type_support.cpp.o[0m
[0.716s] [ 18%] [32mBuilding CXX object CMakeFiles/unitree_go__rosidl_typesupport_cpp.dir/rosidl_typesupport_cpp/unitree_go/msg/interface_config__type_support.cpp.o[0m
[0.722s] [ 18%] [32mBuilding CXX object CMakeFiles/unitree_go__rosidl_typesupport_introspection_cpp.dir/rosidl_typesupport_introspection_cpp/unitree_go/msg/detail/height_map__type_support.cpp.o[0m
[0.722s] [ 18%] [32mBuilding CXX object CMakeFiles/unitree_go__rosidl_typesupport_fastrtps_cpp.dir/rosidl_typesupport_fastrtps_cpp/unitree_go/msg/detail/dds_fastrtps/interface_config__type_support.cpp.o[0m
[0.724s] [ 19%] [32mBuilding CXX object CMakeFiles/unitree_go__rosidl_typesupport_fastrtps_cpp.dir/rosidl_typesupport_fastrtps_cpp/unitree_go/msg/detail/dds_fastrtps/imu_state__type_support.cpp.o[0m
[0.730s] [ 20%] [32m[1mLinking C shared library libunitree_go__rosidl_generator_c.so[0m
[0.804s] [ 20%] Built target unitree_go__rosidl_generator_c
[0.812s] [ 21%] [32mBuilding CXX object CMakeFiles/unitree_go__rosidl_typesupport_fastrtps_cpp.dir/rosidl_typesupport_fastrtps_cpp/unitree_go/msg/detail/dds_fastrtps/lidar_state__type_support.cpp.o[0m
[0.910s] running egg_info
[0.910s] writing unitree_go.egg-info/PKG-INFO
[0.911s] writing dependency_links to unitree_go.egg-info/dependency_links.txt
[0.912s] writing top-level names to unitree_go.egg-info/top_level.txt
[0.915s] reading manifest file 'unitree_go.egg-info/SOURCES.txt'
[0.916s] writing manifest file 'unitree_go.egg-info/SOURCES.txt'
[0.917s] [35m[1mScanning dependencies of target unitree_go__rosidl_typesupport_c[0m
[0.941s] [35m[1mScanning dependencies of target unitree_go__rosidl_typesupport_fastrtps_c[0m
[0.942s] [ 22%] [32mBuilding CXX object CMakeFiles/unitree_go__rosidl_typesupport_introspection_cpp.dir/rosidl_typesupport_introspection_cpp/unitree_go/msg/detail/imu_state__type_support.cpp.o[0m
[0.942s] [ 22%] [32mBuilding CXX object CMakeFiles/unitree_go__rosidl_typesupport_fastrtps_cpp.dir/rosidl_typesupport_fastrtps_cpp/unitree_go/msg/detail/dds_fastrtps/low_cmd__type_support.cpp.o[0m
[0.942s] [ 22%] [32mBuilding CXX object CMakeFiles/unitree_go__rosidl_typesupport_c.dir/rosidl_typesupport_c/unitree_go/msg/audio_data__type_support.cpp.o[0m
[0.946s] [ 22%] [32mBuilding CXX object CMakeFiles/unitree_go__rosidl_typesupport_introspection_cpp.dir/rosidl_typesupport_introspection_cpp/unitree_go/msg/detail/interface_config__type_support.cpp.o[0m
[0.955s] [35m[1mScanning dependencies of target unitree_go__rosidl_typesupport_introspection_c[0m
[0.956s] [ 23%] [32mBuilding CXX object CMakeFiles/unitree_go__rosidl_typesupport_fastrtps_cpp.dir/rosidl_typesupport_fastrtps_cpp/unitree_go/msg/detail/dds_fastrtps/low_state__type_support.cpp.o[0m
[0.968s] [ 23%] Built target ament_cmake_python_build_unitree_go_egg
[0.976s] [ 23%] [32mBuilding CXX object CMakeFiles/unitree_go__rosidl_typesupport_fastrtps_cpp.dir/rosidl_typesupport_fastrtps_cpp/unitree_go/msg/detail/dds_fastrtps/motor_cmd__type_support.cpp.o[0m
[0.979s] [ 24%] [32mBuilding CXX object CMakeFiles/unitree_go__rosidl_typesupport_c.dir/rosidl_typesupport_c/unitree_go/msg/bms_cmd__type_support.cpp.o[0m
[0.981s] [ 24%] [32mBuilding CXX object CMakeFiles/unitree_go__rosidl_typesupport_fastrtps_c.dir/rosidl_typesupport_fastrtps_c/unitree_go/msg/detail/audio_data__type_support_c.cpp.o[0m
[1.000s] [ 24%] [32mBuilding C object CMakeFiles/unitree_go__rosidl_typesupport_introspection_c.dir/rosidl_typesupport_introspection_c/unitree_go/msg/detail/audio_data__type_support.c.o[0m
[1.011s] [ 24%] [32mBuilding CXX object CMakeFiles/unitree_go__rosidl_typesupport_c.dir/rosidl_typesupport_c/unitree_go/msg/bms_state__type_support.cpp.o[0m
[1.029s] [ 25%] [32mBuilding CXX object CMakeFiles/unitree_go__rosidl_typesupport_cpp.dir/rosidl_typesupport_cpp/unitree_go/msg/lidar_state__type_support.cpp.o[0m
[1.039s] [ 26%] [32mBuilding CXX object CMakeFiles/unitree_go__rosidl_typesupport_c.dir/rosidl_typesupport_c/unitree_go/msg/error__type_support.cpp.o[0m
[1.046s] [ 27%] [32mBuilding C object CMakeFiles/unitree_go__rosidl_typesupport_introspection_c.dir/rosidl_typesupport_introspection_c/unitree_go/msg/detail/bms_cmd__type_support.c.o[0m
[1.053s] [ 27%] [32mBuilding CXX object CMakeFiles/unitree_go__rosidl_typesupport_c.dir/rosidl_typesupport_c/unitree_go/msg/go2_front_video_data__type_support.cpp.o[0m
[1.053s] [ 27%] [32mBuilding C object CMakeFiles/unitree_go__rosidl_typesupport_introspection_c.dir/rosidl_typesupport_introspection_c/unitree_go/msg/detail/bms_state__type_support.c.o[0m
[1.069s] [ 27%] [32mBuilding CXX object CMakeFiles/unitree_go__rosidl_typesupport_fastrtps_cpp.dir/rosidl_typesupport_fastrtps_cpp/unitree_go/msg/detail/dds_fastrtps/motor_cmds__type_support.cpp.o[0m
[1.078s] [ 28%] [32mBuilding CXX object CMakeFiles/unitree_go__rosidl_typesupport_fastrtps_c.dir/rosidl_typesupport_fastrtps_c/unitree_go/msg/detail/bms_cmd__type_support_c.cpp.o[0m
[1.078s] [ 28%] [32mBuilding CXX object CMakeFiles/unitree_go__rosidl_typesupport_fastrtps_c.dir/rosidl_typesupport_fastrtps_c/unitree_go/msg/detail/bms_state__type_support_c.cpp.o[0m
[1.078s] [ 29%] [32mBuilding CXX object CMakeFiles/unitree_go__rosidl_typesupport_introspection_cpp.dir/rosidl_typesupport_introspection_cpp/unitree_go/msg/detail/lidar_state__type_support.cpp.o[0m
[1.079s] [ 31%] [32mBuilding C object CMakeFiles/unitree_go__rosidl_typesupport_introspection_c.dir/rosidl_typesupport_introspection_c/unitree_go/msg/detail/error__type_support.c.o[0m
[1.080s] [ 31%] [32mBuilding CXX object CMakeFiles/unitree_go__rosidl_typesupport_c.dir/rosidl_typesupport_c/unitree_go/msg/height_map__type_support.cpp.o[0m
[1.089s] [ 31%] [32mBuilding CXX object CMakeFiles/unitree_go__rosidl_typesupport_c.dir/rosidl_typesupport_c/unitree_go/msg/imu_state__type_support.cpp.o[0m
[1.091s] [ 32%] [32mBuilding CXX object CMakeFiles/unitree_go__rosidl_typesupport_fastrtps_c.dir/rosidl_typesupport_fastrtps_c/unitree_go/msg/detail/error__type_support_c.cpp.o[0m
[1.091s] [ 32%] [32mBuilding CXX object CMakeFiles/unitree_go__rosidl_typesupport_cpp.dir/rosidl_typesupport_cpp/unitree_go/msg/low_cmd__type_support.cpp.o[0m
[1.097s] [ 32%] [32mBuilding CXX object CMakeFiles/unitree_go__rosidl_typesupport_fastrtps_c.dir/rosidl_typesupport_fastrtps_c/unitree_go/msg/detail/go2_front_video_data__type_support_c.cpp.o[0m
[1.107s] [ 33%] [32mBuilding C object CMakeFiles/unitree_go__rosidl_typesupport_introspection_c.dir/rosidl_typesupport_introspection_c/unitree_go/msg/detail/go2_front_video_data__type_support.c.o[0m
[1.109s] [ 34%] [32mBuilding CXX object CMakeFiles/unitree_go__rosidl_typesupport_fastrtps_cpp.dir/rosidl_typesupport_fastrtps_cpp/unitree_go/msg/detail/dds_fastrtps/motor_state__type_support.cpp.o[0m
[1.109s] [ 34%] [32mBuilding CXX object CMakeFiles/unitree_go__rosidl_typesupport_fastrtps_c.dir/rosidl_typesupport_fastrtps_c/unitree_go/msg/detail/height_map__type_support_c.cpp.o[0m
[1.118s] [ 34%] [32mBuilding CXX object CMakeFiles/unitree_go__rosidl_typesupport_c.dir/rosidl_typesupport_c/unitree_go/msg/interface_config__type_support.cpp.o[0m
[1.122s] [ 34%] [32mBuilding CXX object CMakeFiles/unitree_go__rosidl_typesupport_fastrtps_c.dir/rosidl_typesupport_fastrtps_c/unitree_go/msg/detail/imu_state__type_support_c.cpp.o[0m
[1.122s] [ 34%] [32mBuilding CXX object CMakeFiles/unitree_go__rosidl_typesupport_fastrtps_c.dir/rosidl_typesupport_fastrtps_c/unitree_go/msg/detail/interface_config__type_support_c.cpp.o[0m
[1.126s] [ 34%] [32mBuilding CXX object CMakeFiles/unitree_go__rosidl_typesupport_fastrtps_cpp.dir/rosidl_typesupport_fastrtps_cpp/unitree_go/msg/detail/dds_fastrtps/motor_states__type_support.cpp.o[0m
[1.133s] [ 35%] [32mBuilding CXX object CMakeFiles/unitree_go__rosidl_typesupport_cpp.dir/rosidl_typesupport_cpp/unitree_go/msg/low_state__type_support.cpp.o[0m
[1.141s] [ 36%] [32mBuilding CXX object CMakeFiles/unitree_go__rosidl_typesupport_c.dir/rosidl_typesupport_c/unitree_go/msg/lidar_state__type_support.cpp.o[0m
[1.144s] [ 37%] [32mBuilding C object CMakeFiles/unitree_go__rosidl_typesupport_introspection_c.dir/rosidl_typesupport_introspection_c/unitree_go/msg/detail/height_map__type_support.c.o[0m
[1.153s] [ 37%] [32mBuilding CXX object CMakeFiles/unitree_go__rosidl_typesupport_cpp.dir/rosidl_typesupport_cpp/unitree_go/msg/motor_cmd__type_support.cpp.o[0m
[1.167s] [ 37%] [32mBuilding CXX object CMakeFiles/unitree_go__rosidl_typesupport_c.dir/rosidl_typesupport_c/unitree_go/msg/low_cmd__type_support.cpp.o[0m
[1.178s] [ 37%] [32mBuilding C object CMakeFiles/unitree_go__rosidl_typesupport_introspection_c.dir/rosidl_typesupport_introspection_c/unitree_go/msg/detail/imu_state__type_support.c.o[0m
[1.187s] [ 38%] [32mBuilding CXX object CMakeFiles/unitree_go__rosidl_typesupport_fastrtps_c.dir/rosidl_typesupport_fastrtps_c/unitree_go/msg/detail/lidar_state__type_support_c.cpp.o[0m
[1.199s] [ 39%] [32mBuilding CXX object CMakeFiles/unitree_go__rosidl_typesupport_c.dir/rosidl_typesupport_c/unitree_go/msg/low_state__type_support.cpp.o[0m
[1.230s] [ 39%] [32mBuilding C object CMakeFiles/unitree_go__rosidl_typesupport_introspection_c.dir/rosidl_typesupport_introspection_c/unitree_go/msg/detail/interface_config__type_support.c.o[0m
[1.239s] [ 39%] [32mBuilding CXX object CMakeFiles/unitree_go__rosidl_typesupport_c.dir/rosidl_typesupport_c/unitree_go/msg/motor_cmd__type_support.cpp.o[0m
[1.265s] [ 40%] [32mBuilding CXX object CMakeFiles/unitree_go__rosidl_typesupport_fastrtps_cpp.dir/rosidl_typesupport_fastrtps_cpp/unitree_go/msg/detail/dds_fastrtps/path_point__type_support.cpp.o[0m
[1.271s] [ 42%] [32mBuilding C object CMakeFiles/unitree_go__rosidl_typesupport_introspection_c.dir/rosidl_typesupport_introspection_c/unitree_go/msg/detail/lidar_state__type_support.c.o[0m
[1.271s] [ 42%] [32mBuilding CXX object CMakeFiles/unitree_go__rosidl_typesupport_c.dir/rosidl_typesupport_c/unitree_go/msg/motor_cmds__type_support.cpp.o[0m
[1.304s] [ 42%] [32mBuilding C object CMakeFiles/unitree_go__rosidl_typesupport_introspection_c.dir/rosidl_typesupport_introspection_c/unitree_go/msg/detail/low_cmd__type_support.c.o[0m
[1.304s] [ 43%] [32mBuilding C object CMakeFiles/unitree_go__rosidl_typesupport_introspection_c.dir/rosidl_typesupport_introspection_c/unitree_go/msg/detail/low_state__type_support.c.o[0m
[1.307s] [ 43%] [32mBuilding CXX object CMakeFiles/unitree_go__rosidl_typesupport_c.dir/rosidl_typesupport_c/unitree_go/msg/motor_state__type_support.cpp.o[0m
[1.327s] [ 43%] [32mBuilding C object CMakeFiles/unitree_go__rosidl_typesupport_introspection_c.dir/rosidl_typesupport_introspection_c/unitree_go/msg/detail/motor_cmd__type_support.c.o[0m
[1.337s] [ 43%] [32mBuilding CXX object CMakeFiles/unitree_go__rosidl_typesupport_cpp.dir/rosidl_typesupport_cpp/unitree_go/msg/motor_cmds__type_support.cpp.o[0m
[1.338s] [ 43%] [32mBuilding CXX object CMakeFiles/unitree_go__rosidl_typesupport_c.dir/rosidl_typesupport_c/unitree_go/msg/motor_states__type_support.cpp.o[0m
[1.345s] [ 43%] [32mBuilding CXX object CMakeFiles/unitree_go__rosidl_typesupport_introspection_cpp.dir/rosidl_typesupport_introspection_cpp/unitree_go/msg/detail/low_cmd__type_support.cpp.o[0m
[1.345s] [ 43%] [32mBuilding CXX object CMakeFiles/unitree_go__rosidl_typesupport_fastrtps_cpp.dir/rosidl_typesupport_fastrtps_cpp/unitree_go/msg/detail/dds_fastrtps/req__type_support.cpp.o[0m
[1.345s] [ 44%] [32mBuilding C object CMakeFiles/unitree_go__rosidl_typesupport_introspection_c.dir/rosidl_typesupport_introspection_c/unitree_go/msg/detail/motor_cmds__type_support.c.o[0m
[1.354s] [ 45%] [32mBuilding CXX object CMakeFiles/unitree_go__rosidl_typesupport_introspection_cpp.dir/rosidl_typesupport_introspection_cpp/unitree_go/msg/detail/low_state__type_support.cpp.o[0m
[1.357s] [ 46%] [32mBuilding CXX object CMakeFiles/unitree_go__rosidl_typesupport_fastrtps_cpp.dir/rosidl_typesupport_fastrtps_cpp/unitree_go/msg/detail/dds_fastrtps/res__type_support.cpp.o[0m
[1.361s] [ 46%] [32mBuilding CXX object CMakeFiles/unitree_go__rosidl_typesupport_fastrtps_c.dir/rosidl_typesupport_fastrtps_c/unitree_go/msg/detail/low_cmd__type_support_c.cpp.o[0m
[1.364s] [ 47%] [32mBuilding CXX object CMakeFiles/unitree_go__rosidl_typesupport_cpp.dir/rosidl_typesupport_cpp/unitree_go/msg/motor_state__type_support.cpp.o[0m
[1.369s] [ 48%] [32mBuilding CXX object CMakeFiles/unitree_go__rosidl_typesupport_c.dir/rosidl_typesupport_c/unitree_go/msg/path_point__type_support.cpp.o[0m
[1.379s] [ 48%] [32mBuilding C object CMakeFiles/unitree_go__rosidl_typesupport_introspection_c.dir/rosidl_typesupport_introspection_c/unitree_go/msg/detail/motor_state__type_support.c.o[0m
[1.382s] [ 48%] [32mBuilding CXX object CMakeFiles/unitree_go__rosidl_typesupport_cpp.dir/rosidl_typesupport_cpp/unitree_go/msg/motor_states__type_support.cpp.o[0m
[1.388s] [ 48%] [32mBuilding CXX object CMakeFiles/unitree_go__rosidl_typesupport_c.dir/rosidl_typesupport_c/unitree_go/msg/req__type_support.cpp.o[0m
[1.389s] [ 49%] [32mBuilding CXX object CMakeFiles/unitree_go__rosidl_typesupport_c.dir/rosidl_typesupport_c/unitree_go/msg/res__type_support.cpp.o[0m
[1.392s] [ 49%] [32mBuilding CXX object CMakeFiles/unitree_go__rosidl_typesupport_fastrtps_cpp.dir/rosidl_typesupport_fastrtps_cpp/unitree_go/msg/detail/dds_fastrtps/sport_mode_cmd__type_support.cpp.o[0m
[1.392s] [ 49%] [32mBuilding CXX object CMakeFiles/unitree_go__rosidl_typesupport_c.dir/rosidl_typesupport_c/unitree_go/msg/sport_mode_cmd__type_support.cpp.o[0m
[1.392s] [ 50%] [32mBuilding CXX object CMakeFiles/unitree_go__rosidl_typesupport_fastrtps_c.dir/rosidl_typesupport_fastrtps_c/unitree_go/msg/detail/low_state__type_support_c.cpp.o[0m
[1.393s] [ 50%] [32mBuilding CXX object CMakeFiles/unitree_go__rosidl_typesupport_introspection_cpp.dir/rosidl_typesupport_introspection_cpp/unitree_go/msg/detail/motor_cmd__type_support.cpp.o[0m
[1.396s] [ 50%] [32mBuilding CXX object CMakeFiles/unitree_go__rosidl_typesupport_fastrtps_c.dir/rosidl_typesupport_fastrtps_c/unitree_go/msg/detail/motor_cmd__type_support_c.cpp.o[0m
[1.405s] [ 51%] [32mBuilding CXX object CMakeFiles/unitree_go__rosidl_typesupport_c.dir/rosidl_typesupport_c/unitree_go/msg/sport_mode_state__type_support.cpp.o[0m
[1.413s] [ 51%] [32mBuilding CXX object CMakeFiles/unitree_go__rosidl_typesupport_introspection_cpp.dir/rosidl_typesupport_introspection_cpp/unitree_go/msg/detail/motor_cmds__type_support.cpp.o[0m
[1.413s] [ 52%] [32mBuilding CXX object CMakeFiles/unitree_go__rosidl_typesupport_introspection_cpp.dir/rosidl_typesupport_introspection_cpp/unitree_go/msg/detail/motor_state__type_support.cpp.o[0m
[1.413s] [ 52%] [32mBuilding C object CMakeFiles/unitree_go__rosidl_typesupport_introspection_c.dir/rosidl_typesupport_introspection_c/unitree_go/msg/detail/motor_states__type_support.c.o[0m
[1.415s] [ 52%] [32mBuilding CXX object CMakeFiles/unitree_go__rosidl_typesupport_introspection_cpp.dir/rosidl_typesupport_introspection_cpp/unitree_go/msg/detail/motor_states__type_support.cpp.o[0m
[1.424s] [ 53%] [32mBuilding CXX object CMakeFiles/unitree_go__rosidl_typesupport_cpp.dir/rosidl_typesupport_cpp/unitree_go/msg/path_point__type_support.cpp.o[0m
[1.440s] [ 53%] [32mBuilding CXX object CMakeFiles/unitree_go__rosidl_typesupport_c.dir/rosidl_typesupport_c/unitree_go/msg/time_spec__type_support.cpp.o[0m
[1.449s] [ 54%] [32mBuilding C object CMakeFiles/unitree_go__rosidl_typesupport_introspection_c.dir/rosidl_typesupport_introspection_c/unitree_go/msg/detail/path_point__type_support.c.o[0m
[1.470s] [ 54%] [32mBuilding CXX object CMakeFiles/unitree_go__rosidl_typesupport_c.dir/rosidl_typesupport_c/unitree_go/msg/uwb_state__type_support.cpp.o[0m
[1.480s] [ 54%] [32mBuilding C object CMakeFiles/unitree_go__rosidl_typesupport_introspection_c.dir/rosidl_typesupport_introspection_c/unitree_go/msg/detail/req__type_support.c.o[0m
[1.482s] [ 54%] [32mBuilding CXX object CMakeFiles/unitree_go__rosidl_typesupport_cpp.dir/rosidl_typesupport_cpp/unitree_go/msg/req__type_support.cpp.o[0m
[1.490s] [ 55%] [32mBuilding CXX object CMakeFiles/unitree_go__rosidl_typesupport_cpp.dir/rosidl_typesupport_cpp/unitree_go/msg/res__type_support.cpp.o[0m
[1.499s] [ 56%] [32mBuilding CXX object CMakeFiles/unitree_go__rosidl_typesupport_c.dir/rosidl_typesupport_c/unitree_go/msg/uwb_switch__type_support.cpp.o[0m
[1.515s] [ 56%] [32mBuilding CXX object CMakeFiles/unitree_go__rosidl_typesupport_c.dir/rosidl_typesupport_c/unitree_go/msg/voxel_map_compressed__type_support.cpp.o[0m
[1.516s] [ 57%] [32mBuilding C object CMakeFiles/unitree_go__rosidl_typesupport_introspection_c.dir/rosidl_typesupport_introspection_c/unitree_go/msg/detail/res__type_support.c.o[0m
[1.521s] [ 58%] [32mBuilding CXX object CMakeFiles/unitree_go__rosidl_typesupport_c.dir/rosidl_typesupport_c/unitree_go/msg/voxel_height_map_state__type_support.cpp.o[0m
[1.528s] [ 59%] [32mBuilding CXX object CMakeFiles/unitree_go__rosidl_typesupport_fastrtps_c.dir/rosidl_typesupport_fastrtps_c/unitree_go/msg/detail/motor_cmds__type_support_c.cpp.o[0m
[1.547s] [ 59%] [32mBuilding CXX object CMakeFiles/unitree_go__rosidl_typesupport_cpp.dir/rosidl_typesupport_cpp/unitree_go/msg/sport_mode_cmd__type_support.cpp.o[0m
[1.556s] [ 59%] [32mBuilding C object CMakeFiles/unitree_go__rosidl_typesupport_introspection_c.dir/rosidl_typesupport_introspection_c/unitree_go/msg/detail/sport_mode_cmd__type_support.c.o[0m
[1.563s] [ 59%] [32mBuilding CXX object CMakeFiles/unitree_go__rosidl_typesupport_c.dir/rosidl_typesupport_c/unitree_go/msg/wireless_controller__type_support.cpp.o[0m
[1.590s] [ 60%] [32mBuilding CXX object CMakeFiles/unitree_go__rosidl_typesupport_introspection_cpp.dir/rosidl_typesupport_introspection_cpp/unitree_go/msg/detail/path_point__type_support.cpp.o[0m
[1.594s] [ 61%] [32m[1mLinking CXX shared library libunitree_go__rosidl_typesupport_c.so[0m
[1.599s] [ 61%] [32mBuilding CXX object CMakeFiles/unitree_go__rosidl_typesupport_fastrtps_cpp.dir/rosidl_typesupport_fastrtps_cpp/unitree_go/msg/detail/dds_fastrtps/sport_mode_state__type_support.cpp.o[0m
[1.603s] [ 62%] [32mBuilding CXX object CMakeFiles/unitree_go__rosidl_typesupport_introspection_cpp.dir/rosidl_typesupport_introspection_cpp/unitree_go/msg/detail/req__type_support.cpp.o[0m
[1.605s] [ 62%] [32mBuilding C object CMakeFiles/unitree_go__rosidl_typesupport_introspection_c.dir/rosidl_typesupport_introspection_c/unitree_go/msg/detail/sport_mode_state__type_support.c.o[0m
[1.649s] [ 62%] Built target unitree_go__rosidl_typesupport_c
[1.651s] [ 62%] [32mBuilding C object CMakeFiles/unitree_go__rosidl_typesupport_introspection_c.dir/rosidl_typesupport_introspection_c/unitree_go/msg/detail/time_spec__type_support.c.o[0m
[1.665s] [ 62%] [32mBuilding C object CMakeFiles/unitree_go__rosidl_typesupport_introspection_c.dir/rosidl_typesupport_introspection_c/unitree_go/msg/detail/uwb_state__type_support.c.o[0m
[1.665s] [ 63%] [32mBuilding CXX object CMakeFiles/unitree_go__rosidl_typesupport_introspection_cpp.dir/rosidl_typesupport_introspection_cpp/unitree_go/msg/detail/res__type_support.cpp.o[0m
[1.683s] [ 63%] [32mBuilding CXX object CMakeFiles/unitree_go__rosidl_typesupport_cpp.dir/rosidl_typesupport_cpp/unitree_go/msg/sport_mode_state__type_support.cpp.o[0m
[1.690s] [ 64%] [32mBuilding C object CMakeFiles/unitree_go__rosidl_typesupport_introspection_c.dir/rosidl_typesupport_introspection_c/unitree_go/msg/detail/uwb_switch__type_support.c.o[0m
[1.694s] [ 65%] [32mBuilding CXX object CMakeFiles/unitree_go__rosidl_typesupport_fastrtps_cpp.dir/rosidl_typesupport_fastrtps_cpp/unitree_go/msg/detail/dds_fastrtps/time_spec__type_support.cpp.o[0m
[1.703s] [ 65%] [32mBuilding CXX object CMakeFiles/unitree_go__rosidl_typesupport_introspection_cpp.dir/rosidl_typesupport_introspection_cpp/unitree_go/msg/detail/sport_mode_cmd__type_support.cpp.o[0m
[1.708s] [ 65%] [32mBuilding CXX object CMakeFiles/unitree_go__rosidl_typesupport_introspection_cpp.dir/rosidl_typesupport_introspection_cpp/unitree_go/msg/detail/sport_mode_state__type_support.cpp.o[0m
[1.725s] [ 65%] [32mBuilding CXX object CMakeFiles/unitree_go__rosidl_typesupport_fastrtps_c.dir/rosidl_typesupport_fastrtps_c/unitree_go/msg/detail/motor_state__type_support_c.cpp.o[0m
[1.725s] [ 65%] [32mBuilding CXX object CMakeFiles/unitree_go__rosidl_typesupport_fastrtps_cpp.dir/rosidl_typesupport_fastrtps_cpp/unitree_go/msg/detail/dds_fastrtps/uwb_state__type_support.cpp.o[0m
[1.731s] [ 66%] [32mBuilding CXX object CMakeFiles/unitree_go__rosidl_typesupport_cpp.dir/rosidl_typesupport_cpp/unitree_go/msg/time_spec__type_support.cpp.o[0m
[1.736s] [ 67%] [32mBuilding CXX object CMakeFiles/unitree_go__rosidl_typesupport_introspection_cpp.dir/rosidl_typesupport_introspection_cpp/unitree_go/msg/detail/time_spec__type_support.cpp.o[0m
[1.736s] [ 67%] [32mBuilding C object CMakeFiles/unitree_go__rosidl_typesupport_introspection_c.dir/rosidl_typesupport_introspection_c/unitree_go/msg/detail/voxel_map_compressed__type_support.c.o[0m
[1.766s] [ 68%] [32mBuilding C object CMakeFiles/unitree_go__rosidl_typesupport_introspection_c.dir/rosidl_typesupport_introspection_c/unitree_go/msg/detail/voxel_height_map_state__type_support.c.o[0m
[1.766s] [ 68%] [32mBuilding CXX object CMakeFiles/unitree_go__rosidl_typesupport_cpp.dir/rosidl_typesupport_cpp/unitree_go/msg/uwb_state__type_support.cpp.o[0m
[1.769s] [ 69%] [32mBuilding CXX object CMakeFiles/unitree_go__rosidl_typesupport_fastrtps_cpp.dir/rosidl_typesupport_fastrtps_cpp/unitree_go/msg/detail/dds_fastrtps/uwb_switch__type_support.cpp.o[0m
[1.796s] [ 69%] [32mBuilding CXX object CMakeFiles/unitree_go__rosidl_typesupport_fastrtps_cpp.dir/rosidl_typesupport_fastrtps_cpp/unitree_go/msg/detail/dds_fastrtps/voxel_map_compressed__type_support.cpp.o[0m
[1.806s] [ 69%] [32mBuilding CXX object CMakeFiles/unitree_go__rosidl_typesupport_introspection_cpp.dir/rosidl_typesupport_introspection_cpp/unitree_go/msg/detail/uwb_state__type_support.cpp.o[0m
[1.810s] [ 70%] [32mBuilding CXX object CMakeFiles/unitree_go__rosidl_typesupport_cpp.dir/rosidl_typesupport_cpp/unitree_go/msg/uwb_switch__type_support.cpp.o[0m
[1.813s] [ 70%] [32mBuilding C object CMakeFiles/unitree_go__rosidl_typesupport_introspection_c.dir/rosidl_typesupport_introspection_c/unitree_go/msg/detail/wireless_controller__type_support.c.o[0m
[1.817s] [ 70%] [32mBuilding CXX object CMakeFiles/unitree_go__rosidl_typesupport_cpp.dir/rosidl_typesupport_cpp/unitree_go/msg/voxel_map_compressed__type_support.cpp.o[0m
[1.837s] [ 70%] [32mBuilding CXX object CMakeFiles/unitree_go__rosidl_typesupport_fastrtps_c.dir/rosidl_typesupport_fastrtps_c/unitree_go/msg/detail/motor_states__type_support_c.cpp.o[0m
[1.851s] [ 72%] [32mBuilding CXX object CMakeFiles/unitree_go__rosidl_typesupport_fastrtps_cpp.dir/rosidl_typesupport_fastrtps_cpp/unitree_go/msg/detail/dds_fastrtps/voxel_height_map_state__type_support.cpp.o[0m
[1.851s] [ 72%] [32m[1mLinking C shared library libunitree_go__rosidl_typesupport_introspection_c.so[0m
[1.859s] [ 73%] [32mBuilding CXX object CMakeFiles/unitree_go__rosidl_typesupport_cpp.dir/rosidl_typesupport_cpp/unitree_go/msg/voxel_height_map_state__type_support.cpp.o[0m
[1.865s] [ 73%] [32mBuilding CXX object CMakeFiles/unitree_go__rosidl_typesupport_fastrtps_cpp.dir/rosidl_typesupport_fastrtps_cpp/unitree_go/msg/detail/dds_fastrtps/wireless_controller__type_support.cpp.o[0m
[1.867s] [ 74%] [32mBuilding CXX object CMakeFiles/unitree_go__rosidl_typesupport_fastrtps_c.dir/rosidl_typesupport_fastrtps_c/unitree_go/msg/detail/path_point__type_support_c.cpp.o[0m
[1.895s] [ 74%] Built target unitree_go__rosidl_typesupport_introspection_c
[1.905s] [ 74%] [32mBuilding CXX object CMakeFiles/unitree_go__rosidl_typesupport_fastrtps_c.dir/rosidl_typesupport_fastrtps_c/unitree_go/msg/detail/req__type_support_c.cpp.o[0m
[1.965s] [ 75%] [32mBuilding CXX object CMakeFiles/unitree_go__rosidl_typesupport_introspection_cpp.dir/rosidl_typesupport_introspection_cpp/unitree_go/msg/detail/uwb_switch__type_support.cpp.o[0m
[1.984s] [ 76%] [32mBuilding CXX object CMakeFiles/unitree_go__rosidl_typesupport_fastrtps_c.dir/rosidl_typesupport_fastrtps_c/unitree_go/msg/detail/res__type_support_c.cpp.o[0m
[1.991s] [ 76%] [32mBuilding CXX object CMakeFiles/unitree_go__rosidl_typesupport_fastrtps_c.dir/rosidl_typesupport_fastrtps_c/unitree_go/msg/detail/sport_mode_cmd__type_support_c.cpp.o[0m
[1.991s] [ 76%] [32mBuilding CXX object CMakeFiles/unitree_go__rosidl_typesupport_cpp.dir/rosidl_typesupport_cpp/unitree_go/msg/wireless_controller__type_support.cpp.o[0m
[2.025s] [ 77%] [32mBuilding CXX object CMakeFiles/unitree_go__rosidl_typesupport_fastrtps_c.dir/rosidl_typesupport_fastrtps_c/unitree_go/msg/detail/sport_mode_state__type_support_c.cpp.o[0m
[2.032s] [ 77%] [32mBuilding CXX object CMakeFiles/unitree_go__rosidl_typesupport_fastrtps_c.dir/rosidl_typesupport_fastrtps_c/unitree_go/msg/detail/time_spec__type_support_c.cpp.o[0m
[2.034s] [ 77%] [32mBuilding CXX object CMakeFiles/unitree_go__rosidl_typesupport_introspection_cpp.dir/rosidl_typesupport_introspection_cpp/unitree_go/msg/detail/voxel_map_compressed__type_support.cpp.o[0m
[2.034s] [ 78%] [32mBuilding CXX object CMakeFiles/unitree_go__rosidl_typesupport_introspection_cpp.dir/rosidl_typesupport_introspection_cpp/unitree_go/msg/detail/voxel_height_map_state__type_support.cpp.o[0m
[2.036s] [ 78%] [32mBuilding CXX object CMakeFiles/unitree_go__rosidl_typesupport_fastrtps_c.dir/rosidl_typesupport_fastrtps_c/unitree_go/msg/detail/uwb_state__type_support_c.cpp.o[0m
[2.048s] [ 79%] [32mBuilding CXX object CMakeFiles/unitree_go__rosidl_typesupport_introspection_cpp.dir/rosidl_typesupport_introspection_cpp/unitree_go/msg/detail/wireless_controller__type_support.cpp.o[0m
[2.048s] [ 79%] [32mBuilding CXX object CMakeFiles/unitree_go__rosidl_typesupport_fastrtps_c.dir/rosidl_typesupport_fastrtps_c/unitree_go/msg/detail/uwb_switch__type_support_c.cpp.o[0m
[2.078s] [ 79%] [32mBuilding CXX object CMakeFiles/unitree_go__rosidl_typesupport_fastrtps_c.dir/rosidl_typesupport_fastrtps_c/unitree_go/msg/detail/voxel_map_compressed__type_support_c.cpp.o[0m
[2.137s] [ 79%] [32mBuilding CXX object CMakeFiles/unitree_go__rosidl_typesupport_fastrtps_c.dir/rosidl_typesupport_fastrtps_c/unitree_go/msg/detail/wireless_controller__type_support_c.cpp.o[0m
[2.138s] [ 80%] [32mBuilding CXX object CMakeFiles/unitree_go__rosidl_typesupport_fastrtps_c.dir/rosidl_typesupport_fastrtps_c/unitree_go/msg/detail/voxel_height_map_state__type_support_c.cpp.o[0m
[2.245s] [ 81%] [32m[1mLinking CXX shared library libunitree_go__rosidl_typesupport_cpp.so[0m
[2.270s] [ 82%] Built target unitree_go__rosidl_typesupport_cpp
[2.272s] [ 83%] [32m[1mLinking CXX shared library libunitree_go__rosidl_typesupport_fastrtps_cpp.so[0m
[2.327s] [ 84%] Built target unitree_go__rosidl_typesupport_fastrtps_cpp
[2.347s] [ 85%] [32m[1mLinking CXX shared library libunitree_go__rosidl_typesupport_fastrtps_c.so[0m
[2.350s] [ 86%] [32m[1mLinking CXX shared library libunitree_go__rosidl_typesupport_introspection_cpp.so[0m
[2.389s] [ 86%] Built target unitree_go__rosidl_typesupport_fastrtps_c
[2.396s] [ 87%] Built target unitree_go__rosidl_typesupport_introspection_cpp
[2.400s] [35m[1mScanning dependencies of target unitree_go[0m
[2.404s] [ 87%] Built target unitree_go
[2.409s] [35m[1mScanning dependencies of target unitree_go__py[0m
[2.414s] [ 88%] Built target unitree_go__py
[2.419s] [35m[1mScanning dependencies of target unitree_go__rosidl_generator_py[0m
[2.470s] [ 88%] [32mBuilding C object CMakeFiles/unitree_go__rosidl_generator_py.dir/rosidl_generator_py/unitree_go/msg/_go2_front_video_data_s.c.o[0m
[2.470s] [ 89%] [32mBuilding C object CMakeFiles/unitree_go__rosidl_generator_py.dir/rosidl_generator_py/unitree_go/msg/_height_map_s.c.o[0m
[2.470s] [ 89%] [32mBuilding C object CMakeFiles/unitree_go__rosidl_generator_py.dir/rosidl_generator_py/unitree_go/msg/_bms_cmd_s.c.o[0m
[2.470s] [ 89%] [32mBuilding C object CMakeFiles/unitree_go__rosidl_generator_py.dir/rosidl_generator_py/unitree_go/msg/_low_cmd_s.c.o[0m
[2.470s] [ 89%] [32mBuilding C object CMakeFiles/unitree_go__rosidl_generator_py.dir/rosidl_generator_py/unitree_go/msg/_interface_config_s.c.o[0m
[2.470s] [ 89%] [32mBuilding C object CMakeFiles/unitree_go__rosidl_generator_py.dir/rosidl_generator_py/unitree_go/msg/_audio_data_s.c.o[0m
[2.470s] [ 89%] [32mBuilding C object CMakeFiles/unitree_go__rosidl_generator_py.dir/rosidl_generator_py/unitree_go/msg/_bms_state_s.c.o[0m
[2.470s] [ 89%] [32mBuilding C object CMakeFiles/unitree_go__rosidl_generator_py.dir/rosidl_generator_py/unitree_go/msg/_motor_cmd_s.c.o[0m
[2.470s] [ 90%] [32mBuilding C object CMakeFiles/unitree_go__rosidl_generator_py.dir/rosidl_generator_py/unitree_go/msg/_lidar_state_s.c.o[0m
[2.470s] [ 91%] [32mBuilding C object CMakeFiles/unitree_go__rosidl_generator_py.dir/rosidl_generator_py/unitree_go/msg/_error_s.c.o[0m
[2.471s] [ 92%] [32mBuilding C object CMakeFiles/unitree_go__rosidl_generator_py.dir/rosidl_generator_py/unitree_go/msg/_imu_state_s.c.o[0m
[2.471s] [ 93%] [32mBuilding C object CMakeFiles/unitree_go__rosidl_generator_py.dir/rosidl_generator_py/unitree_go/msg/_low_state_s.c.o[0m
[2.471s] [ 93%] [32mBuilding C object CMakeFiles/unitree_go__rosidl_generator_py.dir/rosidl_generator_py/unitree_go/msg/_motor_cmds_s.c.o[0m
[2.471s] [ 93%] [32mBuilding C object CMakeFiles/unitree_go__rosidl_generator_py.dir/rosidl_generator_py/unitree_go/msg/_motor_states_s.c.o[0m
[2.473s] [ 94%] [32mBuilding C object CMakeFiles/unitree_go__rosidl_generator_py.dir/rosidl_generator_py/unitree_go/msg/_motor_state_s.c.o[0m
[2.473s] [ 94%] [32mBuilding C object CMakeFiles/unitree_go__rosidl_generator_py.dir/rosidl_generator_py/unitree_go/msg/_req_s.c.o[0m
[2.473s] [ 95%] [32mBuilding C object CMakeFiles/unitree_go__rosidl_generator_py.dir/rosidl_generator_py/unitree_go/msg/_res_s.c.o[0m
[2.474s] [ 96%] [32mBuilding C object CMakeFiles/unitree_go__rosidl_generator_py.dir/rosidl_generator_py/unitree_go/msg/_path_point_s.c.o[0m
[2.474s] [ 96%] [32mBuilding C object CMakeFiles/unitree_go__rosidl_generator_py.dir/rosidl_generator_py/unitree_go/msg/_sport_mode_state_s.c.o[0m
[2.475s] [ 96%] [32mBuilding C object CMakeFiles/unitree_go__rosidl_generator_py.dir/rosidl_generator_py/unitree_go/msg/_sport_mode_cmd_s.c.o[0m
[2.475s] [ 97%] [32mBuilding C object CMakeFiles/unitree_go__rosidl_generator_py.dir/rosidl_generator_py/unitree_go/msg/_time_spec_s.c.o[0m
[2.479s] [ 97%] [32mBuilding C object CMakeFiles/unitree_go__rosidl_generator_py.dir/rosidl_generator_py/unitree_go/msg/_uwb_state_s.c.o[0m
[2.480s] [ 98%] [32mBuilding C object CMakeFiles/unitree_go__rosidl_generator_py.dir/rosidl_generator_py/unitree_go/msg/_uwb_switch_s.c.o[0m
[2.482s] [ 98%] [32mBuilding C object CMakeFiles/unitree_go__rosidl_generator_py.dir/rosidl_generator_py/unitree_go/msg/_voxel_map_compressed_s.c.o[0m
[2.566s] [ 98%] [32mBuilding C object CMakeFiles/unitree_go__rosidl_generator_py.dir/rosidl_generator_py/unitree_go/msg/_wireless_controller_s.c.o[0m
[2.566s] [ 99%] [32mBuilding C object CMakeFiles/unitree_go__rosidl_generator_py.dir/rosidl_generator_py/unitree_go/msg/_voxel_height_map_state_s.c.o[0m
[2.616s] [100%] [32m[1mLinking C shared library rosidl_generator_py/unitree_go/libunitree_go__rosidl_generator_py.so[0m
[2.640s] [100%] Built target unitree_go__rosidl_generator_py
[2.645s] [35m[1mScanning dependencies of target unitree_go__rosidl_typesupport_fastrtps_c__pyext[0m
[2.645s] [35m[1mScanning dependencies of target unitree_go__rosidl_typesupport_c__pyext[0m
[2.645s] [35m[1mScanning dependencies of target unitree_go__rosidl_typesupport_introspection_c__pyext[0m
[2.658s] [100%] [32mBuilding C object CMakeFiles/unitree_go__rosidl_typesupport_c__pyext.dir/rosidl_generator_py/unitree_go/_unitree_go_s.ep.rosidl_typesupport_c.c.o[0m
[2.658s] [100%] [32mBuilding C object CMakeFiles/unitree_go__rosidl_typesupport_introspection_c__pyext.dir/rosidl_generator_py/unitree_go/_unitree_go_s.ep.rosidl_typesupport_introspection_c.c.o[0m
[2.659s] [100%] [32mBuilding C object CMakeFiles/unitree_go__rosidl_typesupport_fastrtps_c__pyext.dir/rosidl_generator_py/unitree_go/_unitree_go_s.ep.rosidl_typesupport_fastrtps_c.c.o[0m
[2.735s] [100%] [32m[1mLinking C shared library rosidl_generator_py/unitree_go/unitree_go_s__rosidl_typesupport_c.cpython-310-x86_64-linux-gnu.so[0m
[2.736s] [100%] [32m[1mLinking C shared library rosidl_generator_py/unitree_go/unitree_go_s__rosidl_typesupport_fastrtps_c.cpython-310-x86_64-linux-gnu.so[0m
[2.736s] [100%] [32m[1mLinking C shared library rosidl_generator_py/unitree_go/unitree_go_s__rosidl_typesupport_introspection_c.cpython-310-x86_64-linux-gnu.so[0m
[2.752s] [100%] Built target unitree_go__rosidl_typesupport_c__pyext
[2.753s] [100%] Built target unitree_go__rosidl_typesupport_introspection_c__pyext
[2.756s] [100%] Built target unitree_go__rosidl_typesupport_fastrtps_c__pyext
[2.761s] Invoked command in '/home/jnu/go2_ws/build/unitree_go' returned '0': CMAKE_PREFIX_PATH=/opt/ros/humble CONDA_PROMPT_MODIFIER=(base) /home/jnu/anaconda3/bin/cmake --build /home/jnu/go2_ws/build/unitree_go -- -j24 -l24
[2.765s] Invoking command in '/home/jnu/go2_ws/build/unitree_go': CMAKE_PREFIX_PATH=/opt/ros/humble CONDA_PROMPT_MODIFIER=(base) /home/jnu/anaconda3/bin/cmake --install /home/jnu/go2_ws/build/unitree_go
[2.769s] -- Install configuration: ""
[2.769s] -- Execute custom install script
[2.769s] -- Up-to-date symlink: /home/jnu/go2_ws/install/unitree_go/share/ament_index/resource_index/rosidl_interfaces/unitree_go
[2.770s] -- Up-to-date symlink: /home/jnu/go2_ws/install/unitree_go/include/unitree_go/unitree_go/msg/audio_data.h
[2.770s] -- Up-to-date symlink: /home/jnu/go2_ws/install/unitree_go/include/unitree_go/unitree_go/msg/bms_cmd.h
[2.770s] -- Up-to-date symlink: /home/jnu/go2_ws/install/unitree_go/include/unitree_go/unitree_go/msg/bms_state.h
[2.771s] -- Up-to-date symlink: /home/jnu/go2_ws/install/unitree_go/include/unitree_go/unitree_go/msg/detail/audio_data__functions.h
[2.771s] -- Up-to-date symlink: /home/jnu/go2_ws/install/unitree_go/include/unitree_go/unitree_go/msg/detail/audio_data__struct.h
[2.771s] -- Up-to-date symlink: /home/jnu/go2_ws/install/unitree_go/include/unitree_go/unitree_go/msg/detail/audio_data__type_support.h
[2.771s] -- Up-to-date symlink: /home/jnu/go2_ws/install/unitree_go/include/unitree_go/unitree_go/msg/detail/bms_cmd__functions.h
[2.771s] -- Up-to-date symlink: /home/jnu/go2_ws/install/unitree_go/include/unitree_go/unitree_go/msg/detail/bms_cmd__struct.h
[2.771s] -- Up-to-date symlink: /home/jnu/go2_ws/install/unitree_go/include/unitree_go/unitree_go/msg/detail/bms_cmd__type_support.h
[2.771s] -- Up-to-date symlink: /home/jnu/go2_ws/install/unitree_go/include/unitree_go/unitree_go/msg/detail/bms_state__functions.h
[2.771s] -- Up-to-date symlink: /home/jnu/go2_ws/install/unitree_go/include/unitree_go/unitree_go/msg/detail/bms_state__struct.h
[2.771s] -- Up-to-date symlink: /home/jnu/go2_ws/install/unitree_go/include/unitree_go/unitree_go/msg/detail/bms_state__type_support.h
[2.771s] -- Up-to-date symlink: /home/jnu/go2_ws/install/unitree_go/include/unitree_go/unitree_go/msg/detail/error__functions.h
[2.771s] -- Up-to-date symlink: /home/jnu/go2_ws/install/unitree_go/include/unitree_go/unitree_go/msg/detail/error__struct.h
[2.771s] -- Up-to-date symlink: /home/jnu/go2_ws/install/unitree_go/include/unitree_go/unitree_go/msg/detail/error__type_support.h
[2.771s] -- Up-to-date symlink: /home/jnu/go2_ws/install/unitree_go/include/unitree_go/unitree_go/msg/detail/go2_front_video_data__functions.h
[2.772s] -- Up-to-date symlink: /home/jnu/go2_ws/install/unitree_go/include/unitree_go/unitree_go/msg/detail/go2_front_video_data__struct.h
[2.772s] -- Up-to-date symlink: /home/jnu/go2_ws/install/unitree_go/include/unitree_go/unitree_go/msg/detail/go2_front_video_data__type_support.h
[2.772s] -- Up-to-date symlink: /home/jnu/go2_ws/install/unitree_go/include/unitree_go/unitree_go/msg/detail/height_map__functions.h
[2.772s] -- Up-to-date symlink: /home/jnu/go2_ws/install/unitree_go/include/unitree_go/unitree_go/msg/detail/height_map__struct.h
[2.772s] -- Up-to-date symlink: /home/jnu/go2_ws/install/unitree_go/include/unitree_go/unitree_go/msg/detail/height_map__type_support.h
[2.772s] -- Up-to-date symlink: /home/jnu/go2_ws/install/unitree_go/include/unitree_go/unitree_go/msg/detail/imu_state__functions.h
[2.772s] -- Up-to-date symlink: /home/jnu/go2_ws/install/unitree_go/include/unitree_go/unitree_go/msg/detail/imu_state__struct.h
[2.772s] -- Up-to-date symlink: /home/jnu/go2_ws/install/unitree_go/include/unitree_go/unitree_go/msg/detail/imu_state__type_support.h
[2.772s] -- Up-to-date symlink: /home/jnu/go2_ws/install/unitree_go/include/unitree_go/unitree_go/msg/detail/interface_config__functions.h
[2.772s] -- Up-to-date symlink: /home/jnu/go2_ws/install/unitree_go/include/unitree_go/unitree_go/msg/detail/interface_config__struct.h
[2.772s] -- Up-to-date symlink: /home/jnu/go2_ws/install/unitree_go/include/unitree_go/unitree_go/msg/detail/interface_config__type_support.h
[2.772s] -- Up-to-date symlink: /home/jnu/go2_ws/install/unitree_go/include/unitree_go/unitree_go/msg/detail/lidar_state__functions.h
[2.772s] -- Up-to-date symlink: /home/jnu/go2_ws/install/unitree_go/include/unitree_go/unitree_go/msg/detail/lidar_state__struct.h
[2.772s] -- Up-to-date symlink: /home/jnu/go2_ws/install/unitree_go/include/unitree_go/unitree_go/msg/detail/lidar_state__type_support.h
[2.772s] -- Up-to-date symlink: /home/jnu/go2_ws/install/unitree_go/include/unitree_go/unitree_go/msg/detail/low_cmd__functions.h
[2.772s] -- Up-to-date symlink: /home/jnu/go2_ws/install/unitree_go/include/unitree_go/unitree_go/msg/detail/low_cmd__struct.h
[2.772s] -- Up-to-date symlink: /home/jnu/go2_ws/install/unitree_go/include/unitree_go/unitree_go/msg/detail/low_cmd__type_support.h
[2.772s] -- Up-to-date symlink: /home/jnu/go2_ws/install/unitree_go/include/unitree_go/unitree_go/msg/detail/low_state__functions.h
[2.772s] -- Up-to-date symlink: /home/jnu/go2_ws/install/unitree_go/include/unitree_go/unitree_go/msg/detail/low_state__struct.h
[2.772s] -- Up-to-date symlink: /home/jnu/go2_ws/install/unitree_go/include/unitree_go/unitree_go/msg/detail/low_state__type_support.h
[2.772s] -- Up-to-date symlink: /home/jnu/go2_ws/install/unitree_go/include/unitree_go/unitree_go/msg/detail/motor_cmd__functions.h
[2.772s] -- Up-to-date symlink: /home/jnu/go2_ws/install/unitree_go/include/unitree_go/unitree_go/msg/detail/motor_cmd__struct.h
[2.772s] -- Up-to-date symlink: /home/jnu/go2_ws/install/unitree_go/include/unitree_go/unitree_go/msg/detail/motor_cmd__type_support.h
[2.772s] -- Up-to-date symlink: /home/jnu/go2_ws/install/unitree_go/include/unitree_go/unitree_go/msg/detail/motor_cmds__functions.h
[2.772s] -- Up-to-date symlink: /home/jnu/go2_ws/install/unitree_go/include/unitree_go/unitree_go/msg/detail/motor_cmds__struct.h
[2.772s] -- Up-to-date symlink: /home/jnu/go2_ws/install/unitree_go/include/unitree_go/unitree_go/msg/detail/motor_cmds__type_support.h
[2.773s] -- Up-to-date symlink: /home/jnu/go2_ws/install/unitree_go/include/unitree_go/unitree_go/msg/detail/motor_state__functions.h
[2.773s] -- Up-to-date symlink: /home/jnu/go2_ws/install/unitree_go/include/unitree_go/unitree_go/msg/detail/motor_state__struct.h
[2.773s] -- Up-to-date symlink: /home/jnu/go2_ws/install/unitree_go/include/unitree_go/unitree_go/msg/detail/motor_state__type_support.h
[2.773s] -- Up-to-date symlink: /home/jnu/go2_ws/install/unitree_go/include/unitree_go/unitree_go/msg/detail/motor_states__functions.h
[2.773s] -- Up-to-date symlink: /home/jnu/go2_ws/install/unitree_go/include/unitree_go/unitree_go/msg/detail/motor_states__struct.h
[2.773s] -- Up-to-date symlink: /home/jnu/go2_ws/install/unitree_go/include/unitree_go/unitree_go/msg/detail/motor_states__type_support.h
[2.773s] -- Up-to-date symlink: /home/jnu/go2_ws/install/unitree_go/include/unitree_go/unitree_go/msg/detail/path_point__functions.h
[2.773s] -- Up-to-date symlink: /home/jnu/go2_ws/install/unitree_go/include/unitree_go/unitree_go/msg/detail/path_point__struct.h
[2.773s] -- Up-to-date symlink: /home/jnu/go2_ws/install/unitree_go/include/unitree_go/unitree_go/msg/detail/path_point__type_support.h
[2.773s] -- Up-to-date symlink: /home/jnu/go2_ws/install/unitree_go/include/unitree_go/unitree_go/msg/detail/req__functions.h
[2.773s] -- Up-to-date symlink: /home/jnu/go2_ws/install/unitree_go/include/unitree_go/unitree_go/msg/detail/req__struct.h
[2.773s] -- Up-to-date symlink: /home/jnu/go2_ws/install/unitree_go/include/unitree_go/unitree_go/msg/detail/req__type_support.h
[2.773s] -- Up-to-date symlink: /home/jnu/go2_ws/install/unitree_go/include/unitree_go/unitree_go/msg/detail/res__functions.h
[2.773s] -- Up-to-date symlink: /home/jnu/go2_ws/install/unitree_go/include/unitree_go/unitree_go/msg/detail/res__struct.h
[2.773s] -- Up-to-date symlink: /home/jnu/go2_ws/install/unitree_go/include/unitree_go/unitree_go/msg/detail/res__type_support.h
[2.773s] -- Up-to-date symlink: /home/jnu/go2_ws/install/unitree_go/include/unitree_go/unitree_go/msg/detail/sport_mode_cmd__functions.h
[2.773s] -- Up-to-date symlink: /home/jnu/go2_ws/install/unitree_go/include/unitree_go/unitree_go/msg/detail/sport_mode_cmd__struct.h
[2.773s] -- Up-to-date symlink: /home/jnu/go2_ws/install/unitree_go/include/unitree_go/unitree_go/msg/detail/sport_mode_cmd__type_support.h
[2.773s] -- Up-to-date symlink: /home/jnu/go2_ws/install/unitree_go/include/unitree_go/unitree_go/msg/detail/sport_mode_state__functions.h
[2.773s] -- Up-to-date symlink: /home/jnu/go2_ws/install/unitree_go/include/unitree_go/unitree_go/msg/detail/sport_mode_state__struct.h
[2.773s] -- Up-to-date symlink: /home/jnu/go2_ws/install/unitree_go/include/unitree_go/unitree_go/msg/detail/sport_mode_state__type_support.h
[2.773s] -- Up-to-date symlink: /home/jnu/go2_ws/install/unitree_go/include/unitree_go/unitree_go/msg/detail/time_spec__functions.h
[2.773s] -- Up-to-date symlink: /home/jnu/go2_ws/install/unitree_go/include/unitree_go/unitree_go/msg/detail/time_spec__struct.h
[2.773s] -- Up-to-date symlink: /home/jnu/go2_ws/install/unitree_go/include/unitree_go/unitree_go/msg/detail/time_spec__type_support.h
[2.773s] -- Up-to-date symlink: /home/jnu/go2_ws/install/unitree_go/include/unitree_go/unitree_go/msg/detail/uwb_state__functions.h
[2.774s] -- Up-to-date symlink: /home/jnu/go2_ws/install/unitree_go/include/unitree_go/unitree_go/msg/detail/uwb_state__struct.h
[2.774s] -- Up-to-date symlink: /home/jnu/go2_ws/install/unitree_go/include/unitree_go/unitree_go/msg/detail/uwb_state__type_support.h
[2.774s] -- Up-to-date symlink: /home/jnu/go2_ws/install/unitree_go/include/unitree_go/unitree_go/msg/detail/uwb_switch__functions.h
[2.774s] -- Up-to-date symlink: /home/jnu/go2_ws/install/unitree_go/include/unitree_go/unitree_go/msg/detail/uwb_switch__struct.h
[2.774s] -- Up-to-date symlink: /home/jnu/go2_ws/install/unitree_go/include/unitree_go/unitree_go/msg/detail/uwb_switch__type_support.h
[2.774s] -- Up-to-date symlink: /home/jnu/go2_ws/install/unitree_go/include/unitree_go/unitree_go/msg/detail/voxel_height_map_state__functions.h
[2.774s] -- Up-to-date symlink: /home/jnu/go2_ws/install/unitree_go/include/unitree_go/unitree_go/msg/detail/voxel_height_map_state__struct.h
[2.774s] -- Up-to-date symlink: /home/jnu/go2_ws/install/unitree_go/include/unitree_go/unitree_go/msg/detail/voxel_height_map_state__type_support.h
[2.774s] -- Up-to-date symlink: /home/jnu/go2_ws/install/unitree_go/include/unitree_go/unitree_go/msg/detail/voxel_map_compressed__functions.h
[2.774s] -- Up-to-date symlink: /home/jnu/go2_ws/install/unitree_go/include/unitree_go/unitree_go/msg/detail/voxel_map_compressed__struct.h
[2.774s] -- Up-to-date symlink: /home/jnu/go2_ws/install/unitree_go/include/unitree_go/unitree_go/msg/detail/voxel_map_compressed__type_support.h
[2.774s] -- Up-to-date symlink: /home/jnu/go2_ws/install/unitree_go/include/unitree_go/unitree_go/msg/detail/wireless_controller__functions.h
[2.775s] -- Up-to-date symlink: /home/jnu/go2_ws/install/unitree_go/include/unitree_go/unitree_go/msg/detail/wireless_controller__struct.h
[2.775s] -- Up-to-date symlink: /home/jnu/go2_ws/install/unitree_go/include/unitree_go/unitree_go/msg/detail/wireless_controller__type_support.h
[2.775s] -- Up-to-date symlink: /home/jnu/go2_ws/install/unitree_go/include/unitree_go/unitree_go/msg/error.h
[2.775s] -- Up-to-date symlink: /home/jnu/go2_ws/install/unitree_go/include/unitree_go/unitree_go/msg/go2_front_video_data.h
[2.775s] -- Up-to-date symlink: /home/jnu/go2_ws/install/unitree_go/include/unitree_go/unitree_go/msg/height_map.h
[2.775s] -- Up-to-date symlink: /home/jnu/go2_ws/install/unitree_go/include/unitree_go/unitree_go/msg/imu_state.h
[2.775s] -- Up-to-date symlink: /home/jnu/go2_ws/install/unitree_go/include/unitree_go/unitree_go/msg/interface_config.h
[2.775s] -- Up-to-date symlink: /home/jnu/go2_ws/install/unitree_go/include/unitree_go/unitree_go/msg/lidar_state.h
[2.775s] -- Up-to-date symlink: /home/jnu/go2_ws/install/unitree_go/include/unitree_go/unitree_go/msg/low_cmd.h
[2.776s] -- Up-to-date symlink: /home/jnu/go2_ws/install/unitree_go/include/unitree_go/unitree_go/msg/low_state.h
[2.776s] -- Up-to-date symlink: /home/jnu/go2_ws/install/unitree_go/include/unitree_go/unitree_go/msg/motor_cmd.h
[2.776s] -- Up-to-date symlink: /home/jnu/go2_ws/install/unitree_go/include/unitree_go/unitree_go/msg/motor_cmds.h
[2.776s] -- Up-to-date symlink: /home/jnu/go2_ws/install/unitree_go/include/unitree_go/unitree_go/msg/motor_state.h
[2.776s] -- Up-to-date symlink: /home/jnu/go2_ws/install/unitree_go/include/unitree_go/unitree_go/msg/motor_states.h
[2.776s] -- Up-to-date symlink: /home/jnu/go2_ws/install/unitree_go/include/unitree_go/unitree_go/msg/path_point.h
[2.776s] -- Up-to-date symlink: /home/jnu/go2_ws/install/unitree_go/include/unitree_go/unitree_go/msg/req.h
[2.776s] -- Up-to-date symlink: /home/jnu/go2_ws/install/unitree_go/include/unitree_go/unitree_go/msg/res.h
[2.776s] -- Up-to-date symlink: /home/jnu/go2_ws/install/unitree_go/include/unitree_go/unitree_go/msg/rosidl_generator_c__visibility_control.h
[2.776s] -- Up-to-date symlink: /home/jnu/go2_ws/install/unitree_go/include/unitree_go/unitree_go/msg/sport_mode_cmd.h
[2.776s] -- Up-to-date symlink: /home/jnu/go2_ws/install/unitree_go/include/unitree_go/unitree_go/msg/sport_mode_state.h
[2.776s] -- Up-to-date symlink: /home/jnu/go2_ws/install/unitree_go/include/unitree_go/unitree_go/msg/time_spec.h
[2.776s] -- Up-to-date symlink: /home/jnu/go2_ws/install/unitree_go/include/unitree_go/unitree_go/msg/uwb_state.h
[2.776s] -- Up-to-date symlink: /home/jnu/go2_ws/install/unitree_go/include/unitree_go/unitree_go/msg/uwb_switch.h
[2.777s] -- Up-to-date symlink: /home/jnu/go2_ws/install/unitree_go/include/unitree_go/unitree_go/msg/voxel_height_map_state.h
[2.777s] -- Up-to-date symlink: /home/jnu/go2_ws/install/unitree_go/include/unitree_go/unitree_go/msg/voxel_map_compressed.h
[2.777s] -- Up-to-date symlink: /home/jnu/go2_ws/install/unitree_go/include/unitree_go/unitree_go/msg/wireless_controller.h
[2.777s] -- Up-to-date symlink: /home/jnu/go2_ws/install/unitree_go/share/unitree_go/environment/library_path.sh
[2.777s] -- Up-to-date symlink: /home/jnu/go2_ws/install/unitree_go/share/unitree_go/environment/library_path.dsv
[2.777s] -- Up-to-date symlink: /home/jnu/go2_ws/install/unitree_go/include/unitree_go/unitree_go/msg/detail/audio_data__rosidl_typesupport_fastrtps_c.h
[2.777s] -- Up-to-date symlink: /home/jnu/go2_ws/install/unitree_go/include/unitree_go/unitree_go/msg/detail/bms_cmd__rosidl_typesupport_fastrtps_c.h
[2.777s] -- Up-to-date symlink: /home/jnu/go2_ws/install/unitree_go/include/unitree_go/unitree_go/msg/detail/bms_state__rosidl_typesupport_fastrtps_c.h
[2.777s] -- Up-to-date symlink: /home/jnu/go2_ws/install/unitree_go/include/unitree_go/unitree_go/msg/detail/error__rosidl_typesupport_fastrtps_c.h
[2.777s] -- Up-to-date symlink: /home/jnu/go2_ws/install/unitree_go/include/unitree_go/unitree_go/msg/detail/go2_front_video_data__rosidl_typesupport_fastrtps_c.h
[2.777s] -- Up-to-date symlink: /home/jnu/go2_ws/install/unitree_go/include/unitree_go/unitree_go/msg/detail/height_map__rosidl_typesupport_fastrtps_c.h
[2.777s] -- Up-to-date symlink: /home/jnu/go2_ws/install/unitree_go/include/unitree_go/unitree_go/msg/detail/imu_state__rosidl_typesupport_fastrtps_c.h
[2.777s] -- Up-to-date symlink: /home/jnu/go2_ws/install/unitree_go/include/unitree_go/unitree_go/msg/detail/interface_config__rosidl_typesupport_fastrtps_c.h
[2.778s] -- Up-to-date symlink: /home/jnu/go2_ws/install/unitree_go/include/unitree_go/unitree_go/msg/detail/lidar_state__rosidl_typesupport_fastrtps_c.h
[2.778s] -- Up-to-date symlink: /home/jnu/go2_ws/install/unitree_go/include/unitree_go/unitree_go/msg/detail/low_cmd__rosidl_typesupport_fastrtps_c.h
[2.778s] -- Up-to-date symlink: /home/jnu/go2_ws/install/unitree_go/include/unitree_go/unitree_go/msg/detail/low_state__rosidl_typesupport_fastrtps_c.h
[2.778s] -- Up-to-date symlink: /home/jnu/go2_ws/install/unitree_go/include/unitree_go/unitree_go/msg/detail/motor_cmd__rosidl_typesupport_fastrtps_c.h
[2.778s] -- Up-to-date symlink: /home/jnu/go2_ws/install/unitree_go/include/unitree_go/unitree_go/msg/detail/motor_cmds__rosidl_typesupport_fastrtps_c.h
[2.778s] -- Up-to-date symlink: /home/jnu/go2_ws/install/unitree_go/include/unitree_go/unitree_go/msg/detail/motor_state__rosidl_typesupport_fastrtps_c.h
[2.778s] -- Up-to-date symlink: /home/jnu/go2_ws/install/unitree_go/include/unitree_go/unitree_go/msg/detail/motor_states__rosidl_typesupport_fastrtps_c.h
[2.778s] -- Up-to-date symlink: /home/jnu/go2_ws/install/unitree_go/include/unitree_go/unitree_go/msg/detail/path_point__rosidl_typesupport_fastrtps_c.h
[2.778s] -- Up-to-date symlink: /home/jnu/go2_ws/install/unitree_go/include/unitree_go/unitree_go/msg/detail/req__rosidl_typesupport_fastrtps_c.h
[2.778s] -- Up-to-date symlink: /home/jnu/go2_ws/install/unitree_go/include/unitree_go/unitree_go/msg/detail/res__rosidl_typesupport_fastrtps_c.h
[2.778s] -- Up-to-date symlink: /home/jnu/go2_ws/install/unitree_go/include/unitree_go/unitree_go/msg/detail/sport_mode_cmd__rosidl_typesupport_fastrtps_c.h
[2.778s] -- Up-to-date symlink: /home/jnu/go2_ws/install/unitree_go/include/unitree_go/unitree_go/msg/detail/sport_mode_state__rosidl_typesupport_fastrtps_c.h
[2.778s] -- Up-to-date symlink: /home/jnu/go2_ws/install/unitree_go/include/unitree_go/unitree_go/msg/detail/time_spec__rosidl_typesupport_fastrtps_c.h
[2.778s] -- Up-to-date symlink: /home/jnu/go2_ws/install/unitree_go/include/unitree_go/unitree_go/msg/detail/uwb_state__rosidl_typesupport_fastrtps_c.h
[2.778s] -- Up-to-date symlink: /home/jnu/go2_ws/install/unitree_go/include/unitree_go/unitree_go/msg/detail/uwb_switch__rosidl_typesupport_fastrtps_c.h
[2.778s] -- Up-to-date symlink: /home/jnu/go2_ws/install/unitree_go/include/unitree_go/unitree_go/msg/detail/voxel_height_map_state__rosidl_typesupport_fastrtps_c.h
[2.778s] -- Up-to-date symlink: /home/jnu/go2_ws/install/unitree_go/include/unitree_go/unitree_go/msg/detail/voxel_map_compressed__rosidl_typesupport_fastrtps_c.h
[2.778s] -- Up-to-date symlink: /home/jnu/go2_ws/install/unitree_go/include/unitree_go/unitree_go/msg/detail/wireless_controller__rosidl_typesupport_fastrtps_c.h
[2.778s] -- Up-to-date symlink: /home/jnu/go2_ws/install/unitree_go/include/unitree_go/unitree_go/msg/rosidl_typesupport_fastrtps_c__visibility_control.h
[2.778s] -- Up-to-date symlink: /home/jnu/go2_ws/install/unitree_go/include/unitree_go/unitree_go/msg/detail/audio_data__rosidl_typesupport_introspection_c.h
[2.778s] -- Up-to-date symlink: /home/jnu/go2_ws/install/unitree_go/include/unitree_go/unitree_go/msg/detail/bms_cmd__rosidl_typesupport_introspection_c.h
[2.778s] -- Up-to-date symlink: /home/jnu/go2_ws/install/unitree_go/include/unitree_go/unitree_go/msg/detail/bms_state__rosidl_typesupport_introspection_c.h
[2.778s] -- Up-to-date symlink: /home/jnu/go2_ws/install/unitree_go/include/unitree_go/unitree_go/msg/detail/error__rosidl_typesupport_introspection_c.h
[2.778s] -- Up-to-date symlink: /home/jnu/go2_ws/install/unitree_go/include/unitree_go/unitree_go/msg/detail/go2_front_video_data__rosidl_typesupport_introspection_c.h
[2.778s] -- Up-to-date symlink: /home/jnu/go2_ws/install/unitree_go/include/unitree_go/unitree_go/msg/detail/height_map__rosidl_typesupport_introspection_c.h
[2.778s] -- Up-to-date symlink: /home/jnu/go2_ws/install/unitree_go/include/unitree_go/unitree_go/msg/detail/imu_state__rosidl_typesupport_introspection_c.h
[2.779s] -- Up-to-date symlink: /home/jnu/go2_ws/install/unitree_go/include/unitree_go/unitree_go/msg/detail/interface_config__rosidl_typesupport_introspection_c.h
[2.779s] -- Up-to-date symlink: /home/jnu/go2_ws/install/unitree_go/include/unitree_go/unitree_go/msg/detail/lidar_state__rosidl_typesupport_introspection_c.h
[2.779s] -- Up-to-date symlink: /home/jnu/go2_ws/install/unitree_go/include/unitree_go/unitree_go/msg/detail/low_cmd__rosidl_typesupport_introspection_c.h
[2.779s] -- Up-to-date symlink: /home/jnu/go2_ws/install/unitree_go/include/unitree_go/unitree_go/msg/detail/low_state__rosidl_typesupport_introspection_c.h
[2.779s] -- Up-to-date symlink: /home/jnu/go2_ws/install/unitree_go/include/unitree_go/unitree_go/msg/detail/motor_cmd__rosidl_typesupport_introspection_c.h
[2.779s] -- Up-to-date symlink: /home/jnu/go2_ws/install/unitree_go/include/unitree_go/unitree_go/msg/detail/motor_cmds__rosidl_typesupport_introspection_c.h
[2.779s] -- Up-to-date symlink: /home/jnu/go2_ws/install/unitree_go/include/unitree_go/unitree_go/msg/detail/motor_state__rosidl_typesupport_introspection_c.h
[2.779s] -- Up-to-date symlink: /home/jnu/go2_ws/install/unitree_go/include/unitree_go/unitree_go/msg/detail/motor_states__rosidl_typesupport_introspection_c.h
[2.779s] -- Up-to-date symlink: /home/jnu/go2_ws/install/unitree_go/include/unitree_go/unitree_go/msg/detail/path_point__rosidl_typesupport_introspection_c.h
[2.779s] -- Up-to-date symlink: /home/jnu/go2_ws/install/unitree_go/include/unitree_go/unitree_go/msg/detail/req__rosidl_typesupport_introspection_c.h
[2.779s] -- Up-to-date symlink: /home/jnu/go2_ws/install/unitree_go/include/unitree_go/unitree_go/msg/detail/res__rosidl_typesupport_introspection_c.h
[2.779s] -- Up-to-date symlink: /home/jnu/go2_ws/install/unitree_go/include/unitree_go/unitree_go/msg/detail/sport_mode_cmd__rosidl_typesupport_introspection_c.h
[2.779s] -- Up-to-date symlink: /home/jnu/go2_ws/install/unitree_go/include/unitree_go/unitree_go/msg/detail/sport_mode_state__rosidl_typesupport_introspection_c.h
[2.779s] -- Up-to-date symlink: /home/jnu/go2_ws/install/unitree_go/include/unitree_go/unitree_go/msg/detail/time_spec__rosidl_typesupport_introspection_c.h
[2.779s] -- Up-to-date symlink: /home/jnu/go2_ws/install/unitree_go/include/unitree_go/unitree_go/msg/detail/uwb_state__rosidl_typesupport_introspection_c.h
[2.779s] -- Up-to-date symlink: /home/jnu/go2_ws/install/unitree_go/include/unitree_go/unitree_go/msg/detail/uwb_switch__rosidl_typesupport_introspection_c.h
[2.779s] -- Up-to-date symlink: /home/jnu/go2_ws/install/unitree_go/include/unitree_go/unitree_go/msg/detail/voxel_height_map_state__rosidl_typesupport_introspection_c.h
[2.779s] -- Up-to-date symlink: /home/jnu/go2_ws/install/unitree_go/include/unitree_go/unitree_go/msg/detail/voxel_map_compressed__rosidl_typesupport_introspection_c.h
[2.779s] -- Up-to-date symlink: /home/jnu/go2_ws/install/unitree_go/include/unitree_go/unitree_go/msg/detail/wireless_controller__rosidl_typesupport_introspection_c.h
[2.779s] -- Up-to-date symlink: /home/jnu/go2_ws/install/unitree_go/include/unitree_go/unitree_go/msg/rosidl_typesupport_introspection_c__visibility_control.h
[2.780s] -- Up-to-date symlink: /home/jnu/go2_ws/install/unitree_go/include/unitree_go/unitree_go/msg/audio_data.hpp
[2.780s] -- Up-to-date symlink: /home/jnu/go2_ws/install/unitree_go/include/unitree_go/unitree_go/msg/bms_cmd.hpp
[2.780s] -- Up-to-date symlink: /home/jnu/go2_ws/install/unitree_go/include/unitree_go/unitree_go/msg/bms_state.hpp
[2.780s] -- Up-to-date symlink: /home/jnu/go2_ws/install/unitree_go/include/unitree_go/unitree_go/msg/detail/audio_data__builder.hpp
[2.780s] -- Up-to-date symlink: /home/jnu/go2_ws/install/unitree_go/include/unitree_go/unitree_go/msg/detail/audio_data__struct.hpp
[2.780s] -- Up-to-date symlink: /home/jnu/go2_ws/install/unitree_go/include/unitree_go/unitree_go/msg/detail/audio_data__traits.hpp
[2.780s] -- Up-to-date symlink: /home/jnu/go2_ws/install/unitree_go/include/unitree_go/unitree_go/msg/detail/audio_data__type_support.hpp
[2.780s] -- Up-to-date symlink: /home/jnu/go2_ws/install/unitree_go/include/unitree_go/unitree_go/msg/detail/bms_cmd__builder.hpp
[2.780s] -- Up-to-date symlink: /home/jnu/go2_ws/install/unitree_go/include/unitree_go/unitree_go/msg/detail/bms_cmd__struct.hpp
[2.780s] -- Up-to-date symlink: /home/jnu/go2_ws/install/unitree_go/include/unitree_go/unitree_go/msg/detail/bms_cmd__traits.hpp
[2.780s] -- Up-to-date symlink: /home/jnu/go2_ws/install/unitree_go/include/unitree_go/unitree_go/msg/detail/bms_cmd__type_support.hpp
[2.780s] -- Up-to-date symlink: /home/jnu/go2_ws/install/unitree_go/include/unitree_go/unitree_go/msg/detail/bms_state__builder.hpp
[2.780s] -- Up-to-date symlink: /home/jnu/go2_ws/install/unitree_go/include/unitree_go/unitree_go/msg/detail/bms_state__struct.hpp
[2.780s] -- Up-to-date symlink: /home/jnu/go2_ws/install/unitree_go/include/unitree_go/unitree_go/msg/detail/bms_state__traits.hpp
[2.780s] -- Up-to-date symlink: /home/jnu/go2_ws/install/unitree_go/include/unitree_go/unitree_go/msg/detail/bms_state__type_support.hpp
[2.780s] -- Up-to-date symlink: /home/jnu/go2_ws/install/unitree_go/include/unitree_go/unitree_go/msg/detail/error__builder.hpp
[2.780s] -- Up-to-date symlink: /home/jnu/go2_ws/install/unitree_go/include/unitree_go/unitree_go/msg/detail/error__struct.hpp
[2.780s] -- Up-to-date symlink: /home/jnu/go2_ws/install/unitree_go/include/unitree_go/unitree_go/msg/detail/error__traits.hpp
[2.780s] -- Up-to-date symlink: /home/jnu/go2_ws/install/unitree_go/include/unitree_go/unitree_go/msg/detail/error__type_support.hpp
[2.780s] -- Up-to-date symlink: /home/jnu/go2_ws/install/unitree_go/include/unitree_go/unitree_go/msg/detail/go2_front_video_data__builder.hpp
[2.780s] -- Up-to-date symlink: /home/jnu/go2_ws/install/unitree_go/include/unitree_go/unitree_go/msg/detail/go2_front_video_data__struct.hpp
[2.780s] -- Up-to-date symlink: /home/jnu/go2_ws/install/unitree_go/include/unitree_go/unitree_go/msg/detail/go2_front_video_data__traits.hpp
[2.781s] -- Up-to-date symlink: /home/jnu/go2_ws/install/unitree_go/include/unitree_go/unitree_go/msg/detail/go2_front_video_data__type_support.hpp
[2.781s] -- Up-to-date symlink: /home/jnu/go2_ws/install/unitree_go/include/unitree_go/unitree_go/msg/detail/height_map__builder.hpp
[2.781s] -- Up-to-date symlink: /home/jnu/go2_ws/install/unitree_go/include/unitree_go/unitree_go/msg/detail/height_map__struct.hpp
[2.781s] -- Up-to-date symlink: /home/jnu/go2_ws/install/unitree_go/include/unitree_go/unitree_go/msg/detail/height_map__traits.hpp
[2.781s] -- Up-to-date symlink: /home/jnu/go2_ws/install/unitree_go/include/unitree_go/unitree_go/msg/detail/height_map__type_support.hpp
[2.781s] -- Up-to-date symlink: /home/jnu/go2_ws/install/unitree_go/include/unitree_go/unitree_go/msg/detail/imu_state__builder.hpp
[2.781s] -- Up-to-date symlink: /home/jnu/go2_ws/install/unitree_go/include/unitree_go/unitree_go/msg/detail/imu_state__struct.hpp
[2.781s] -- Up-to-date symlink: /home/jnu/go2_ws/install/unitree_go/include/unitree_go/unitree_go/msg/detail/imu_state__traits.hpp
[2.781s] -- Up-to-date symlink: /home/jnu/go2_ws/install/unitree_go/include/unitree_go/unitree_go/msg/detail/imu_state__type_support.hpp
[2.781s] -- Up-to-date symlink: /home/jnu/go2_ws/install/unitree_go/include/unitree_go/unitree_go/msg/detail/interface_config__builder.hpp
[2.781s] -- Up-to-date symlink: /home/jnu/go2_ws/install/unitree_go/include/unitree_go/unitree_go/msg/detail/interface_config__struct.hpp
[2.781s] -- Up-to-date symlink: /home/jnu/go2_ws/install/unitree_go/include/unitree_go/unitree_go/msg/detail/interface_config__traits.hpp
[2.781s] -- Up-to-date symlink: /home/jnu/go2_ws/install/unitree_go/include/unitree_go/unitree_go/msg/detail/interface_config__type_support.hpp
[2.781s] -- Up-to-date symlink: /home/jnu/go2_ws/install/unitree_go/include/unitree_go/unitree_go/msg/detail/lidar_state__builder.hpp
[2.781s] -- Up-to-date symlink: /home/jnu/go2_ws/install/unitree_go/include/unitree_go/unitree_go/msg/detail/lidar_state__struct.hpp
[2.781s] -- Up-to-date symlink: /home/jnu/go2_ws/install/unitree_go/include/unitree_go/unitree_go/msg/detail/lidar_state__traits.hpp
[2.781s] -- Up-to-date symlink: /home/jnu/go2_ws/install/unitree_go/include/unitree_go/unitree_go/msg/detail/lidar_state__type_support.hpp
[2.781s] -- Up-to-date symlink: /home/jnu/go2_ws/install/unitree_go/include/unitree_go/unitree_go/msg/detail/low_cmd__builder.hpp
[2.781s] -- Up-to-date symlink: /home/jnu/go2_ws/install/unitree_go/include/unitree_go/unitree_go/msg/detail/low_cmd__struct.hpp
[2.781s] -- Up-to-date symlink: /home/jnu/go2_ws/install/unitree_go/include/unitree_go/unitree_go/msg/detail/low_cmd__traits.hpp
[2.781s] -- Up-to-date symlink: /home/jnu/go2_ws/install/unitree_go/include/unitree_go/unitree_go/msg/detail/low_cmd__type_support.hpp
[2.781s] -- Up-to-date symlink: /home/jnu/go2_ws/install/unitree_go/include/unitree_go/unitree_go/msg/detail/low_state__builder.hpp
[2.781s] -- Up-to-date symlink: /home/jnu/go2_ws/install/unitree_go/include/unitree_go/unitree_go/msg/detail/low_state__struct.hpp
[2.781s] -- Up-to-date symlink: /home/jnu/go2_ws/install/unitree_go/include/unitree_go/unitree_go/msg/detail/low_state__traits.hpp
[2.781s] -- Up-to-date symlink: /home/jnu/go2_ws/install/unitree_go/include/unitree_go/unitree_go/msg/detail/low_state__type_support.hpp
[2.781s] -- Up-to-date symlink: /home/jnu/go2_ws/install/unitree_go/include/unitree_go/unitree_go/msg/detail/motor_cmd__builder.hpp
[2.781s] -- Up-to-date symlink: /home/jnu/go2_ws/install/unitree_go/include/unitree_go/unitree_go/msg/detail/motor_cmd__struct.hpp
[2.781s] -- Up-to-date symlink: /home/jnu/go2_ws/install/unitree_go/include/unitree_go/unitree_go/msg/detail/motor_cmd__traits.hpp
[2.782s] -- Up-to-date symlink: /home/jnu/go2_ws/install/unitree_go/include/unitree_go/unitree_go/msg/detail/motor_cmd__type_support.hpp
[2.782s] -- Up-to-date symlink: /home/jnu/go2_ws/install/unitree_go/include/unitree_go/unitree_go/msg/detail/motor_cmds__builder.hpp
[2.782s] -- Up-to-date symlink: /home/jnu/go2_ws/install/unitree_go/include/unitree_go/unitree_go/msg/detail/motor_cmds__struct.hpp
[2.782s] -- Up-to-date symlink: /home/jnu/go2_ws/install/unitree_go/include/unitree_go/unitree_go/msg/detail/motor_cmds__traits.hpp
[2.782s] -- Up-to-date symlink: /home/jnu/go2_ws/install/unitree_go/include/unitree_go/unitree_go/msg/detail/motor_cmds__type_support.hpp
[2.782s] -- Up-to-date symlink: /home/jnu/go2_ws/install/unitree_go/include/unitree_go/unitree_go/msg/detail/motor_state__builder.hpp
[2.782s] -- Up-to-date symlink: /home/jnu/go2_ws/install/unitree_go/include/unitree_go/unitree_go/msg/detail/motor_state__struct.hpp
[2.782s] -- Up-to-date symlink: /home/jnu/go2_ws/install/unitree_go/include/unitree_go/unitree_go/msg/detail/motor_state__traits.hpp
[2.782s] -- Up-to-date symlink: /home/jnu/go2_ws/install/unitree_go/include/unitree_go/unitree_go/msg/detail/motor_state__type_support.hpp
[2.782s] -- Up-to-date symlink: /home/jnu/go2_ws/install/unitree_go/include/unitree_go/unitree_go/msg/detail/motor_states__builder.hpp
[2.782s] -- Up-to-date symlink: /home/jnu/go2_ws/install/unitree_go/include/unitree_go/unitree_go/msg/detail/motor_states__struct.hpp
[2.782s] -- Up-to-date symlink: /home/jnu/go2_ws/install/unitree_go/include/unitree_go/unitree_go/msg/detail/motor_states__traits.hpp
[2.782s] -- Up-to-date symlink: /home/jnu/go2_ws/install/unitree_go/include/unitree_go/unitree_go/msg/detail/motor_states__type_support.hpp
[2.782s] -- Up-to-date symlink: /home/jnu/go2_ws/install/unitree_go/include/unitree_go/unitree_go/msg/detail/path_point__builder.hpp
[2.782s] -- Up-to-date symlink: /home/jnu/go2_ws/install/unitree_go/include/unitree_go/unitree_go/msg/detail/path_point__struct.hpp
[2.782s] -- Up-to-date symlink: /home/jnu/go2_ws/install/unitree_go/include/unitree_go/unitree_go/msg/detail/path_point__traits.hpp
[2.782s] -- Up-to-date symlink: /home/jnu/go2_ws/install/unitree_go/include/unitree_go/unitree_go/msg/detail/path_point__type_support.hpp
[2.783s] -- Up-to-date symlink: /home/jnu/go2_ws/install/unitree_go/include/unitree_go/unitree_go/msg/detail/req__builder.hpp
[2.783s] -- Up-to-date symlink: /home/jnu/go2_ws/install/unitree_go/include/unitree_go/unitree_go/msg/detail/req__struct.hpp
[2.783s] -- Up-to-date symlink: /home/jnu/go2_ws/install/unitree_go/include/unitree_go/unitree_go/msg/detail/req__traits.hpp
[2.783s] -- Up-to-date symlink: /home/jnu/go2_ws/install/unitree_go/include/unitree_go/unitree_go/msg/detail/req__type_support.hpp
[2.783s] -- Up-to-date symlink: /home/jnu/go2_ws/install/unitree_go/include/unitree_go/unitree_go/msg/detail/res__builder.hpp
[2.783s] -- Up-to-date symlink: /home/jnu/go2_ws/install/unitree_go/include/unitree_go/unitree_go/msg/detail/res__struct.hpp
[2.783s] -- Up-to-date symlink: /home/jnu/go2_ws/install/unitree_go/include/unitree_go/unitree_go/msg/detail/res__traits.hpp
[2.783s] -- Up-to-date symlink: /home/jnu/go2_ws/install/unitree_go/include/unitree_go/unitree_go/msg/detail/res__type_support.hpp
[2.783s] -- Up-to-date symlink: /home/jnu/go2_ws/install/unitree_go/include/unitree_go/unitree_go/msg/detail/sport_mode_cmd__builder.hpp
[2.783s] -- Up-to-date symlink: /home/jnu/go2_ws/install/unitree_go/include/unitree_go/unitree_go/msg/detail/sport_mode_cmd__struct.hpp
[2.783s] -- Up-to-date symlink: /home/jnu/go2_ws/install/unitree_go/include/unitree_go/unitree_go/msg/detail/sport_mode_cmd__traits.hpp
[2.783s] -- Up-to-date symlink: /home/jnu/go2_ws/install/unitree_go/include/unitree_go/unitree_go/msg/detail/sport_mode_cmd__type_support.hpp
[2.783s] -- Up-to-date symlink: /home/jnu/go2_ws/install/unitree_go/include/unitree_go/unitree_go/msg/detail/sport_mode_state__builder.hpp
[2.783s] -- Up-to-date symlink: /home/jnu/go2_ws/install/unitree_go/include/unitree_go/unitree_go/msg/detail/sport_mode_state__struct.hpp
[2.783s] -- Up-to-date symlink: /home/jnu/go2_ws/install/unitree_go/include/unitree_go/unitree_go/msg/detail/sport_mode_state__traits.hpp
[2.783s] -- Up-to-date symlink: /home/jnu/go2_ws/install/unitree_go/include/unitree_go/unitree_go/msg/detail/sport_mode_state__type_support.hpp
[2.784s] -- Up-to-date symlink: /home/jnu/go2_ws/install/unitree_go/include/unitree_go/unitree_go/msg/detail/time_spec__builder.hpp
[2.784s] -- Up-to-date symlink: /home/jnu/go2_ws/install/unitree_go/include/unitree_go/unitree_go/msg/detail/time_spec__struct.hpp
[2.784s] -- Up-to-date symlink: /home/jnu/go2_ws/install/unitree_go/include/unitree_go/unitree_go/msg/detail/time_spec__traits.hpp
[2.784s] -- Up-to-date symlink: /home/jnu/go2_ws/install/unitree_go/include/unitree_go/unitree_go/msg/detail/time_spec__type_support.hpp
[2.784s] -- Up-to-date symlink: /home/jnu/go2_ws/install/unitree_go/include/unitree_go/unitree_go/msg/detail/uwb_state__builder.hpp
[2.784s] -- Up-to-date symlink: /home/jnu/go2_ws/install/unitree_go/include/unitree_go/unitree_go/msg/detail/uwb_state__struct.hpp
[2.784s] -- Up-to-date symlink: /home/jnu/go2_ws/install/unitree_go/include/unitree_go/unitree_go/msg/detail/uwb_state__traits.hpp
[2.784s] -- Up-to-date symlink: /home/jnu/go2_ws/install/unitree_go/include/unitree_go/unitree_go/msg/detail/uwb_state__type_support.hpp
[2.784s] -- Up-to-date symlink: /home/jnu/go2_ws/install/unitree_go/include/unitree_go/unitree_go/msg/detail/uwb_switch__builder.hpp
[2.784s] -- Up-to-date symlink: /home/jnu/go2_ws/install/unitree_go/include/unitree_go/unitree_go/msg/detail/uwb_switch__struct.hpp
[2.784s] -- Up-to-date symlink: /home/jnu/go2_ws/install/unitree_go/include/unitree_go/unitree_go/msg/detail/uwb_switch__traits.hpp
[2.784s] -- Up-to-date symlink: /home/jnu/go2_ws/install/unitree_go/include/unitree_go/unitree_go/msg/detail/uwb_switch__type_support.hpp
[2.784s] -- Up-to-date symlink: /home/jnu/go2_ws/install/unitree_go/include/unitree_go/unitree_go/msg/detail/voxel_height_map_state__builder.hpp
[2.784s] -- Up-to-date symlink: /home/jnu/go2_ws/install/unitree_go/include/unitree_go/unitree_go/msg/detail/voxel_height_map_state__struct.hpp
[2.784s] -- Up-to-date symlink: /home/jnu/go2_ws/install/unitree_go/include/unitree_go/unitree_go/msg/detail/voxel_height_map_state__traits.hpp
[2.784s] -- Up-to-date symlink: /home/jnu/go2_ws/install/unitree_go/include/unitree_go/unitree_go/msg/detail/voxel_height_map_state__type_support.hpp
[2.784s] -- Up-to-date symlink: /home/jnu/go2_ws/install/unitree_go/include/unitree_go/unitree_go/msg/detail/voxel_map_compressed__builder.hpp
[2.784s] -- Up-to-date symlink: /home/jnu/go2_ws/install/unitree_go/include/unitree_go/unitree_go/msg/detail/voxel_map_compressed__struct.hpp
[2.785s] -- Up-to-date symlink: /home/jnu/go2_ws/install/unitree_go/include/unitree_go/unitree_go/msg/detail/voxel_map_compressed__traits.hpp
[2.785s] -- Up-to-date symlink: /home/jnu/go2_ws/install/unitree_go/include/unitree_go/unitree_go/msg/detail/voxel_map_compressed__type_support.hpp
[2.785s] -- Up-to-date symlink: /home/jnu/go2_ws/install/unitree_go/include/unitree_go/unitree_go/msg/detail/wireless_controller__builder.hpp
[2.785s] -- Up-to-date symlink: /home/jnu/go2_ws/install/unitree_go/include/unitree_go/unitree_go/msg/detail/wireless_controller__struct.hpp
[2.785s] -- Up-to-date symlink: /home/jnu/go2_ws/install/unitree_go/include/unitree_go/unitree_go/msg/detail/wireless_controller__traits.hpp
[2.785s] -- Up-to-date symlink: /home/jnu/go2_ws/install/unitree_go/include/unitree_go/unitree_go/msg/detail/wireless_controller__type_support.hpp
[2.785s] -- Up-to-date symlink: /home/jnu/go2_ws/install/unitree_go/include/unitree_go/unitree_go/msg/error.hpp
[2.785s] -- Up-to-date symlink: /home/jnu/go2_ws/install/unitree_go/include/unitree_go/unitree_go/msg/go2_front_video_data.hpp
[2.785s] -- Up-to-date symlink: /home/jnu/go2_ws/install/unitree_go/include/unitree_go/unitree_go/msg/height_map.hpp
[2.785s] -- Up-to-date symlink: /home/jnu/go2_ws/install/unitree_go/include/unitree_go/unitree_go/msg/imu_state.hpp
[2.785s] -- Up-to-date symlink: /home/jnu/go2_ws/install/unitree_go/include/unitree_go/unitree_go/msg/interface_config.hpp
[2.785s] -- Up-to-date symlink: /home/jnu/go2_ws/install/unitree_go/include/unitree_go/unitree_go/msg/lidar_state.hpp
[2.785s] -- Up-to-date symlink: /home/jnu/go2_ws/install/unitree_go/include/unitree_go/unitree_go/msg/low_cmd.hpp
[2.785s] -- Up-to-date symlink: /home/jnu/go2_ws/install/unitree_go/include/unitree_go/unitree_go/msg/low_state.hpp
[2.785s] -- Up-to-date symlink: /home/jnu/go2_ws/install/unitree_go/include/unitree_go/unitree_go/msg/motor_cmd.hpp
[2.785s] -- Up-to-date symlink: /home/jnu/go2_ws/install/unitree_go/include/unitree_go/unitree_go/msg/motor_cmds.hpp
[2.785s] -- Up-to-date symlink: /home/jnu/go2_ws/install/unitree_go/include/unitree_go/unitree_go/msg/motor_state.hpp
[2.785s] -- Up-to-date symlink: /home/jnu/go2_ws/install/unitree_go/include/unitree_go/unitree_go/msg/motor_states.hpp
[2.785s] -- Up-to-date symlink: /home/jnu/go2_ws/install/unitree_go/include/unitree_go/unitree_go/msg/path_point.hpp
[2.785s] -- Up-to-date symlink: /home/jnu/go2_ws/install/unitree_go/include/unitree_go/unitree_go/msg/req.hpp
[2.785s] -- Up-to-date symlink: /home/jnu/go2_ws/install/unitree_go/include/unitree_go/unitree_go/msg/res.hpp
[2.785s] -- Up-to-date symlink: /home/jnu/go2_ws/install/unitree_go/include/unitree_go/unitree_go/msg/rosidl_generator_cpp__visibility_control.hpp
[2.785s] -- Up-to-date symlink: /home/jnu/go2_ws/install/unitree_go/include/unitree_go/unitree_go/msg/sport_mode_cmd.hpp
[2.785s] -- Up-to-date symlink: /home/jnu/go2_ws/install/unitree_go/include/unitree_go/unitree_go/msg/sport_mode_state.hpp
[2.785s] -- Up-to-date symlink: /home/jnu/go2_ws/install/unitree_go/include/unitree_go/unitree_go/msg/time_spec.hpp
[2.785s] -- Up-to-date symlink: /home/jnu/go2_ws/install/unitree_go/include/unitree_go/unitree_go/msg/uwb_state.hpp
[2.786s] -- Up-to-date symlink: /home/jnu/go2_ws/install/unitree_go/include/unitree_go/unitree_go/msg/uwb_switch.hpp
[2.786s] -- Up-to-date symlink: /home/jnu/go2_ws/install/unitree_go/include/unitree_go/unitree_go/msg/voxel_height_map_state.hpp
[2.786s] -- Up-to-date symlink: /home/jnu/go2_ws/install/unitree_go/include/unitree_go/unitree_go/msg/voxel_map_compressed.hpp
[2.786s] -- Up-to-date symlink: /home/jnu/go2_ws/install/unitree_go/include/unitree_go/unitree_go/msg/wireless_controller.hpp
[2.786s] -- Up-to-date symlink: /home/jnu/go2_ws/install/unitree_go/include/unitree_go/unitree_go/msg/detail/audio_data__rosidl_typesupport_fastrtps_cpp.hpp
[2.786s] -- Up-to-date symlink: /home/jnu/go2_ws/install/unitree_go/include/unitree_go/unitree_go/msg/detail/bms_cmd__rosidl_typesupport_fastrtps_cpp.hpp
[2.786s] -- Up-to-date symlink: /home/jnu/go2_ws/install/unitree_go/include/unitree_go/unitree_go/msg/detail/bms_state__rosidl_typesupport_fastrtps_cpp.hpp
[2.786s] -- Up-to-date symlink: /home/jnu/go2_ws/install/unitree_go/include/unitree_go/unitree_go/msg/detail/error__rosidl_typesupport_fastrtps_cpp.hpp
[2.786s] -- Up-to-date symlink: /home/jnu/go2_ws/install/unitree_go/include/unitree_go/unitree_go/msg/detail/go2_front_video_data__rosidl_typesupport_fastrtps_cpp.hpp
[2.786s] -- Up-to-date symlink: /home/jnu/go2_ws/install/unitree_go/include/unitree_go/unitree_go/msg/detail/height_map__rosidl_typesupport_fastrtps_cpp.hpp
[2.786s] -- Up-to-date symlink: /home/jnu/go2_ws/install/unitree_go/include/unitree_go/unitree_go/msg/detail/imu_state__rosidl_typesupport_fastrtps_cpp.hpp
[2.786s] -- Up-to-date symlink: /home/jnu/go2_ws/install/unitree_go/include/unitree_go/unitree_go/msg/detail/interface_config__rosidl_typesupport_fastrtps_cpp.hpp
[2.786s] -- Up-to-date symlink: /home/jnu/go2_ws/install/unitree_go/include/unitree_go/unitree_go/msg/detail/lidar_state__rosidl_typesupport_fastrtps_cpp.hpp
[2.786s] -- Up-to-date symlink: /home/jnu/go2_ws/install/unitree_go/include/unitree_go/unitree_go/msg/detail/low_cmd__rosidl_typesupport_fastrtps_cpp.hpp
[2.786s] -- Up-to-date symlink: /home/jnu/go2_ws/install/unitree_go/include/unitree_go/unitree_go/msg/detail/low_state__rosidl_typesupport_fastrtps_cpp.hpp
[2.786s] -- Up-to-date symlink: /home/jnu/go2_ws/install/unitree_go/include/unitree_go/unitree_go/msg/detail/motor_cmd__rosidl_typesupport_fastrtps_cpp.hpp
[2.787s] -- Up-to-date symlink: /home/jnu/go2_ws/install/unitree_go/include/unitree_go/unitree_go/msg/detail/motor_cmds__rosidl_typesupport_fastrtps_cpp.hpp
[2.787s] -- Up-to-date symlink: /home/jnu/go2_ws/install/unitree_go/include/unitree_go/unitree_go/msg/detail/motor_state__rosidl_typesupport_fastrtps_cpp.hpp
[2.787s] -- Up-to-date symlink: /home/jnu/go2_ws/install/unitree_go/include/unitree_go/unitree_go/msg/detail/motor_states__rosidl_typesupport_fastrtps_cpp.hpp
[2.787s] -- Up-to-date symlink: /home/jnu/go2_ws/install/unitree_go/include/unitree_go/unitree_go/msg/detail/path_point__rosidl_typesupport_fastrtps_cpp.hpp
[2.787s] -- Up-to-date symlink: /home/jnu/go2_ws/install/unitree_go/include/unitree_go/unitree_go/msg/detail/req__rosidl_typesupport_fastrtps_cpp.hpp
[2.787s] -- Up-to-date symlink: /home/jnu/go2_ws/install/unitree_go/include/unitree_go/unitree_go/msg/detail/res__rosidl_typesupport_fastrtps_cpp.hpp
[2.787s] -- Up-to-date symlink: /home/jnu/go2_ws/install/unitree_go/include/unitree_go/unitree_go/msg/detail/sport_mode_cmd__rosidl_typesupport_fastrtps_cpp.hpp
[2.787s] -- Up-to-date symlink: /home/jnu/go2_ws/install/unitree_go/include/unitree_go/unitree_go/msg/detail/sport_mode_state__rosidl_typesupport_fastrtps_cpp.hpp
[2.787s] -- Up-to-date symlink: /home/jnu/go2_ws/install/unitree_go/include/unitree_go/unitree_go/msg/detail/time_spec__rosidl_typesupport_fastrtps_cpp.hpp
[2.787s] -- Up-to-date symlink: /home/jnu/go2_ws/install/unitree_go/include/unitree_go/unitree_go/msg/detail/uwb_state__rosidl_typesupport_fastrtps_cpp.hpp
[2.787s] -- Up-to-date symlink: /home/jnu/go2_ws/install/unitree_go/include/unitree_go/unitree_go/msg/detail/uwb_switch__rosidl_typesupport_fastrtps_cpp.hpp
[2.787s] -- Up-to-date symlink: /home/jnu/go2_ws/install/unitree_go/include/unitree_go/unitree_go/msg/detail/voxel_height_map_state__rosidl_typesupport_fastrtps_cpp.hpp
[2.787s] -- Up-to-date symlink: /home/jnu/go2_ws/install/unitree_go/include/unitree_go/unitree_go/msg/detail/voxel_map_compressed__rosidl_typesupport_fastrtps_cpp.hpp
[2.787s] -- Up-to-date symlink: /home/jnu/go2_ws/install/unitree_go/include/unitree_go/unitree_go/msg/detail/wireless_controller__rosidl_typesupport_fastrtps_cpp.hpp
[2.787s] -- Up-to-date symlink: /home/jnu/go2_ws/install/unitree_go/include/unitree_go/unitree_go/msg/rosidl_typesupport_fastrtps_cpp__visibility_control.h
[2.787s] -- Up-to-date symlink: /home/jnu/go2_ws/install/unitree_go/include/unitree_go/unitree_go/msg/detail/audio_data__rosidl_typesupport_introspection_cpp.hpp
[2.787s] -- Up-to-date symlink: /home/jnu/go2_ws/install/unitree_go/include/unitree_go/unitree_go/msg/detail/bms_cmd__rosidl_typesupport_introspection_cpp.hpp
[2.787s] -- Up-to-date symlink: /home/jnu/go2_ws/install/unitree_go/include/unitree_go/unitree_go/msg/detail/bms_state__rosidl_typesupport_introspection_cpp.hpp
[2.787s] -- Up-to-date symlink: /home/jnu/go2_ws/install/unitree_go/include/unitree_go/unitree_go/msg/detail/error__rosidl_typesupport_introspection_cpp.hpp
[2.787s] -- Up-to-date symlink: /home/jnu/go2_ws/install/unitree_go/include/unitree_go/unitree_go/msg/detail/go2_front_video_data__rosidl_typesupport_introspection_cpp.hpp
[2.787s] -- Up-to-date symlink: /home/jnu/go2_ws/install/unitree_go/include/unitree_go/unitree_go/msg/detail/height_map__rosidl_typesupport_introspection_cpp.hpp
[2.787s] -- Up-to-date symlink: /home/jnu/go2_ws/install/unitree_go/include/unitree_go/unitree_go/msg/detail/imu_state__rosidl_typesupport_introspection_cpp.hpp
[2.788s] -- Up-to-date symlink: /home/jnu/go2_ws/install/unitree_go/include/unitree_go/unitree_go/msg/detail/interface_config__rosidl_typesupport_introspection_cpp.hpp
[2.788s] -- Up-to-date symlink: /home/jnu/go2_ws/install/unitree_go/include/unitree_go/unitree_go/msg/detail/lidar_state__rosidl_typesupport_introspection_cpp.hpp
[2.788s] -- Up-to-date symlink: /home/jnu/go2_ws/install/unitree_go/include/unitree_go/unitree_go/msg/detail/low_cmd__rosidl_typesupport_introspection_cpp.hpp
[2.788s] -- Up-to-date symlink: /home/jnu/go2_ws/install/unitree_go/include/unitree_go/unitree_go/msg/detail/low_state__rosidl_typesupport_introspection_cpp.hpp
[2.788s] -- Up-to-date symlink: /home/jnu/go2_ws/install/unitree_go/include/unitree_go/unitree_go/msg/detail/motor_cmd__rosidl_typesupport_introspection_cpp.hpp
[2.788s] -- Up-to-date symlink: /home/jnu/go2_ws/install/unitree_go/include/unitree_go/unitree_go/msg/detail/motor_cmds__rosidl_typesupport_introspection_cpp.hpp
[2.788s] -- Up-to-date symlink: /home/jnu/go2_ws/install/unitree_go/include/unitree_go/unitree_go/msg/detail/motor_state__rosidl_typesupport_introspection_cpp.hpp
[2.788s] -- Up-to-date symlink: /home/jnu/go2_ws/install/unitree_go/include/unitree_go/unitree_go/msg/detail/motor_states__rosidl_typesupport_introspection_cpp.hpp
[2.788s] -- Up-to-date symlink: /home/jnu/go2_ws/install/unitree_go/include/unitree_go/unitree_go/msg/detail/path_point__rosidl_typesupport_introspection_cpp.hpp
[2.788s] -- Up-to-date symlink: /home/jnu/go2_ws/install/unitree_go/include/unitree_go/unitree_go/msg/detail/req__rosidl_typesupport_introspection_cpp.hpp
[2.788s] -- Up-to-date symlink: /home/jnu/go2_ws/install/unitree_go/include/unitree_go/unitree_go/msg/detail/res__rosidl_typesupport_introspection_cpp.hpp
[2.788s] -- Up-to-date symlink: /home/jnu/go2_ws/install/unitree_go/include/unitree_go/unitree_go/msg/detail/sport_mode_cmd__rosidl_typesupport_introspection_cpp.hpp
[2.788s] -- Up-to-date symlink: /home/jnu/go2_ws/install/unitree_go/include/unitree_go/unitree_go/msg/detail/sport_mode_state__rosidl_typesupport_introspection_cpp.hpp
[2.788s] -- Up-to-date symlink: /home/jnu/go2_ws/install/unitree_go/include/unitree_go/unitree_go/msg/detail/time_spec__rosidl_typesupport_introspection_cpp.hpp
[2.788s] -- Up-to-date symlink: /home/jnu/go2_ws/install/unitree_go/include/unitree_go/unitree_go/msg/detail/uwb_state__rosidl_typesupport_introspection_cpp.hpp
[2.788s] -- Up-to-date symlink: /home/jnu/go2_ws/install/unitree_go/include/unitree_go/unitree_go/msg/detail/uwb_switch__rosidl_typesupport_introspection_cpp.hpp
[2.788s] -- Up-to-date symlink: /home/jnu/go2_ws/install/unitree_go/include/unitree_go/unitree_go/msg/detail/voxel_height_map_state__rosidl_typesupport_introspection_cpp.hpp
[2.788s] -- Up-to-date symlink: /home/jnu/go2_ws/install/unitree_go/include/unitree_go/unitree_go/msg/detail/voxel_map_compressed__rosidl_typesupport_introspection_cpp.hpp
[2.788s] -- Up-to-date symlink: /home/jnu/go2_ws/install/unitree_go/include/unitree_go/unitree_go/msg/detail/wireless_controller__rosidl_typesupport_introspection_cpp.hpp
[2.788s] -- Up-to-date symlink: /home/jnu/go2_ws/install/unitree_go/share/unitree_go/environment/pythonpath.sh
[2.789s] -- Up-to-date symlink: /home/jnu/go2_ws/install/unitree_go/share/unitree_go/environment/pythonpath.dsv
[2.789s] -- Up-to-date symlink: /home/jnu/go2_ws/install/unitree_go/local/lib/python3.10/dist-packages/unitree_go-0.0.1-py3.10.egg-info/PKG-INFO
[2.789s] -- Up-to-date symlink: /home/jnu/go2_ws/install/unitree_go/local/lib/python3.10/dist-packages/unitree_go-0.0.1-py3.10.egg-info/SOURCES.txt
[2.789s] -- Up-to-date symlink: /home/jnu/go2_ws/install/unitree_go/local/lib/python3.10/dist-packages/unitree_go-0.0.1-py3.10.egg-info/dependency_links.txt
[2.789s] -- Up-to-date symlink: /home/jnu/go2_ws/install/unitree_go/local/lib/python3.10/dist-packages/unitree_go-0.0.1-py3.10.egg-info/top_level.txt
[2.789s] -- Up-to-date symlink: /home/jnu/go2_ws/install/unitree_go/local/lib/python3.10/dist-packages/unitree_go/__init__.py
[2.789s] -- Up-to-date symlink: /home/jnu/go2_ws/install/unitree_go/local/lib/python3.10/dist-packages/unitree_go/_unitree_go_s.ep.rosidl_typesupport_c.c
[2.789s] -- Up-to-date symlink: /home/jnu/go2_ws/install/unitree_go/local/lib/python3.10/dist-packages/unitree_go/_unitree_go_s.ep.rosidl_typesupport_fastrtps_c.c
[2.789s] -- Up-to-date symlink: /home/jnu/go2_ws/install/unitree_go/local/lib/python3.10/dist-packages/unitree_go/_unitree_go_s.ep.rosidl_typesupport_introspection_c.c
[2.789s] -- Up-to-date symlink: /home/jnu/go2_ws/install/unitree_go/local/lib/python3.10/dist-packages/unitree_go/libunitree_go__rosidl_generator_py.so
[2.789s] -- Up-to-date symlink: /home/jnu/go2_ws/install/unitree_go/local/lib/python3.10/dist-packages/unitree_go/msg/__init__.py
[2.789s] -- Up-to-date symlink: /home/jnu/go2_ws/install/unitree_go/local/lib/python3.10/dist-packages/unitree_go/msg/_audio_data.py
[2.789s] -- Up-to-date symlink: /home/jnu/go2_ws/install/unitree_go/local/lib/python3.10/dist-packages/unitree_go/msg/_audio_data_s.c
[2.790s] -- Up-to-date symlink: /home/jnu/go2_ws/install/unitree_go/local/lib/python3.10/dist-packages/unitree_go/msg/_bms_cmd.py
[2.790s] -- Up-to-date symlink: /home/jnu/go2_ws/install/unitree_go/local/lib/python3.10/dist-packages/unitree_go/msg/_bms_cmd_s.c
[2.790s] -- Up-to-date symlink: /home/jnu/go2_ws/install/unitree_go/local/lib/python3.10/dist-packages/unitree_go/msg/_bms_state.py
[2.790s] -- Up-to-date symlink: /home/jnu/go2_ws/install/unitree_go/local/lib/python3.10/dist-packages/unitree_go/msg/_bms_state_s.c
[2.790s] -- Up-to-date symlink: /home/jnu/go2_ws/install/unitree_go/local/lib/python3.10/dist-packages/unitree_go/msg/_error.py
[2.790s] -- Up-to-date symlink: /home/jnu/go2_ws/install/unitree_go/local/lib/python3.10/dist-packages/unitree_go/msg/_error_s.c
[2.790s] -- Up-to-date symlink: /home/jnu/go2_ws/install/unitree_go/local/lib/python3.10/dist-packages/unitree_go/msg/_go2_front_video_data.py
[2.790s] -- Up-to-date symlink: /home/jnu/go2_ws/install/unitree_go/local/lib/python3.10/dist-packages/unitree_go/msg/_go2_front_video_data_s.c
[2.790s] -- Up-to-date symlink: /home/jnu/go2_ws/install/unitree_go/local/lib/python3.10/dist-packages/unitree_go/msg/_height_map.py
[2.790s] -- Up-to-date symlink: /home/jnu/go2_ws/install/unitree_go/local/lib/python3.10/dist-packages/unitree_go/msg/_height_map_s.c
[2.790s] -- Up-to-date symlink: /home/jnu/go2_ws/install/unitree_go/local/lib/python3.10/dist-packages/unitree_go/msg/_imu_state.py
[2.790s] -- Up-to-date symlink: /home/jnu/go2_ws/install/unitree_go/local/lib/python3.10/dist-packages/unitree_go/msg/_imu_state_s.c
[2.790s] -- Up-to-date symlink: /home/jnu/go2_ws/install/unitree_go/local/lib/python3.10/dist-packages/unitree_go/msg/_interface_config.py
[2.790s] -- Up-to-date symlink: /home/jnu/go2_ws/install/unitree_go/local/lib/python3.10/dist-packages/unitree_go/msg/_interface_config_s.c
[2.790s] -- Up-to-date symlink: /home/jnu/go2_ws/install/unitree_go/local/lib/python3.10/dist-packages/unitree_go/msg/_lidar_state.py
[2.790s] -- Up-to-date symlink: /home/jnu/go2_ws/install/unitree_go/local/lib/python3.10/dist-packages/unitree_go/msg/_lidar_state_s.c
[2.790s] -- Up-to-date symlink: /home/jnu/go2_ws/install/unitree_go/local/lib/python3.10/dist-packages/unitree_go/msg/_low_cmd.py
[2.790s] -- Up-to-date symlink: /home/jnu/go2_ws/install/unitree_go/local/lib/python3.10/dist-packages/unitree_go/msg/_low_cmd_s.c
[2.790s] -- Up-to-date symlink: /home/jnu/go2_ws/install/unitree_go/local/lib/python3.10/dist-packages/unitree_go/msg/_low_state.py
[2.790s] -- Up-to-date symlink: /home/jnu/go2_ws/install/unitree_go/local/lib/python3.10/dist-packages/unitree_go/msg/_low_state_s.c
[2.790s] -- Up-to-date symlink: /home/jnu/go2_ws/install/unitree_go/local/lib/python3.10/dist-packages/unitree_go/msg/_motor_cmd.py
[2.790s] -- Up-to-date symlink: /home/jnu/go2_ws/install/unitree_go/local/lib/python3.10/dist-packages/unitree_go/msg/_motor_cmd_s.c
[2.791s] -- Up-to-date symlink: /home/jnu/go2_ws/install/unitree_go/local/lib/python3.10/dist-packages/unitree_go/msg/_motor_cmds.py
[2.791s] -- Up-to-date symlink: /home/jnu/go2_ws/install/unitree_go/local/lib/python3.10/dist-packages/unitree_go/msg/_motor_cmds_s.c
[2.791s] -- Up-to-date symlink: /home/jnu/go2_ws/install/unitree_go/local/lib/python3.10/dist-packages/unitree_go/msg/_motor_state.py
[2.791s] -- Up-to-date symlink: /home/jnu/go2_ws/install/unitree_go/local/lib/python3.10/dist-packages/unitree_go/msg/_motor_state_s.c
[2.791s] -- Up-to-date symlink: /home/jnu/go2_ws/install/unitree_go/local/lib/python3.10/dist-packages/unitree_go/msg/_motor_states.py
[2.791s] -- Up-to-date symlink: /home/jnu/go2_ws/install/unitree_go/local/lib/python3.10/dist-packages/unitree_go/msg/_motor_states_s.c
[2.791s] -- Up-to-date symlink: /home/jnu/go2_ws/install/unitree_go/local/lib/python3.10/dist-packages/unitree_go/msg/_path_point.py
[2.791s] -- Up-to-date symlink: /home/jnu/go2_ws/install/unitree_go/local/lib/python3.10/dist-packages/unitree_go/msg/_path_point_s.c
[2.791s] -- Up-to-date symlink: /home/jnu/go2_ws/install/unitree_go/local/lib/python3.10/dist-packages/unitree_go/msg/_req.py
[2.791s] -- Up-to-date symlink: /home/jnu/go2_ws/install/unitree_go/local/lib/python3.10/dist-packages/unitree_go/msg/_req_s.c
[2.791s] -- Up-to-date symlink: /home/jnu/go2_ws/install/unitree_go/local/lib/python3.10/dist-packages/unitree_go/msg/_res.py
[2.791s] -- Up-to-date symlink: /home/jnu/go2_ws/install/unitree_go/local/lib/python3.10/dist-packages/unitree_go/msg/_res_s.c
[2.791s] -- Up-to-date symlink: /home/jnu/go2_ws/install/unitree_go/local/lib/python3.10/dist-packages/unitree_go/msg/_sport_mode_cmd.py
[2.791s] -- Up-to-date symlink: /home/jnu/go2_ws/install/unitree_go/local/lib/python3.10/dist-packages/unitree_go/msg/_sport_mode_cmd_s.c
[2.791s] -- Up-to-date symlink: /home/jnu/go2_ws/install/unitree_go/local/lib/python3.10/dist-packages/unitree_go/msg/_sport_mode_state.py
[2.792s] -- Up-to-date symlink: /home/jnu/go2_ws/install/unitree_go/local/lib/python3.10/dist-packages/unitree_go/msg/_sport_mode_state_s.c
[2.792s] -- Up-to-date symlink: /home/jnu/go2_ws/install/unitree_go/local/lib/python3.10/dist-packages/unitree_go/msg/_time_spec.py
[2.792s] -- Up-to-date symlink: /home/jnu/go2_ws/install/unitree_go/local/lib/python3.10/dist-packages/unitree_go/msg/_time_spec_s.c
[2.792s] -- Up-to-date symlink: /home/jnu/go2_ws/install/unitree_go/local/lib/python3.10/dist-packages/unitree_go/msg/_uwb_state.py
[2.792s] -- Up-to-date symlink: /home/jnu/go2_ws/install/unitree_go/local/lib/python3.10/dist-packages/unitree_go/msg/_uwb_state_s.c
[2.792s] -- Up-to-date symlink: /home/jnu/go2_ws/install/unitree_go/local/lib/python3.10/dist-packages/unitree_go/msg/_uwb_switch.py
[2.792s] -- Up-to-date symlink: /home/jnu/go2_ws/install/unitree_go/local/lib/python3.10/dist-packages/unitree_go/msg/_uwb_switch_s.c
[2.792s] -- Up-to-date symlink: /home/jnu/go2_ws/install/unitree_go/local/lib/python3.10/dist-packages/unitree_go/msg/_voxel_height_map_state.py
[2.792s] -- Up-to-date symlink: /home/jnu/go2_ws/install/unitree_go/local/lib/python3.10/dist-packages/unitree_go/msg/_voxel_height_map_state_s.c
[2.792s] -- Up-to-date symlink: /home/jnu/go2_ws/install/unitree_go/local/lib/python3.10/dist-packages/unitree_go/msg/_voxel_map_compressed.py
[2.792s] -- Up-to-date symlink: /home/jnu/go2_ws/install/unitree_go/local/lib/python3.10/dist-packages/unitree_go/msg/_voxel_map_compressed_s.c
[2.792s] -- Up-to-date symlink: /home/jnu/go2_ws/install/unitree_go/local/lib/python3.10/dist-packages/unitree_go/msg/_wireless_controller.py
[2.792s] -- Up-to-date symlink: /home/jnu/go2_ws/install/unitree_go/local/lib/python3.10/dist-packages/unitree_go/msg/_wireless_controller_s.c
[2.793s] -- Up-to-date symlink: /home/jnu/go2_ws/install/unitree_go/local/lib/python3.10/dist-packages/unitree_go/unitree_go_s__rosidl_typesupport_c.cpython-310-x86_64-linux-gnu.so
[2.793s] -- Up-to-date symlink: /home/jnu/go2_ws/install/unitree_go/local/lib/python3.10/dist-packages/unitree_go/unitree_go_s__rosidl_typesupport_fastrtps_c.cpython-310-x86_64-linux-gnu.so
[2.793s] -- Up-to-date symlink: /home/jnu/go2_ws/install/unitree_go/local/lib/python3.10/dist-packages/unitree_go/unitree_go_s__rosidl_typesupport_introspection_c.cpython-310-x86_64-linux-gnu.so
[2.793s] -- Up-to-date symlink: /home/jnu/go2_ws/install/unitree_go/local/lib/python3.10/dist-packages/unitree_go/unitree_go_s__rosidl_typesupport_fastrtps_c.cpython-310-x86_64-linux-gnu.so
[2.793s] -- Up-to-date symlink: /home/jnu/go2_ws/install/unitree_go/local/lib/python3.10/dist-packages/unitree_go/unitree_go_s__rosidl_typesupport_introspection_c.cpython-310-x86_64-linux-gnu.so
[2.793s] -- Up-to-date symlink: /home/jnu/go2_ws/install/unitree_go/local/lib/python3.10/dist-packages/unitree_go/unitree_go_s__rosidl_typesupport_c.cpython-310-x86_64-linux-gnu.so
[2.793s] -- Up-to-date symlink: /home/jnu/go2_ws/install/unitree_go/share/unitree_go/msg/AudioData.idl
[2.793s] -- Up-to-date symlink: /home/jnu/go2_ws/install/unitree_go/share/unitree_go/msg/BmsCmd.idl
[2.793s] -- Up-to-date symlink: /home/jnu/go2_ws/install/unitree_go/share/unitree_go/msg/BmsState.idl
[2.793s] -- Up-to-date symlink: /home/jnu/go2_ws/install/unitree_go/share/unitree_go/msg/Error.idl
[2.793s] -- Up-to-date symlink: /home/jnu/go2_ws/install/unitree_go/share/unitree_go/msg/Go2FrontVideoData.idl
[2.793s] -- Up-to-date symlink: /home/jnu/go2_ws/install/unitree_go/share/unitree_go/msg/HeightMap.idl
[2.793s] -- Up-to-date symlink: /home/jnu/go2_ws/install/unitree_go/share/unitree_go/msg/IMUState.idl
[2.793s] -- Up-to-date symlink: /home/jnu/go2_ws/install/unitree_go/share/unitree_go/msg/InterfaceConfig.idl
[2.793s] -- Up-to-date symlink: /home/jnu/go2_ws/install/unitree_go/share/unitree_go/msg/LidarState.idl
[2.793s] -- Up-to-date symlink: /home/jnu/go2_ws/install/unitree_go/share/unitree_go/msg/LowCmd.idl
[2.793s] -- Up-to-date symlink: /home/jnu/go2_ws/install/unitree_go/share/unitree_go/msg/LowState.idl
[2.794s] -- Up-to-date symlink: /home/jnu/go2_ws/install/unitree_go/share/unitree_go/msg/MotorCmd.idl
[2.794s] -- Up-to-date symlink: /home/jnu/go2_ws/install/unitree_go/share/unitree_go/msg/MotorCmds.idl
[2.794s] -- Up-to-date symlink: /home/jnu/go2_ws/install/unitree_go/share/unitree_go/msg/MotorState.idl
[2.794s] -- Up-to-date symlink: /home/jnu/go2_ws/install/unitree_go/share/unitree_go/msg/MotorStates.idl
[2.794s] -- Up-to-date symlink: /home/jnu/go2_ws/install/unitree_go/share/unitree_go/msg/PathPoint.idl
[2.794s] -- Up-to-date symlink: /home/jnu/go2_ws/install/unitree_go/share/unitree_go/msg/Req.idl
[2.794s] -- Up-to-date symlink: /home/jnu/go2_ws/install/unitree_go/share/unitree_go/msg/Res.idl
[2.794s] -- Up-to-date symlink: /home/jnu/go2_ws/install/unitree_go/share/unitree_go/msg/SportModeCmd.idl
[2.794s] -- Up-to-date symlink: /home/jnu/go2_ws/install/unitree_go/share/unitree_go/msg/SportModeState.idl
[2.794s] -- Up-to-date symlink: /home/jnu/go2_ws/install/unitree_go/share/unitree_go/msg/TimeSpec.idl
[2.794s] -- Up-to-date symlink: /home/jnu/go2_ws/install/unitree_go/share/unitree_go/msg/UwbState.idl
[2.794s] -- Up-to-date symlink: /home/jnu/go2_ws/install/unitree_go/share/unitree_go/msg/UwbSwitch.idl
[2.794s] -- Up-to-date symlink: /home/jnu/go2_ws/install/unitree_go/share/unitree_go/msg/VoxelMapCompressed.idl
[2.794s] -- Up-to-date symlink: /home/jnu/go2_ws/install/unitree_go/share/unitree_go/msg/VoxelHeightMapState.idl
[2.794s] -- Up-to-date symlink: /home/jnu/go2_ws/install/unitree_go/share/unitree_go/msg/WirelessController.idl
[2.794s] -- Up-to-date symlink: /home/jnu/go2_ws/install/unitree_go/share/unitree_go/msg/AudioData.msg
[2.794s] -- Up-to-date symlink: /home/jnu/go2_ws/install/unitree_go/share/unitree_go/msg/BmsCmd.msg
[2.794s] -- Up-to-date symlink: /home/jnu/go2_ws/install/unitree_go/share/unitree_go/msg/BmsState.msg
[2.794s] -- Up-to-date symlink: /home/jnu/go2_ws/install/unitree_go/share/unitree_go/msg/Error.msg
[2.794s] -- Up-to-date symlink: /home/jnu/go2_ws/install/unitree_go/share/unitree_go/msg/Go2FrontVideoData.msg
[2.795s] -- Up-to-date symlink: /home/jnu/go2_ws/install/unitree_go/share/unitree_go/msg/HeightMap.msg
[2.795s] -- Up-to-date symlink: /home/jnu/go2_ws/install/unitree_go/share/unitree_go/msg/IMUState.msg
[2.795s] -- Up-to-date symlink: /home/jnu/go2_ws/install/unitree_go/share/unitree_go/msg/InterfaceConfig.msg
[2.795s] -- Up-to-date symlink: /home/jnu/go2_ws/install/unitree_go/share/unitree_go/msg/LidarState.msg
[2.795s] -- Up-to-date symlink: /home/jnu/go2_ws/install/unitree_go/share/unitree_go/msg/LowCmd.msg
[2.795s] -- Up-to-date symlink: /home/jnu/go2_ws/install/unitree_go/share/unitree_go/msg/LowState.msg
[2.795s] -- Up-to-date symlink: /home/jnu/go2_ws/install/unitree_go/share/unitree_go/msg/MotorCmd.msg
[2.795s] -- Up-to-date symlink: /home/jnu/go2_ws/install/unitree_go/share/unitree_go/msg/MotorCmds.msg
[2.795s] -- Up-to-date symlink: /home/jnu/go2_ws/install/unitree_go/share/unitree_go/msg/MotorState.msg
[2.795s] -- Up-to-date symlink: /home/jnu/go2_ws/install/unitree_go/share/unitree_go/msg/MotorStates.msg
[2.795s] -- Up-to-date symlink: /home/jnu/go2_ws/install/unitree_go/share/unitree_go/msg/PathPoint.msg
[2.795s] -- Up-to-date symlink: /home/jnu/go2_ws/install/unitree_go/share/unitree_go/msg/Req.msg
[2.795s] -- Up-to-date symlink: /home/jnu/go2_ws/install/unitree_go/share/unitree_go/msg/Res.msg
[2.795s] -- Up-to-date symlink: /home/jnu/go2_ws/install/unitree_go/share/unitree_go/msg/SportModeCmd.msg
[2.795s] -- Up-to-date symlink: /home/jnu/go2_ws/install/unitree_go/share/unitree_go/msg/SportModeState.msg
[2.795s] -- Up-to-date symlink: /home/jnu/go2_ws/install/unitree_go/share/unitree_go/msg/TimeSpec.msg
[2.795s] -- Up-to-date symlink: /home/jnu/go2_ws/install/unitree_go/share/unitree_go/msg/UwbState.msg
[2.795s] -- Up-to-date symlink: /home/jnu/go2_ws/install/unitree_go/share/unitree_go/msg/UwbSwitch.msg
[2.795s] -- Up-to-date symlink: /home/jnu/go2_ws/install/unitree_go/share/unitree_go/msg/VoxelMapCompressed.msg
[2.795s] -- Up-to-date symlink: /home/jnu/go2_ws/install/unitree_go/share/unitree_go/msg/VoxelHeightMapState.msg
[2.795s] -- Up-to-date symlink: /home/jnu/go2_ws/install/unitree_go/share/unitree_go/msg/WirelessController.msg
[2.796s] -- Up-to-date symlink: /home/jnu/go2_ws/install/unitree_go/share/unitree_go/msg/dds_connext/AudioData_.idl
[2.796s] -- Up-to-date symlink: /home/jnu/go2_ws/install/unitree_go/share/unitree_go/msg/dds_connext/BmsCmd_.idl
[2.796s] -- Up-to-date symlink: /home/jnu/go2_ws/install/unitree_go/share/unitree_go/msg/dds_connext/BmsState_.idl
[2.796s] -- Up-to-date symlink: /home/jnu/go2_ws/install/unitree_go/share/unitree_go/msg/dds_connext/Error_.idl
[2.796s] -- Up-to-date symlink: /home/jnu/go2_ws/install/unitree_go/share/unitree_go/msg/dds_connext/Go2FrontVideoData_.idl
[2.796s] -- Up-to-date symlink: /home/jnu/go2_ws/install/unitree_go/share/unitree_go/msg/dds_connext/HeightMap_.idl
[2.796s] -- Up-to-date symlink: /home/jnu/go2_ws/install/unitree_go/share/unitree_go/msg/dds_connext/IMUState_.idl
[2.796s] -- Up-to-date symlink: /home/jnu/go2_ws/install/unitree_go/share/unitree_go/msg/dds_connext/InterfaceConfig_.idl
[2.796s] -- Up-to-date symlink: /home/jnu/go2_ws/install/unitree_go/share/unitree_go/msg/dds_connext/LidarState_.idl
[2.796s] -- Up-to-date symlink: /home/jnu/go2_ws/install/unitree_go/share/unitree_go/msg/dds_connext/LowCmd_.idl
[2.796s] -- Up-to-date symlink: /home/jnu/go2_ws/install/unitree_go/share/unitree_go/msg/dds_connext/LowState_.idl
[2.796s] -- Up-to-date symlink: /home/jnu/go2_ws/install/unitree_go/share/unitree_go/msg/dds_connext/MotorCmd_.idl
[2.796s] -- Up-to-date symlink: /home/jnu/go2_ws/install/unitree_go/share/unitree_go/msg/dds_connext/MotorCmds_.idl
[2.796s] -- Up-to-date symlink: /home/jnu/go2_ws/install/unitree_go/share/unitree_go/msg/dds_connext/MotorState_.idl
[2.796s] -- Up-to-date symlink: /home/jnu/go2_ws/install/unitree_go/share/unitree_go/msg/dds_connext/MotorStates_.idl
[2.796s] -- Up-to-date symlink: /home/jnu/go2_ws/install/unitree_go/share/unitree_go/msg/dds_connext/PathPoint_.idl
[2.796s] -- Up-to-date symlink: /home/jnu/go2_ws/install/unitree_go/share/unitree_go/msg/dds_connext/Req_.idl
[2.796s] -- Up-to-date symlink: /home/jnu/go2_ws/install/unitree_go/share/unitree_go/msg/dds_connext/Res_.idl
[2.796s] -- Up-to-date symlink: /home/jnu/go2_ws/install/unitree_go/share/unitree_go/msg/dds_connext/SportModeCmd_.idl
[2.796s] -- Up-to-date symlink: /home/jnu/go2_ws/install/unitree_go/share/unitree_go/msg/dds_connext/SportModeState_.idl
[2.796s] -- Up-to-date symlink: /home/jnu/go2_ws/install/unitree_go/share/unitree_go/msg/dds_connext/TimeSpec_.idl
[2.796s] -- Up-to-date symlink: /home/jnu/go2_ws/install/unitree_go/share/unitree_go/msg/dds_connext/UwbState_.idl
[2.796s] -- Up-to-date symlink: /home/jnu/go2_ws/install/unitree_go/share/unitree_go/msg/dds_connext/UwbSwitch_.idl
[2.796s] -- Up-to-date symlink: /home/jnu/go2_ws/install/unitree_go/share/unitree_go/msg/dds_connext/VoxelHeightMapState_.idl
[2.797s] -- Up-to-date symlink: /home/jnu/go2_ws/install/unitree_go/share/unitree_go/msg/dds_connext/VoxelMapCompressed_.idl
[2.797s] -- Up-to-date symlink: /home/jnu/go2_ws/install/unitree_go/share/unitree_go/msg/dds_connext/WirelessController_.idl
[2.797s] -- Up-to-date symlink: /home/jnu/go2_ws/install/unitree_go/share/ament_index/resource_index/package_run_dependencies/unitree_go
[2.797s] -- Up-to-date symlink: /home/jnu/go2_ws/install/unitree_go/share/ament_index/resource_index/parent_prefix_path/unitree_go
[2.797s] -- Up-to-date symlink: /home/jnu/go2_ws/install/unitree_go/share/unitree_go/environment/ament_prefix_path.sh
[2.797s] -- Up-to-date symlink: /home/jnu/go2_ws/install/unitree_go/share/unitree_go/environment/ament_prefix_path.dsv
[2.797s] -- Up-to-date symlink: /home/jnu/go2_ws/install/unitree_go/share/unitree_go/environment/path.sh
[2.797s] -- Up-to-date symlink: /home/jnu/go2_ws/install/unitree_go/share/unitree_go/environment/path.dsv
[2.797s] -- Up-to-date symlink: /home/jnu/go2_ws/install/unitree_go/share/unitree_go/local_setup.bash
[2.797s] -- Up-to-date symlink: /home/jnu/go2_ws/install/unitree_go/share/unitree_go/local_setup.sh
[2.797s] -- Up-to-date symlink: /home/jnu/go2_ws/install/unitree_go/share/unitree_go/local_setup.zsh
[2.797s] -- Up-to-date symlink: /home/jnu/go2_ws/install/unitree_go/share/unitree_go/local_setup.dsv
[2.797s] -- Symlinking: /home/jnu/go2_ws/install/unitree_go/share/unitree_go/package.dsv
[2.802s] -- Up-to-date symlink: /home/jnu/go2_ws/install/unitree_go/share/ament_index/resource_index/packages/unitree_go
[2.802s] -- Up-to-date symlink: /home/jnu/go2_ws/install/unitree_go/share/unitree_go/cmake/rosidl_cmake-extras.cmake
[2.802s] -- Up-to-date symlink: /home/jnu/go2_ws/install/unitree_go/share/unitree_go/cmake/ament_cmake_export_include_directories-extras.cmake
[2.802s] -- Up-to-date symlink: /home/jnu/go2_ws/install/unitree_go/share/unitree_go/cmake/ament_cmake_export_libraries-extras.cmake
[2.802s] -- Up-to-date symlink: /home/jnu/go2_ws/install/unitree_go/share/unitree_go/cmake/ament_cmake_export_targets-extras.cmake
[2.802s] -- Up-to-date symlink: /home/jnu/go2_ws/install/unitree_go/share/unitree_go/cmake/rosidl_cmake_export_typesupport_targets-extras.cmake
[2.802s] -- Up-to-date symlink: /home/jnu/go2_ws/install/unitree_go/share/unitree_go/cmake/ament_cmake_export_dependencies-extras.cmake
[2.802s] -- Up-to-date symlink: /home/jnu/go2_ws/install/unitree_go/share/unitree_go/cmake/rosidl_cmake_export_typesupport_libraries-extras.cmake
[2.802s] -- Up-to-date symlink: /home/jnu/go2_ws/install/unitree_go/share/unitree_go/cmake/unitree_goConfig.cmake
[2.802s] -- Up-to-date symlink: /home/jnu/go2_ws/install/unitree_go/share/unitree_go/cmake/unitree_goConfig-version.cmake
[2.802s] -- Up-to-date symlink: /home/jnu/go2_ws/install/unitree_go/share/unitree_go/package.xml
[2.803s] -- Installing: /home/jnu/go2_ws/install/unitree_go/lib/libunitree_go__rosidl_generator_c.so
[2.803s] -- Set runtime path of "/home/jnu/go2_ws/install/unitree_go/lib/libunitree_go__rosidl_generator_c.so" to ""
[2.804s] -- Installing: /home/jnu/go2_ws/install/unitree_go/lib/libunitree_go__rosidl_typesupport_fastrtps_c.so
[2.804s] -- Set runtime path of "/home/jnu/go2_ws/install/unitree_go/lib/libunitree_go__rosidl_typesupport_fastrtps_c.so" to ""
[2.804s] -- Installing: /home/jnu/go2_ws/install/unitree_go/lib/libunitree_go__rosidl_typesupport_introspection_c.so
[2.804s] -- Set runtime path of "/home/jnu/go2_ws/install/unitree_go/lib/libunitree_go__rosidl_typesupport_introspection_c.so" to ""
[2.805s] -- Installing: /home/jnu/go2_ws/install/unitree_go/lib/libunitree_go__rosidl_typesupport_c.so
[2.805s] -- Set runtime path of "/home/jnu/go2_ws/install/unitree_go/lib/libunitree_go__rosidl_typesupport_c.so" to ""
[2.805s] -- Installing: /home/jnu/go2_ws/install/unitree_go/lib/libunitree_go__rosidl_typesupport_fastrtps_cpp.so
[2.806s] -- Set runtime path of "/home/jnu/go2_ws/install/unitree_go/lib/libunitree_go__rosidl_typesupport_fastrtps_cpp.so" to ""
[2.806s] -- Installing: /home/jnu/go2_ws/install/unitree_go/lib/libunitree_go__rosidl_typesupport_introspection_cpp.so
[2.806s] -- Set runtime path of "/home/jnu/go2_ws/install/unitree_go/lib/libunitree_go__rosidl_typesupport_introspection_cpp.so" to ""
[2.807s] -- Installing: /home/jnu/go2_ws/install/unitree_go/lib/libunitree_go__rosidl_typesupport_cpp.so
[2.807s] -- Set runtime path of "/home/jnu/go2_ws/install/unitree_go/lib/libunitree_go__rosidl_typesupport_cpp.so" to ""
[2.828s] Listing '/home/jnu/go2_ws/install/unitree_go/local/lib/python3.10/dist-packages/unitree_go'...
[2.828s] Compiling '/home/jnu/go2_ws/install/unitree_go/local/lib/python3.10/dist-packages/unitree_go/__init__.py'...
[2.828s] Listing '/home/jnu/go2_ws/install/unitree_go/local/lib/python3.10/dist-packages/unitree_go/msg'...
[2.831s] -- Installing: /home/jnu/go2_ws/install/unitree_go/lib/libunitree_go__rosidl_generator_py.so
[2.831s] -- Set runtime path of "/home/jnu/go2_ws/install/unitree_go/lib/libunitree_go__rosidl_generator_py.so" to ""
[2.831s] -- Old export file "/home/jnu/go2_ws/install/unitree_go/share/unitree_go/cmake/export_unitree_go__rosidl_generator_cExport.cmake" will be replaced.  Removing files [/home/jnu/go2_ws/install/unitree_go/share/unitree_go/cmake/export_unitree_go__rosidl_generator_cExport-noconfig.cmake].
[2.831s] -- Installing: /home/jnu/go2_ws/install/unitree_go/share/unitree_go/cmake/export_unitree_go__rosidl_generator_cExport.cmake
[2.831s] -- Installing: /home/jnu/go2_ws/install/unitree_go/share/unitree_go/cmake/export_unitree_go__rosidl_generator_cExport-noconfig.cmake
[2.831s] -- Old export file "/home/jnu/go2_ws/install/unitree_go/share/unitree_go/cmake/export_unitree_go__rosidl_typesupport_fastrtps_cExport.cmake" will be replaced.  Removing files [/home/jnu/go2_ws/install/unitree_go/share/unitree_go/cmake/export_unitree_go__rosidl_typesupport_fastrtps_cExport-noconfig.cmake].
[2.831s] -- Installing: /home/jnu/go2_ws/install/unitree_go/share/unitree_go/cmake/export_unitree_go__rosidl_typesupport_fastrtps_cExport.cmake
[2.831s] -- Installing: /home/jnu/go2_ws/install/unitree_go/share/unitree_go/cmake/export_unitree_go__rosidl_typesupport_fastrtps_cExport-noconfig.cmake
[2.832s] -- Old export file "/home/jnu/go2_ws/install/unitree_go/share/unitree_go/cmake/unitree_go__rosidl_typesupport_introspection_cExport.cmake" will be replaced.  Removing files [/home/jnu/go2_ws/install/unitree_go/share/unitree_go/cmake/unitree_go__rosidl_typesupport_introspection_cExport-noconfig.cmake].
[2.832s] -- Installing: /home/jnu/go2_ws/install/unitree_go/share/unitree_go/cmake/unitree_go__rosidl_typesupport_introspection_cExport.cmake
[2.832s] -- Installing: /home/jnu/go2_ws/install/unitree_go/share/unitree_go/cmake/unitree_go__rosidl_typesupport_introspection_cExport-noconfig.cmake
[2.832s] -- Old export file "/home/jnu/go2_ws/install/unitree_go/share/unitree_go/cmake/unitree_go__rosidl_typesupport_cExport.cmake" will be replaced.  Removing files [/home/jnu/go2_ws/install/unitree_go/share/unitree_go/cmake/unitree_go__rosidl_typesupport_cExport-noconfig.cmake].
[2.832s] -- Installing: /home/jnu/go2_ws/install/unitree_go/share/unitree_go/cmake/unitree_go__rosidl_typesupport_cExport.cmake
[2.832s] -- Installing: /home/jnu/go2_ws/install/unitree_go/share/unitree_go/cmake/unitree_go__rosidl_typesupport_cExport-noconfig.cmake
[2.832s] -- Installing: /home/jnu/go2_ws/install/unitree_go/share/unitree_go/cmake/export_unitree_go__rosidl_generator_cppExport.cmake
[2.832s] -- Old export file "/home/jnu/go2_ws/install/unitree_go/share/unitree_go/cmake/export_unitree_go__rosidl_typesupport_fastrtps_cppExport.cmake" will be replaced.  Removing files [/home/jnu/go2_ws/install/unitree_go/share/unitree_go/cmake/export_unitree_go__rosidl_typesupport_fastrtps_cppExport-noconfig.cmake].
[2.832s] -- Installing: /home/jnu/go2_ws/install/unitree_go/share/unitree_go/cmake/export_unitree_go__rosidl_typesupport_fastrtps_cppExport.cmake
[2.832s] -- Installing: /home/jnu/go2_ws/install/unitree_go/share/unitree_go/cmake/export_unitree_go__rosidl_typesupport_fastrtps_cppExport-noconfig.cmake
[2.833s] -- Old export file "/home/jnu/go2_ws/install/unitree_go/share/unitree_go/cmake/unitree_go__rosidl_typesupport_introspection_cppExport.cmake" will be replaced.  Removing files [/home/jnu/go2_ws/install/unitree_go/share/unitree_go/cmake/unitree_go__rosidl_typesupport_introspection_cppExport-noconfig.cmake].
[2.833s] -- Installing: /home/jnu/go2_ws/install/unitree_go/share/unitree_go/cmake/unitree_go__rosidl_typesupport_introspection_cppExport.cmake
[2.833s] -- Installing: /home/jnu/go2_ws/install/unitree_go/share/unitree_go/cmake/unitree_go__rosidl_typesupport_introspection_cppExport-noconfig.cmake
[2.833s] -- Old export file "/home/jnu/go2_ws/install/unitree_go/share/unitree_go/cmake/unitree_go__rosidl_typesupport_cppExport.cmake" will be replaced.  Removing files [/home/jnu/go2_ws/install/unitree_go/share/unitree_go/cmake/unitree_go__rosidl_typesupport_cppExport-noconfig.cmake].
[2.833s] -- Installing: /home/jnu/go2_ws/install/unitree_go/share/unitree_go/cmake/unitree_go__rosidl_typesupport_cppExport.cmake
[2.833s] -- Installing: /home/jnu/go2_ws/install/unitree_go/share/unitree_go/cmake/unitree_go__rosidl_typesupport_cppExport-noconfig.cmake
[2.833s] -- Old export file "/home/jnu/go2_ws/install/unitree_go/share/unitree_go/cmake/export_unitree_go__rosidl_generator_pyExport.cmake" will be replaced.  Removing files [/home/jnu/go2_ws/install/unitree_go/share/unitree_go/cmake/export_unitree_go__rosidl_generator_pyExport-noconfig.cmake].
[2.833s] -- Installing: /home/jnu/go2_ws/install/unitree_go/share/unitree_go/cmake/export_unitree_go__rosidl_generator_pyExport.cmake
[2.833s] -- Installing: /home/jnu/go2_ws/install/unitree_go/share/unitree_go/cmake/export_unitree_go__rosidl_generator_pyExport-noconfig.cmake
[2.834s] Invoked command in '/home/jnu/go2_ws/build/unitree_go' returned '0': CMAKE_PREFIX_PATH=/opt/ros/humble CONDA_PROMPT_MODIFIER=(base) /home/jnu/anaconda3/bin/cmake --install /home/jnu/go2_ws/build/unitree_go
