-- The C compiler identification is GNU 11.4.0
-- The CXX compiler identification is GNU 11.4.0
-- Detecting C compiler ABI info
-- Detecting C compiler ABI info - done
-- Check for working C compiler: /usr/bin/cc - skipped
-- Detecting C compile features
-- Detecting C compile features - done
-- Detecting CXX compiler ABI info
-- Detecting CXX compiler ABI info - done
-- Check for working CXX compiler: /usr/bin/c++ - skipped
-- Detecting CXX compile features
-- Detecting CXX compile features - done
-- Found rosidl_default_generators: 1.2.0 (/opt/ros/humble/share/rosidl_default_generators/cmake)
-- Found ament_cmake_core: 1.3.12 (/opt/ros/humble/share/ament_cmake_core/cmake)
-- Found Python3: /usr/bin/python3 (found version "3.10.12") found components: Interpreter 
-- Override CMake install command with custom implementation using symlinks instead of copying resources
-- Using all available rosidl_typesupport_c: rosidl_typesupport_fastrtps_c;rosidl_typesupport_introspection_c
-- Found rosidl_adapter: 3.1.7 (/opt/ros/humble/share/rosidl_adapter/cmake)
-- Using all available rosidl_typesupport_cpp: rosidl_typesupport_fastrtps_cpp;rosidl_typesupport_introspection_cpp
-- Found std_msgs: 4.9.0 (/opt/ros/humble/share/std_msgs/cmake)
-- Found ament_cmake_ros: 0.10.0 (/opt/ros/humble/share/ament_cmake_ros/cmake)
-- Using all available rosidl_typesupport_c: rosidl_typesupport_fastrtps_c;rosidl_typesupport_introspection_c
-- Using all available rosidl_typesupport_cpp: rosidl_typesupport_fastrtps_cpp;rosidl_typesupport_introspection_cpp
-- Found PythonInterp: /usr/bin/python3 (found suitable version "3.10.12", minimum required is "3.6") 
-- Found python_cmake_module: 0.10.0 (/opt/ros/humble/share/python_cmake_module/cmake)
-- Found PythonLibs: /usr/lib/x86_64-linux-gnu/libpython3.10.so (found suitable version "3.10.12", minimum required is "3.5") 
-- Using PYTHON_EXECUTABLE: /usr/bin/python3
-- Using PYTHON_INCLUDE_DIRS: /usr/include/python3.10
-- Using PYTHON_LIBRARIES: /usr/lib/x86_64-linux-gnu/libpython3.10.so
-- Found PythonExtra: .so  
-- Found ament_lint_auto: 0.12.14 (/opt/ros/humble/share/ament_lint_auto/cmake)
-- Added test 'lint_cmake' to check CMake code style
-- Added test 'xmllint' to check XML markup files
-- Configuring done
-- Generating done
-- Build files have been written to: /home/jnu/go2_ws/build/go2_interfaces
[  0%] [34m[1mGenerating C code for ROS interfaces[0m
[  0%] [34m[1mGenerating C++ code for ROS interfaces[0m
[  0%] Built target ament_cmake_python_symlink_go2_interfaces
running egg_info
creating go2_interfaces.egg-info
writing go2_interfaces.egg-info/PKG-INFO
writing dependency_links to go2_interfaces.egg-info/dependency_links.txt
writing top-level names to go2_interfaces.egg-info/top_level.txt
writing manifest file 'go2_interfaces.egg-info/SOURCES.txt'
reading manifest file 'go2_interfaces.egg-info/SOURCES.txt'
writing manifest file 'go2_interfaces.egg-info/SOURCES.txt'
[  0%] Built target ament_cmake_python_build_go2_interfaces_egg
[  1%] [32mBuilding C object CMakeFiles/go2_interfaces__rosidl_generator_c.dir/rosidl_generator_c/go2_interfaces/srv/detail/euler__functions.c.o[0m
[  2%] [32mBuilding C object CMakeFiles/go2_interfaces__rosidl_generator_c.dir/rosidl_generator_c/go2_interfaces/srv/detail/body_height__functions.c.o[0m
[  2%] [32mBuilding C object CMakeFiles/go2_interfaces__rosidl_generator_c.dir/rosidl_generator_c/go2_interfaces/srv/detail/continuous_gait__functions.c.o[0m
[  2%] [32mBuilding C object CMakeFiles/go2_interfaces__rosidl_generator_c.dir/rosidl_generator_c/go2_interfaces/srv/detail/foot_raise_height__functions.c.o[0m
[  2%] [32mBuilding C object CMakeFiles/go2_interfaces__rosidl_generator_c.dir/rosidl_generator_c/go2_interfaces/srv/detail/get_brightness__functions.c.o[0m
[  3%] [32mBuilding C object CMakeFiles/go2_interfaces__rosidl_generator_c.dir/rosidl_generator_c/go2_interfaces/srv/detail/get_state__functions.c.o[0m
[  3%] [32mBuilding C object CMakeFiles/go2_interfaces__rosidl_generator_c.dir/rosidl_generator_c/go2_interfaces/srv/detail/get_switch__functions.c.o[0m
[  3%] [32mBuilding C object CMakeFiles/go2_interfaces__rosidl_generator_c.dir/rosidl_generator_c/go2_interfaces/srv/detail/get_speed_level__functions.c.o[0m
[  5%] [32mBuilding C object CMakeFiles/go2_interfaces__rosidl_generator_c.dir/rosidl_generator_c/go2_interfaces/srv/detail/get_foot_raise_height__functions.c.o[0m
[  5%] [32mBuilding C object CMakeFiles/go2_interfaces__rosidl_generator_c.dir/rosidl_generator_c/go2_interfaces/srv/detail/get_body_height__functions.c.o[0m
[  6%] [32mBuilding C object CMakeFiles/go2_interfaces__rosidl_generator_c.dir/rosidl_generator_c/go2_interfaces/srv/detail/get_switch_obstacles_avoidance__functions.c.o[0m
[  6%] [32mBuilding C object CMakeFiles/go2_interfaces__rosidl_generator_c.dir/rosidl_generator_c/go2_interfaces/srv/detail/get_volume__functions.c.o[0m
[  7%] [32mBuilding C object CMakeFiles/go2_interfaces__rosidl_generator_c.dir/rosidl_generator_c/go2_interfaces/srv/detail/say__functions.c.o[0m
[  7%] [32mBuilding C object CMakeFiles/go2_interfaces__rosidl_generator_c.dir/rosidl_generator_c/go2_interfaces/srv/detail/set_brightness__functions.c.o[0m
[  8%] [32mBuilding C object CMakeFiles/go2_interfaces__rosidl_generator_c.dir/rosidl_generator_c/go2_interfaces/srv/detail/mode__functions.c.o[0m
[  8%] [32mBuilding C object CMakeFiles/go2_interfaces__rosidl_generator_c.dir/rosidl_generator_c/go2_interfaces/srv/detail/pose__functions.c.o[0m
[  9%] [32mBuilding C object CMakeFiles/go2_interfaces__rosidl_generator_c.dir/rosidl_generator_c/go2_interfaces/srv/detail/set_switch__functions.c.o[0m
[  9%] [32mBuilding C object CMakeFiles/go2_interfaces__rosidl_generator_c.dir/rosidl_generator_c/go2_interfaces/srv/detail/set_switch_obstacles_avoidance__functions.c.o[0m
[ 10%] [32mBuilding C object CMakeFiles/go2_interfaces__rosidl_generator_c.dir/rosidl_generator_c/go2_interfaces/srv/detail/set_volume__functions.c.o[0m
[ 10%] [32mBuilding C object CMakeFiles/go2_interfaces__rosidl_generator_c.dir/rosidl_generator_c/go2_interfaces/srv/detail/speed_level__functions.c.o[0m
[ 11%] [32mBuilding C object CMakeFiles/go2_interfaces__rosidl_generator_c.dir/rosidl_generator_c/go2_interfaces/srv/detail/switch_gait__functions.c.o[0m
[ 11%] [32mBuilding C object CMakeFiles/go2_interfaces__rosidl_generator_c.dir/rosidl_generator_c/go2_interfaces/srv/detail/switch_joystick__functions.c.o[0m
[ 11%] Built target go2_interfaces__cpp
[ 12%] [34m[1mGenerating C++ type support dispatch for ROS interfaces[0m
[ 13%] [34m[1mGenerating C++ type support for eProsima Fast-RTPS[0m
[ 14%] [34m[1mGenerating C++ introspection for ROS interfaces[0m
[ 15%] [32m[1mLinking C shared library libgo2_interfaces__rosidl_generator_c.so[0m
[ 15%] Built target go2_interfaces__rosidl_generator_c
[ 16%] [34m[1mGenerating C type support for eProsima Fast-RTPS[0m
[ 17%] [34m[1mGenerating C type support dispatch for ROS interfaces[0m
[ 18%] [34m[1mGenerating C introspection for ROS interfaces[0m
[ 18%] [32mBuilding CXX object CMakeFiles/go2_interfaces__rosidl_typesupport_cpp.dir/rosidl_typesupport_cpp/go2_interfaces/srv/body_height__type_support.cpp.o[0m
[ 18%] [32mBuilding CXX object CMakeFiles/go2_interfaces__rosidl_typesupport_cpp.dir/rosidl_typesupport_cpp/go2_interfaces/srv/euler__type_support.cpp.o[0m
[ 20%] [32mBuilding CXX object CMakeFiles/go2_interfaces__rosidl_typesupport_cpp.dir/rosidl_typesupport_cpp/go2_interfaces/srv/continuous_gait__type_support.cpp.o[0m
[ 20%] [32mBuilding CXX object CMakeFiles/go2_interfaces__rosidl_typesupport_cpp.dir/rosidl_typesupport_cpp/go2_interfaces/srv/foot_raise_height__type_support.cpp.o[0m
[ 20%] [32mBuilding CXX object CMakeFiles/go2_interfaces__rosidl_typesupport_cpp.dir/rosidl_typesupport_cpp/go2_interfaces/srv/get_body_height__type_support.cpp.o[0m
[ 20%] [32mBuilding CXX object CMakeFiles/go2_interfaces__rosidl_typesupport_c.dir/rosidl_typesupport_c/go2_interfaces/srv/body_height__type_support.cpp.o[0m
[ 21%] [32mBuilding CXX object CMakeFiles/go2_interfaces__rosidl_typesupport_cpp.dir/rosidl_typesupport_cpp/go2_interfaces/srv/get_brightness__type_support.cpp.o[0m
[ 21%] [32mBuilding CXX object CMakeFiles/go2_interfaces__rosidl_typesupport_cpp.dir/rosidl_typesupport_cpp/go2_interfaces/srv/get_foot_raise_height__type_support.cpp.o[0m
[ 22%] [32mBuilding CXX object CMakeFiles/go2_interfaces__rosidl_typesupport_c.dir/rosidl_typesupport_c/go2_interfaces/srv/continuous_gait__type_support.cpp.o[0m
[ 23%] [32mBuilding CXX object CMakeFiles/go2_interfaces__rosidl_typesupport_cpp.dir/rosidl_typesupport_cpp/go2_interfaces/srv/get_speed_level__type_support.cpp.o[0m
[ 24%] [32mBuilding CXX object CMakeFiles/go2_interfaces__rosidl_typesupport_c.dir/rosidl_typesupport_c/go2_interfaces/srv/foot_raise_height__type_support.cpp.o[0m
[ 25%] [32mBuilding CXX object CMakeFiles/go2_interfaces__rosidl_typesupport_cpp.dir/rosidl_typesupport_cpp/go2_interfaces/srv/get_switch__type_support.cpp.o[0m
[ 25%] [32mBuilding CXX object CMakeFiles/go2_interfaces__rosidl_typesupport_cpp.dir/rosidl_typesupport_cpp/go2_interfaces/srv/get_state__type_support.cpp.o[0m
[ 26%] [32mBuilding CXX object CMakeFiles/go2_interfaces__rosidl_typesupport_c.dir/rosidl_typesupport_c/go2_interfaces/srv/get_body_height__type_support.cpp.o[0m
[ 26%] [32mBuilding CXX object CMakeFiles/go2_interfaces__rosidl_typesupport_c.dir/rosidl_typesupport_c/go2_interfaces/srv/get_foot_raise_height__type_support.cpp.o[0m
[ 25%] [32mBuilding CXX object CMakeFiles/go2_interfaces__rosidl_typesupport_c.dir/rosidl_typesupport_c/go2_interfaces/srv/euler__type_support.cpp.o[0m
[ 26%] [32mBuilding CXX object CMakeFiles/go2_interfaces__rosidl_typesupport_c.dir/rosidl_typesupport_c/go2_interfaces/srv/get_brightness__type_support.cpp.o[0m
[ 27%] [32mBuilding CXX object CMakeFiles/go2_interfaces__rosidl_typesupport_c.dir/rosidl_typesupport_c/go2_interfaces/srv/get_speed_level__type_support.cpp.o[0m
[ 27%] [32mBuilding CXX object CMakeFiles/go2_interfaces__rosidl_typesupport_cpp.dir/rosidl_typesupport_cpp/go2_interfaces/srv/get_switch_obstacles_avoidance__type_support.cpp.o[0m
[ 27%] [32mBuilding CXX object CMakeFiles/go2_interfaces__rosidl_typesupport_c.dir/rosidl_typesupport_c/go2_interfaces/srv/get_state__type_support.cpp.o[0m
[ 28%] [32mBuilding CXX object CMakeFiles/go2_interfaces__rosidl_typesupport_c.dir/rosidl_typesupport_c/go2_interfaces/srv/get_switch__type_support.cpp.o[0m
[ 28%] [32mBuilding CXX object CMakeFiles/go2_interfaces__rosidl_typesupport_c.dir/rosidl_typesupport_c/go2_interfaces/srv/get_switch_obstacles_avoidance__type_support.cpp.o[0m
[ 28%] [32mBuilding CXX object CMakeFiles/go2_interfaces__rosidl_typesupport_c.dir/rosidl_typesupport_c/go2_interfaces/srv/mode__type_support.cpp.o[0m
[ 29%] [32mBuilding CXX object CMakeFiles/go2_interfaces__rosidl_typesupport_cpp.dir/rosidl_typesupport_cpp/go2_interfaces/srv/get_volume__type_support.cpp.o[0m
[ 30%] [32mBuilding CXX object CMakeFiles/go2_interfaces__rosidl_typesupport_c.dir/rosidl_typesupport_c/go2_interfaces/srv/pose__type_support.cpp.o[0m
[ 31%] [32mBuilding CXX object CMakeFiles/go2_interfaces__rosidl_typesupport_c.dir/rosidl_typesupport_c/go2_interfaces/srv/get_volume__type_support.cpp.o[0m
[ 31%] [32mBuilding CXX object CMakeFiles/go2_interfaces__rosidl_typesupport_cpp.dir/rosidl_typesupport_cpp/go2_interfaces/srv/mode__type_support.cpp.o[0m
[ 31%] [32mBuilding CXX object CMakeFiles/go2_interfaces__rosidl_typesupport_c.dir/rosidl_typesupport_c/go2_interfaces/srv/say__type_support.cpp.o[0m
[ 32%] [32mBuilding CXX object CMakeFiles/go2_interfaces__rosidl_typesupport_cpp.dir/rosidl_typesupport_cpp/go2_interfaces/srv/pose__type_support.cpp.o[0m
[ 33%] [32mBuilding CXX object CMakeFiles/go2_interfaces__rosidl_typesupport_c.dir/rosidl_typesupport_c/go2_interfaces/srv/set_brightness__type_support.cpp.o[0m
[ 33%] [32mBuilding CXX object CMakeFiles/go2_interfaces__rosidl_typesupport_c.dir/rosidl_typesupport_c/go2_interfaces/srv/set_switch__type_support.cpp.o[0m
[ 33%] [32mBuilding CXX object CMakeFiles/go2_interfaces__rosidl_typesupport_cpp.dir/rosidl_typesupport_cpp/go2_interfaces/srv/set_switch__type_support.cpp.o[0m
[ 34%] [32mBuilding CXX object CMakeFiles/go2_interfaces__rosidl_typesupport_cpp.dir/rosidl_typesupport_cpp/go2_interfaces/srv/set_brightness__type_support.cpp.o[0m
[ 35%] [32mBuilding CXX object CMakeFiles/go2_interfaces__rosidl_typesupport_c.dir/rosidl_typesupport_c/go2_interfaces/srv/set_switch_obstacles_avoidance__type_support.cpp.o[0m
[ 35%] [32mBuilding CXX object CMakeFiles/go2_interfaces__rosidl_typesupport_cpp.dir/rosidl_typesupport_cpp/go2_interfaces/srv/say__type_support.cpp.o[0m
[ 36%] [32mBuilding CXX object CMakeFiles/go2_interfaces__rosidl_typesupport_cpp.dir/rosidl_typesupport_cpp/go2_interfaces/srv/set_switch_obstacles_avoidance__type_support.cpp.o[0m
[ 36%] [32mBuilding CXX object CMakeFiles/go2_interfaces__rosidl_typesupport_c.dir/rosidl_typesupport_c/go2_interfaces/srv/set_volume__type_support.cpp.o[0m
[ 37%] [32mBuilding CXX object CMakeFiles/go2_interfaces__rosidl_typesupport_c.dir/rosidl_typesupport_c/go2_interfaces/srv/speed_level__type_support.cpp.o[0m
[ 37%] [32mBuilding CXX object CMakeFiles/go2_interfaces__rosidl_typesupport_c.dir/rosidl_typesupport_c/go2_interfaces/srv/switch_gait__type_support.cpp.o[0m
[ 37%] [32mBuilding CXX object CMakeFiles/go2_interfaces__rosidl_typesupport_cpp.dir/rosidl_typesupport_cpp/go2_interfaces/srv/set_volume__type_support.cpp.o[0m
[ 38%] [32mBuilding CXX object CMakeFiles/go2_interfaces__rosidl_typesupport_c.dir/rosidl_typesupport_c/go2_interfaces/srv/switch_joystick__type_support.cpp.o[0m
[ 38%] [32m[1mLinking CXX shared library libgo2_interfaces__rosidl_typesupport_c.so[0m
[ 39%] [32mBuilding CXX object CMakeFiles/go2_interfaces__rosidl_typesupport_cpp.dir/rosidl_typesupport_cpp/go2_interfaces/srv/speed_level__type_support.cpp.o[0m
[ 39%] [32mBuilding CXX object CMakeFiles/go2_interfaces__rosidl_typesupport_cpp.dir/rosidl_typesupport_cpp/go2_interfaces/srv/switch_gait__type_support.cpp.o[0m
[ 40%] [32mBuilding CXX object CMakeFiles/go2_interfaces__rosidl_typesupport_cpp.dir/rosidl_typesupport_cpp/go2_interfaces/srv/switch_joystick__type_support.cpp.o[0m
[ 40%] Built target go2_interfaces__rosidl_typesupport_c
[ 40%] [32mBuilding CXX object CMakeFiles/go2_interfaces__rosidl_typesupport_introspection_cpp.dir/rosidl_typesupport_introspection_cpp/go2_interfaces/srv/detail/body_height__type_support.cpp.o[0m
[ 41%] [32mBuilding CXX object CMakeFiles/go2_interfaces__rosidl_typesupport_introspection_cpp.dir/rosidl_typesupport_introspection_cpp/go2_interfaces/srv/detail/foot_raise_height__type_support.cpp.o[0m
[ 42%] [32mBuilding CXX object CMakeFiles/go2_interfaces__rosidl_typesupport_introspection_cpp.dir/rosidl_typesupport_introspection_cpp/go2_interfaces/srv/detail/euler__type_support.cpp.o[0m
[ 42%] [32mBuilding CXX object CMakeFiles/go2_interfaces__rosidl_typesupport_introspection_cpp.dir/rosidl_typesupport_introspection_cpp/go2_interfaces/srv/detail/continuous_gait__type_support.cpp.o[0m
[ 43%] [32mBuilding CXX object CMakeFiles/go2_interfaces__rosidl_typesupport_introspection_cpp.dir/rosidl_typesupport_introspection_cpp/go2_interfaces/srv/detail/get_brightness__type_support.cpp.o[0m
[ 43%] [32mBuilding CXX object CMakeFiles/go2_interfaces__rosidl_typesupport_introspection_cpp.dir/rosidl_typesupport_introspection_cpp/go2_interfaces/srv/detail/get_body_height__type_support.cpp.o[0m
[ 44%] [32mBuilding CXX object CMakeFiles/go2_interfaces__rosidl_typesupport_introspection_cpp.dir/rosidl_typesupport_introspection_cpp/go2_interfaces/srv/detail/get_speed_level__type_support.cpp.o[0m
[ 44%] [32mBuilding CXX object CMakeFiles/go2_interfaces__rosidl_typesupport_introspection_cpp.dir/rosidl_typesupport_introspection_cpp/go2_interfaces/srv/detail/get_foot_raise_height__type_support.cpp.o[0m
[ 44%] [32mBuilding CXX object CMakeFiles/go2_interfaces__rosidl_typesupport_introspection_cpp.dir/rosidl_typesupport_introspection_cpp/go2_interfaces/srv/detail/get_state__type_support.cpp.o[0m
[ 44%] [32mBuilding CXX object CMakeFiles/go2_interfaces__rosidl_typesupport_introspection_cpp.dir/rosidl_typesupport_introspection_cpp/go2_interfaces/srv/detail/get_switch_obstacles_avoidance__type_support.cpp.o[0m
[ 45%] [32mBuilding CXX object CMakeFiles/go2_interfaces__rosidl_typesupport_introspection_cpp.dir/rosidl_typesupport_introspection_cpp/go2_interfaces/srv/detail/get_switch__type_support.cpp.o[0m
[ 46%] [32mBuilding CXX object CMakeFiles/go2_interfaces__rosidl_typesupport_introspection_cpp.dir/rosidl_typesupport_introspection_cpp/go2_interfaces/srv/detail/get_volume__type_support.cpp.o[0m
[ 47%] [32mBuilding CXX object CMakeFiles/go2_interfaces__rosidl_typesupport_introspection_cpp.dir/rosidl_typesupport_introspection_cpp/go2_interfaces/srv/detail/pose__type_support.cpp.o[0m
[ 47%] [32mBuilding CXX object CMakeFiles/go2_interfaces__rosidl_typesupport_introspection_cpp.dir/rosidl_typesupport_introspection_cpp/go2_interfaces/srv/detail/mode__type_support.cpp.o[0m
[ 47%] [32mBuilding CXX object CMakeFiles/go2_interfaces__rosidl_typesupport_introspection_cpp.dir/rosidl_typesupport_introspection_cpp/go2_interfaces/srv/detail/say__type_support.cpp.o[0m
[ 47%] [32mBuilding CXX object CMakeFiles/go2_interfaces__rosidl_typesupport_introspection_cpp.dir/rosidl_typesupport_introspection_cpp/go2_interfaces/srv/detail/set_switch__type_support.cpp.o[0m
[ 48%] [32mBuilding CXX object CMakeFiles/go2_interfaces__rosidl_typesupport_introspection_cpp.dir/rosidl_typesupport_introspection_cpp/go2_interfaces/srv/detail/set_brightness__type_support.cpp.o[0m
[ 49%] [32mBuilding CXX object CMakeFiles/go2_interfaces__rosidl_typesupport_introspection_cpp.dir/rosidl_typesupport_introspection_cpp/go2_interfaces/srv/detail/set_switch_obstacles_avoidance__type_support.cpp.o[0m
[ 49%] [32mBuilding CXX object CMakeFiles/go2_interfaces__rosidl_typesupport_introspection_cpp.dir/rosidl_typesupport_introspection_cpp/go2_interfaces/srv/detail/set_volume__type_support.cpp.o[0m
[ 50%] [32mBuilding CXX object CMakeFiles/go2_interfaces__rosidl_typesupport_introspection_cpp.dir/rosidl_typesupport_introspection_cpp/go2_interfaces/srv/detail/speed_level__type_support.cpp.o[0m
[ 50%] [32m[1mLinking CXX shared library libgo2_interfaces__rosidl_typesupport_cpp.so[0m
[ 50%] [32mBuilding C object CMakeFiles/go2_interfaces__rosidl_typesupport_introspection_c.dir/rosidl_typesupport_introspection_c/go2_interfaces/srv/detail/body_height__type_support.c.o[0m
[ 51%] [32mBuilding C object CMakeFiles/go2_interfaces__rosidl_typesupport_introspection_c.dir/rosidl_typesupport_introspection_c/go2_interfaces/srv/detail/continuous_gait__type_support.c.o[0m
[ 51%] Built target go2_interfaces__rosidl_typesupport_cpp
[ 51%] [32mBuilding CXX object CMakeFiles/go2_interfaces__rosidl_typesupport_introspection_cpp.dir/rosidl_typesupport_introspection_cpp/go2_interfaces/srv/detail/switch_gait__type_support.cpp.o[0m
[ 51%] [32mBuilding C object CMakeFiles/go2_interfaces__rosidl_typesupport_introspection_c.dir/rosidl_typesupport_introspection_c/go2_interfaces/srv/detail/euler__type_support.c.o[0m
[ 52%] [32mBuilding C object CMakeFiles/go2_interfaces__rosidl_typesupport_introspection_c.dir/rosidl_typesupport_introspection_c/go2_interfaces/srv/detail/foot_raise_height__type_support.c.o[0m
[ 52%] [32mBuilding C object CMakeFiles/go2_interfaces__rosidl_typesupport_introspection_c.dir/rosidl_typesupport_introspection_c/go2_interfaces/srv/detail/get_body_height__type_support.c.o[0m
[ 53%] [32mBuilding CXX object CMakeFiles/go2_interfaces__rosidl_typesupport_introspection_cpp.dir/rosidl_typesupport_introspection_cpp/go2_interfaces/srv/detail/switch_joystick__type_support.cpp.o[0m
[ 54%] [32mBuilding C object CMakeFiles/go2_interfaces__rosidl_typesupport_introspection_c.dir/rosidl_typesupport_introspection_c/go2_interfaces/srv/detail/get_brightness__type_support.c.o[0m
[ 54%] [32mBuilding C object CMakeFiles/go2_interfaces__rosidl_typesupport_introspection_c.dir/rosidl_typesupport_introspection_c/go2_interfaces/srv/detail/get_foot_raise_height__type_support.c.o[0m
[ 55%] [32mBuilding C object CMakeFiles/go2_interfaces__rosidl_typesupport_introspection_c.dir/rosidl_typesupport_introspection_c/go2_interfaces/srv/detail/get_speed_level__type_support.c.o[0m
[ 55%] [32mBuilding C object CMakeFiles/go2_interfaces__rosidl_typesupport_introspection_c.dir/rosidl_typesupport_introspection_c/go2_interfaces/srv/detail/get_state__type_support.c.o[0m
[ 56%] [32mBuilding C object CMakeFiles/go2_interfaces__rosidl_typesupport_introspection_c.dir/rosidl_typesupport_introspection_c/go2_interfaces/srv/detail/get_switch__type_support.c.o[0m
[ 57%] [32mBuilding C object CMakeFiles/go2_interfaces__rosidl_typesupport_introspection_c.dir/rosidl_typesupport_introspection_c/go2_interfaces/srv/detail/get_volume__type_support.c.o[0m
[ 57%] [32mBuilding C object CMakeFiles/go2_interfaces__rosidl_typesupport_introspection_c.dir/rosidl_typesupport_introspection_c/go2_interfaces/srv/detail/get_switch_obstacles_avoidance__type_support.c.o[0m
[ 57%] [32mBuilding C object CMakeFiles/go2_interfaces__rosidl_typesupport_introspection_c.dir/rosidl_typesupport_introspection_c/go2_interfaces/srv/detail/mode__type_support.c.o[0m
[ 58%] [32mBuilding C object CMakeFiles/go2_interfaces__rosidl_typesupport_introspection_c.dir/rosidl_typesupport_introspection_c/go2_interfaces/srv/detail/pose__type_support.c.o[0m
[ 58%] [32mBuilding C object CMakeFiles/go2_interfaces__rosidl_typesupport_introspection_c.dir/rosidl_typesupport_introspection_c/go2_interfaces/srv/detail/say__type_support.c.o[0m
[ 59%] [32mBuilding C object CMakeFiles/go2_interfaces__rosidl_typesupport_introspection_c.dir/rosidl_typesupport_introspection_c/go2_interfaces/srv/detail/set_brightness__type_support.c.o[0m
[ 60%] [32mBuilding C object CMakeFiles/go2_interfaces__rosidl_typesupport_introspection_c.dir/rosidl_typesupport_introspection_c/go2_interfaces/srv/detail/set_switch_obstacles_avoidance__type_support.c.o[0m
[ 60%] [32mBuilding C object CMakeFiles/go2_interfaces__rosidl_typesupport_introspection_c.dir/rosidl_typesupport_introspection_c/go2_interfaces/srv/detail/set_switch__type_support.c.o[0m
[ 60%] [32mBuilding C object CMakeFiles/go2_interfaces__rosidl_typesupport_introspection_c.dir/rosidl_typesupport_introspection_c/go2_interfaces/srv/detail/set_volume__type_support.c.o[0m
[ 61%] [32mBuilding C object CMakeFiles/go2_interfaces__rosidl_typesupport_introspection_c.dir/rosidl_typesupport_introspection_c/go2_interfaces/srv/detail/speed_level__type_support.c.o[0m
[ 61%] [32mBuilding C object CMakeFiles/go2_interfaces__rosidl_typesupport_introspection_c.dir/rosidl_typesupport_introspection_c/go2_interfaces/srv/detail/switch_gait__type_support.c.o[0m
[ 62%] [32mBuilding C object CMakeFiles/go2_interfaces__rosidl_typesupport_introspection_c.dir/rosidl_typesupport_introspection_c/go2_interfaces/srv/detail/switch_joystick__type_support.c.o[0m
[ 62%] [32mBuilding CXX object CMakeFiles/go2_interfaces__rosidl_typesupport_fastrtps_cpp.dir/rosidl_typesupport_fastrtps_cpp/go2_interfaces/srv/detail/dds_fastrtps/body_height__type_support.cpp.o[0m
[ 63%] [32mBuilding CXX object CMakeFiles/go2_interfaces__rosidl_typesupport_fastrtps_cpp.dir/rosidl_typesupport_fastrtps_cpp/go2_interfaces/srv/detail/dds_fastrtps/continuous_gait__type_support.cpp.o[0m
[ 63%] [32mBuilding CXX object CMakeFiles/go2_interfaces__rosidl_typesupport_fastrtps_cpp.dir/rosidl_typesupport_fastrtps_cpp/go2_interfaces/srv/detail/dds_fastrtps/euler__type_support.cpp.o[0m
[ 64%] [32mBuilding CXX object CMakeFiles/go2_interfaces__rosidl_typesupport_fastrtps_cpp.dir/rosidl_typesupport_fastrtps_cpp/go2_interfaces/srv/detail/dds_fastrtps/foot_raise_height__type_support.cpp.o[0m
[ 64%] [32mBuilding CXX object CMakeFiles/go2_interfaces__rosidl_typesupport_fastrtps_cpp.dir/rosidl_typesupport_fastrtps_cpp/go2_interfaces/srv/detail/dds_fastrtps/get_body_height__type_support.cpp.o[0m
[ 64%] [32mBuilding CXX object CMakeFiles/go2_interfaces__rosidl_typesupport_fastrtps_c.dir/rosidl_typesupport_fastrtps_c/go2_interfaces/srv/detail/body_height__type_support_c.cpp.o[0m
[ 65%] [32mBuilding CXX object CMakeFiles/go2_interfaces__rosidl_typesupport_fastrtps_cpp.dir/rosidl_typesupport_fastrtps_cpp/go2_interfaces/srv/detail/dds_fastrtps/get_brightness__type_support.cpp.o[0m
[ 65%] [32mBuilding CXX object CMakeFiles/go2_interfaces__rosidl_typesupport_fastrtps_cpp.dir/rosidl_typesupport_fastrtps_cpp/go2_interfaces/srv/detail/dds_fastrtps/get_foot_raise_height__type_support.cpp.o[0m
[ 65%] [32mBuilding CXX object CMakeFiles/go2_interfaces__rosidl_typesupport_fastrtps_c.dir/rosidl_typesupport_fastrtps_c/go2_interfaces/srv/detail/euler__type_support_c.cpp.o[0m
[ 67%] [32mBuilding CXX object CMakeFiles/go2_interfaces__rosidl_typesupport_fastrtps_c.dir/rosidl_typesupport_fastrtps_c/go2_interfaces/srv/detail/foot_raise_height__type_support_c.cpp.o[0m
[ 66%] [32mBuilding CXX object CMakeFiles/go2_interfaces__rosidl_typesupport_fastrtps_c.dir/rosidl_typesupport_fastrtps_c/go2_interfaces/srv/detail/continuous_gait__type_support_c.cpp.o[0m
[ 67%] [32mBuilding CXX object CMakeFiles/go2_interfaces__rosidl_typesupport_fastrtps_c.dir/rosidl_typesupport_fastrtps_c/go2_interfaces/srv/detail/get_body_height__type_support_c.cpp.o[0m
[ 68%] [32mBuilding CXX object CMakeFiles/go2_interfaces__rosidl_typesupport_fastrtps_c.dir/rosidl_typesupport_fastrtps_c/go2_interfaces/srv/detail/get_brightness__type_support_c.cpp.o[0m
[ 68%] [32mBuilding CXX object CMakeFiles/go2_interfaces__rosidl_typesupport_fastrtps_c.dir/rosidl_typesupport_fastrtps_c/go2_interfaces/srv/detail/get_foot_raise_height__type_support_c.cpp.o[0m
[ 69%] [32mBuilding CXX object CMakeFiles/go2_interfaces__rosidl_typesupport_fastrtps_cpp.dir/rosidl_typesupport_fastrtps_cpp/go2_interfaces/srv/detail/dds_fastrtps/get_speed_level__type_support.cpp.o[0m
[ 70%] [32mBuilding CXX object CMakeFiles/go2_interfaces__rosidl_typesupport_fastrtps_c.dir/rosidl_typesupport_fastrtps_c/go2_interfaces/srv/detail/get_speed_level__type_support_c.cpp.o[0m
[ 70%] [32m[1mLinking C shared library libgo2_interfaces__rosidl_typesupport_introspection_c.so[0m
[ 70%] [32mBuilding CXX object CMakeFiles/go2_interfaces__rosidl_typesupport_fastrtps_cpp.dir/rosidl_typesupport_fastrtps_cpp/go2_interfaces/srv/detail/dds_fastrtps/get_state__type_support.cpp.o[0m
[ 71%] [32mBuilding CXX object CMakeFiles/go2_interfaces__rosidl_typesupport_fastrtps_cpp.dir/rosidl_typesupport_fastrtps_cpp/go2_interfaces/srv/detail/dds_fastrtps/get_switch__type_support.cpp.o[0m
[ 71%] [32mBuilding CXX object CMakeFiles/go2_interfaces__rosidl_typesupport_fastrtps_c.dir/rosidl_typesupport_fastrtps_c/go2_interfaces/srv/detail/get_state__type_support_c.cpp.o[0m
[ 72%] [32mBuilding CXX object CMakeFiles/go2_interfaces__rosidl_typesupport_fastrtps_c.dir/rosidl_typesupport_fastrtps_c/go2_interfaces/srv/detail/get_switch__type_support_c.cpp.o[0m
[ 72%] [32mBuilding CXX object CMakeFiles/go2_interfaces__rosidl_typesupport_fastrtps_c.dir/rosidl_typesupport_fastrtps_c/go2_interfaces/srv/detail/get_switch_obstacles_avoidance__type_support_c.cpp.o[0m
[ 72%] [32mBuilding CXX object CMakeFiles/go2_interfaces__rosidl_typesupport_fastrtps_cpp.dir/rosidl_typesupport_fastrtps_cpp/go2_interfaces/srv/detail/dds_fastrtps/get_switch_obstacles_avoidance__type_support.cpp.o[0m
[ 72%] Built target go2_interfaces__rosidl_typesupport_introspection_c
[ 74%] [32mBuilding CXX object CMakeFiles/go2_interfaces__rosidl_typesupport_fastrtps_cpp.dir/rosidl_typesupport_fastrtps_cpp/go2_interfaces/srv/detail/dds_fastrtps/get_volume__type_support.cpp.o[0m
[ 74%] [32m[1mLinking CXX shared library libgo2_interfaces__rosidl_typesupport_introspection_cpp.so[0m
[ 75%] [32mBuilding CXX object CMakeFiles/go2_interfaces__rosidl_typesupport_fastrtps_c.dir/rosidl_typesupport_fastrtps_c/go2_interfaces/srv/detail/get_volume__type_support_c.cpp.o[0m
[ 75%] Built target go2_interfaces__rosidl_typesupport_introspection_cpp
[ 75%] [32mBuilding CXX object CMakeFiles/go2_interfaces__rosidl_typesupport_fastrtps_c.dir/rosidl_typesupport_fastrtps_c/go2_interfaces/srv/detail/mode__type_support_c.cpp.o[0m
[ 76%] [32mBuilding CXX object CMakeFiles/go2_interfaces__rosidl_typesupport_fastrtps_c.dir/rosidl_typesupport_fastrtps_c/go2_interfaces/srv/detail/pose__type_support_c.cpp.o[0m
[ 76%] [32mBuilding CXX object CMakeFiles/go2_interfaces__rosidl_typesupport_fastrtps_c.dir/rosidl_typesupport_fastrtps_c/go2_interfaces/srv/detail/say__type_support_c.cpp.o[0m
[ 76%] [32mBuilding CXX object CMakeFiles/go2_interfaces__rosidl_typesupport_fastrtps_cpp.dir/rosidl_typesupport_fastrtps_cpp/go2_interfaces/srv/detail/dds_fastrtps/mode__type_support.cpp.o[0m
[ 77%] [32mBuilding CXX object CMakeFiles/go2_interfaces__rosidl_typesupport_fastrtps_c.dir/rosidl_typesupport_fastrtps_c/go2_interfaces/srv/detail/set_brightness__type_support_c.cpp.o[0m
[ 77%] [32mBuilding CXX object CMakeFiles/go2_interfaces__rosidl_typesupport_fastrtps_c.dir/rosidl_typesupport_fastrtps_c/go2_interfaces/srv/detail/set_switch__type_support_c.cpp.o[0m
[ 78%] [32mBuilding CXX object CMakeFiles/go2_interfaces__rosidl_typesupport_fastrtps_cpp.dir/rosidl_typesupport_fastrtps_cpp/go2_interfaces/srv/detail/dds_fastrtps/pose__type_support.cpp.o[0m
[ 79%] [32mBuilding CXX object CMakeFiles/go2_interfaces__rosidl_typesupport_fastrtps_c.dir/rosidl_typesupport_fastrtps_c/go2_interfaces/srv/detail/set_switch_obstacles_avoidance__type_support_c.cpp.o[0m
[ 79%] [32mBuilding CXX object CMakeFiles/go2_interfaces__rosidl_typesupport_fastrtps_cpp.dir/rosidl_typesupport_fastrtps_cpp/go2_interfaces/srv/detail/dds_fastrtps/say__type_support.cpp.o[0m
[ 79%] [32mBuilding CXX object CMakeFiles/go2_interfaces__rosidl_typesupport_fastrtps_c.dir/rosidl_typesupport_fastrtps_c/go2_interfaces/srv/detail/set_volume__type_support_c.cpp.o[0m
[ 80%] [32mBuilding CXX object CMakeFiles/go2_interfaces__rosidl_typesupport_fastrtps_cpp.dir/rosidl_typesupport_fastrtps_cpp/go2_interfaces/srv/detail/dds_fastrtps/set_brightness__type_support.cpp.o[0m
[ 80%] [32mBuilding CXX object CMakeFiles/go2_interfaces__rosidl_typesupport_fastrtps_cpp.dir/rosidl_typesupport_fastrtps_cpp/go2_interfaces/srv/detail/dds_fastrtps/set_switch__type_support.cpp.o[0m
[ 81%] [32mBuilding CXX object CMakeFiles/go2_interfaces__rosidl_typesupport_fastrtps_c.dir/rosidl_typesupport_fastrtps_c/go2_interfaces/srv/detail/speed_level__type_support_c.cpp.o[0m
[ 82%] [32mBuilding CXX object CMakeFiles/go2_interfaces__rosidl_typesupport_fastrtps_cpp.dir/rosidl_typesupport_fastrtps_cpp/go2_interfaces/srv/detail/dds_fastrtps/set_switch_obstacles_avoidance__type_support.cpp.o[0m
[ 82%] [32mBuilding CXX object CMakeFiles/go2_interfaces__rosidl_typesupport_fastrtps_c.dir/rosidl_typesupport_fastrtps_c/go2_interfaces/srv/detail/switch_gait__type_support_c.cpp.o[0m
[ 82%] [32mBuilding CXX object CMakeFiles/go2_interfaces__rosidl_typesupport_fastrtps_cpp.dir/rosidl_typesupport_fastrtps_cpp/go2_interfaces/srv/detail/dds_fastrtps/set_volume__type_support.cpp.o[0m
[ 83%] [32mBuilding CXX object CMakeFiles/go2_interfaces__rosidl_typesupport_fastrtps_c.dir/rosidl_typesupport_fastrtps_c/go2_interfaces/srv/detail/switch_joystick__type_support_c.cpp.o[0m
[ 84%] [32mBuilding CXX object CMakeFiles/go2_interfaces__rosidl_typesupport_fastrtps_cpp.dir/rosidl_typesupport_fastrtps_cpp/go2_interfaces/srv/detail/dds_fastrtps/speed_level__type_support.cpp.o[0m
[ 84%] [32mBuilding CXX object CMakeFiles/go2_interfaces__rosidl_typesupport_fastrtps_cpp.dir/rosidl_typesupport_fastrtps_cpp/go2_interfaces/srv/detail/dds_fastrtps/switch_gait__type_support.cpp.o[0m
[ 85%] [32mBuilding CXX object CMakeFiles/go2_interfaces__rosidl_typesupport_fastrtps_cpp.dir/rosidl_typesupport_fastrtps_cpp/go2_interfaces/srv/detail/dds_fastrtps/switch_joystick__type_support.cpp.o[0m
[ 85%] [32m[1mLinking CXX shared library libgo2_interfaces__rosidl_typesupport_fastrtps_c.so[0m
[ 85%] Built target go2_interfaces__rosidl_typesupport_fastrtps_c
[ 85%] [32m[1mLinking CXX shared library libgo2_interfaces__rosidl_typesupport_fastrtps_cpp.so[0m
[ 85%] Built target go2_interfaces__rosidl_typesupport_fastrtps_cpp
[ 85%] Built target go2_interfaces
[ 86%] [34m[1mGenerating Python code for ROS interfaces[0m
[ 86%] Built target go2_interfaces__py
[ 90%] [32mBuilding C object CMakeFiles/go2_interfaces__rosidl_generator_py.dir/rosidl_generator_py/go2_interfaces/srv/_get_volume_s.c.o[0m
[ 90%] [32mBuilding C object CMakeFiles/go2_interfaces__rosidl_generator_py.dir/rosidl_generator_py/go2_interfaces/srv/_foot_raise_height_s.c.o[0m
[ 90%] [32mBuilding C object CMakeFiles/go2_interfaces__rosidl_generator_py.dir/rosidl_generator_py/go2_interfaces/srv/_get_speed_level_s.c.o[0m
[ 90%] [32mBuilding C object CMakeFiles/go2_interfaces__rosidl_generator_py.dir/rosidl_generator_py/go2_interfaces/srv/_get_body_height_s.c.o[0m
[ 90%] [32mBuilding C object CMakeFiles/go2_interfaces__rosidl_generator_py.dir/rosidl_generator_py/go2_interfaces/srv/_get_state_s.c.o[0m
[ 90%] [32mBuilding C object CMakeFiles/go2_interfaces__rosidl_generator_py.dir/rosidl_generator_py/go2_interfaces/srv/_body_height_s.c.o[0m
[ 90%] [32mBuilding C object CMakeFiles/go2_interfaces__rosidl_generator_py.dir/rosidl_generator_py/go2_interfaces/srv/_continuous_gait_s.c.o[0m
[ 90%] [32mBuilding C object CMakeFiles/go2_interfaces__rosidl_generator_py.dir/rosidl_generator_py/go2_interfaces/srv/_euler_s.c.o[0m
[ 92%] [32mBuilding C object CMakeFiles/go2_interfaces__rosidl_generator_py.dir/rosidl_generator_py/go2_interfaces/srv/_say_s.c.o[0m
[ 93%] [32mBuilding C object CMakeFiles/go2_interfaces__rosidl_generator_py.dir/rosidl_generator_py/go2_interfaces/srv/_mode_s.c.o[0m
[ 93%] [32mBuilding C object CMakeFiles/go2_interfaces__rosidl_generator_py.dir/rosidl_generator_py/go2_interfaces/srv/_set_brightness_s.c.o[0m
[ 93%] [32mBuilding C object CMakeFiles/go2_interfaces__rosidl_generator_py.dir/rosidl_generator_py/go2_interfaces/srv/_pose_s.c.o[0m
[ 93%] [32mBuilding C object CMakeFiles/go2_interfaces__rosidl_generator_py.dir/rosidl_generator_py/go2_interfaces/srv/_set_volume_s.c.o[0m
[ 93%] [32mBuilding C object CMakeFiles/go2_interfaces__rosidl_generator_py.dir/rosidl_generator_py/go2_interfaces/srv/_get_switch_obstacles_avoidance_s.c.o[0m
[ 93%] [32mBuilding C object CMakeFiles/go2_interfaces__rosidl_generator_py.dir/rosidl_generator_py/go2_interfaces/srv/_get_switch_s.c.o[0m
[ 92%] [32mBuilding C object CMakeFiles/go2_interfaces__rosidl_generator_py.dir/rosidl_generator_py/go2_interfaces/srv/_get_foot_raise_height_s.c.o[0m
[ 92%] [32mBuilding C object CMakeFiles/go2_interfaces__rosidl_generator_py.dir/rosidl_generator_py/go2_interfaces/srv/_set_switch_s.c.o[0m
[ 94%] [32mBuilding C object CMakeFiles/go2_interfaces__rosidl_generator_py.dir/rosidl_generator_py/go2_interfaces/srv/_switch_joystick_s.c.o[0m
[ 95%] [32mBuilding C object CMakeFiles/go2_interfaces__rosidl_generator_py.dir/rosidl_generator_py/go2_interfaces/srv/_speed_level_s.c.o[0m
[ 96%] [32mBuilding C object CMakeFiles/go2_interfaces__rosidl_generator_py.dir/rosidl_generator_py/go2_interfaces/srv/_get_brightness_s.c.o[0m
[ 97%] [32mBuilding C object CMakeFiles/go2_interfaces__rosidl_generator_py.dir/rosidl_generator_py/go2_interfaces/srv/_set_switch_obstacles_avoidance_s.c.o[0m
[ 97%] [32mBuilding C object CMakeFiles/go2_interfaces__rosidl_generator_py.dir/rosidl_generator_py/go2_interfaces/srv/_switch_gait_s.c.o[0m
[ 97%] [32m[1mLinking C shared library rosidl_generator_py/go2_interfaces/libgo2_interfaces__rosidl_generator_py.so[0m
[ 97%] Built target go2_interfaces__rosidl_generator_py
[100%] [32mBuilding C object CMakeFiles/go2_interfaces__rosidl_typesupport_fastrtps_c__pyext.dir/rosidl_generator_py/go2_interfaces/_go2_interfaces_s.ep.rosidl_typesupport_fastrtps_c.c.o[0m
[100%] [32mBuilding C object CMakeFiles/go2_interfaces__rosidl_typesupport_c__pyext.dir/rosidl_generator_py/go2_interfaces/_go2_interfaces_s.ep.rosidl_typesupport_c.c.o[0m
[100%] [32mBuilding C object CMakeFiles/go2_interfaces__rosidl_typesupport_introspection_c__pyext.dir/rosidl_generator_py/go2_interfaces/_go2_interfaces_s.ep.rosidl_typesupport_introspection_c.c.o[0m
[100%] [32m[1mLinking C shared library rosidl_generator_py/go2_interfaces/go2_interfaces_s__rosidl_typesupport_c.cpython-310-x86_64-linux-gnu.so[0m
[100%] Built target go2_interfaces__rosidl_typesupport_c__pyext
[100%] [32m[1mLinking C shared library rosidl_generator_py/go2_interfaces/go2_interfaces_s__rosidl_typesupport_fastrtps_c.cpython-310-x86_64-linux-gnu.so[0m
[100%] [32m[1mLinking C shared library rosidl_generator_py/go2_interfaces/go2_interfaces_s__rosidl_typesupport_introspection_c.cpython-310-x86_64-linux-gnu.so[0m
[100%] Built target go2_interfaces__rosidl_typesupport_fastrtps_c__pyext
[100%] Built target go2_interfaces__rosidl_typesupport_introspection_c__pyext
-- Install configuration: ""
-- Execute custom install script
-- Symlinking: /home/jnu/go2_ws/install/go2_interfaces/share/ament_index/resource_index/rosidl_interfaces/go2_interfaces
-- Symlinking: /home/jnu/go2_ws/install/go2_interfaces/include/go2_interfaces/go2_interfaces/msg/rosidl_generator_c__visibility_control.h
-- Symlinking: /home/jnu/go2_ws/install/go2_interfaces/include/go2_interfaces/go2_interfaces/srv/body_height.h
-- Symlinking: /home/jnu/go2_ws/install/go2_interfaces/include/go2_interfaces/go2_interfaces/srv/continuous_gait.h
-- Symlinking: /home/jnu/go2_ws/install/go2_interfaces/include/go2_interfaces/go2_interfaces/srv/detail/body_height__functions.h
-- Symlinking: /home/jnu/go2_ws/install/go2_interfaces/include/go2_interfaces/go2_interfaces/srv/detail/body_height__struct.h
-- Symlinking: /home/jnu/go2_ws/install/go2_interfaces/include/go2_interfaces/go2_interfaces/srv/detail/body_height__type_support.h
-- Symlinking: /home/jnu/go2_ws/install/go2_interfaces/include/go2_interfaces/go2_interfaces/srv/detail/continuous_gait__functions.h
-- Symlinking: /home/jnu/go2_ws/install/go2_interfaces/include/go2_interfaces/go2_interfaces/srv/detail/continuous_gait__struct.h
-- Symlinking: /home/jnu/go2_ws/install/go2_interfaces/include/go2_interfaces/go2_interfaces/srv/detail/continuous_gait__type_support.h
-- Symlinking: /home/jnu/go2_ws/install/go2_interfaces/include/go2_interfaces/go2_interfaces/srv/detail/euler__functions.h
-- Symlinking: /home/jnu/go2_ws/install/go2_interfaces/include/go2_interfaces/go2_interfaces/srv/detail/euler__struct.h
-- Symlinking: /home/jnu/go2_ws/install/go2_interfaces/include/go2_interfaces/go2_interfaces/srv/detail/euler__type_support.h
-- Symlinking: /home/jnu/go2_ws/install/go2_interfaces/include/go2_interfaces/go2_interfaces/srv/detail/foot_raise_height__functions.h
-- Symlinking: /home/jnu/go2_ws/install/go2_interfaces/include/go2_interfaces/go2_interfaces/srv/detail/foot_raise_height__struct.h
-- Symlinking: /home/jnu/go2_ws/install/go2_interfaces/include/go2_interfaces/go2_interfaces/srv/detail/foot_raise_height__type_support.h
-- Symlinking: /home/jnu/go2_ws/install/go2_interfaces/include/go2_interfaces/go2_interfaces/srv/detail/get_body_height__functions.h
-- Symlinking: /home/jnu/go2_ws/install/go2_interfaces/include/go2_interfaces/go2_interfaces/srv/detail/get_body_height__struct.h
-- Symlinking: /home/jnu/go2_ws/install/go2_interfaces/include/go2_interfaces/go2_interfaces/srv/detail/get_body_height__type_support.h
-- Symlinking: /home/jnu/go2_ws/install/go2_interfaces/include/go2_interfaces/go2_interfaces/srv/detail/get_brightness__functions.h
-- Symlinking: /home/jnu/go2_ws/install/go2_interfaces/include/go2_interfaces/go2_interfaces/srv/detail/get_brightness__struct.h
-- Symlinking: /home/jnu/go2_ws/install/go2_interfaces/include/go2_interfaces/go2_interfaces/srv/detail/get_brightness__type_support.h
-- Symlinking: /home/jnu/go2_ws/install/go2_interfaces/include/go2_interfaces/go2_interfaces/srv/detail/get_foot_raise_height__functions.h
-- Symlinking: /home/jnu/go2_ws/install/go2_interfaces/include/go2_interfaces/go2_interfaces/srv/detail/get_foot_raise_height__struct.h
-- Symlinking: /home/jnu/go2_ws/install/go2_interfaces/include/go2_interfaces/go2_interfaces/srv/detail/get_foot_raise_height__type_support.h
-- Symlinking: /home/jnu/go2_ws/install/go2_interfaces/include/go2_interfaces/go2_interfaces/srv/detail/get_speed_level__functions.h
-- Symlinking: /home/jnu/go2_ws/install/go2_interfaces/include/go2_interfaces/go2_interfaces/srv/detail/get_speed_level__struct.h
-- Symlinking: /home/jnu/go2_ws/install/go2_interfaces/include/go2_interfaces/go2_interfaces/srv/detail/get_speed_level__type_support.h
-- Symlinking: /home/jnu/go2_ws/install/go2_interfaces/include/go2_interfaces/go2_interfaces/srv/detail/get_state__functions.h
-- Symlinking: /home/jnu/go2_ws/install/go2_interfaces/include/go2_interfaces/go2_interfaces/srv/detail/get_state__struct.h
-- Symlinking: /home/jnu/go2_ws/install/go2_interfaces/include/go2_interfaces/go2_interfaces/srv/detail/get_state__type_support.h
-- Symlinking: /home/jnu/go2_ws/install/go2_interfaces/include/go2_interfaces/go2_interfaces/srv/detail/get_switch__functions.h
-- Symlinking: /home/jnu/go2_ws/install/go2_interfaces/include/go2_interfaces/go2_interfaces/srv/detail/get_switch__struct.h
-- Symlinking: /home/jnu/go2_ws/install/go2_interfaces/include/go2_interfaces/go2_interfaces/srv/detail/get_switch__type_support.h
-- Symlinking: /home/jnu/go2_ws/install/go2_interfaces/include/go2_interfaces/go2_interfaces/srv/detail/get_switch_obstacles_avoidance__functions.h
-- Symlinking: /home/jnu/go2_ws/install/go2_interfaces/include/go2_interfaces/go2_interfaces/srv/detail/get_switch_obstacles_avoidance__struct.h
-- Symlinking: /home/jnu/go2_ws/install/go2_interfaces/include/go2_interfaces/go2_interfaces/srv/detail/get_switch_obstacles_avoidance__type_support.h
-- Symlinking: /home/jnu/go2_ws/install/go2_interfaces/include/go2_interfaces/go2_interfaces/srv/detail/get_volume__functions.h
-- Symlinking: /home/jnu/go2_ws/install/go2_interfaces/include/go2_interfaces/go2_interfaces/srv/detail/get_volume__struct.h
-- Symlinking: /home/jnu/go2_ws/install/go2_interfaces/include/go2_interfaces/go2_interfaces/srv/detail/get_volume__type_support.h
-- Symlinking: /home/jnu/go2_ws/install/go2_interfaces/include/go2_interfaces/go2_interfaces/srv/detail/mode__functions.h
-- Symlinking: /home/jnu/go2_ws/install/go2_interfaces/include/go2_interfaces/go2_interfaces/srv/detail/mode__struct.h
-- Symlinking: /home/jnu/go2_ws/install/go2_interfaces/include/go2_interfaces/go2_interfaces/srv/detail/mode__type_support.h
-- Symlinking: /home/jnu/go2_ws/install/go2_interfaces/include/go2_interfaces/go2_interfaces/srv/detail/pose__functions.h
-- Symlinking: /home/jnu/go2_ws/install/go2_interfaces/include/go2_interfaces/go2_interfaces/srv/detail/pose__struct.h
-- Symlinking: /home/jnu/go2_ws/install/go2_interfaces/include/go2_interfaces/go2_interfaces/srv/detail/pose__type_support.h
-- Symlinking: /home/jnu/go2_ws/install/go2_interfaces/include/go2_interfaces/go2_interfaces/srv/detail/say__functions.h
-- Symlinking: /home/jnu/go2_ws/install/go2_interfaces/include/go2_interfaces/go2_interfaces/srv/detail/say__struct.h
-- Symlinking: /home/jnu/go2_ws/install/go2_interfaces/include/go2_interfaces/go2_interfaces/srv/detail/say__type_support.h
-- Symlinking: /home/jnu/go2_ws/install/go2_interfaces/include/go2_interfaces/go2_interfaces/srv/detail/set_brightness__functions.h
-- Symlinking: /home/jnu/go2_ws/install/go2_interfaces/include/go2_interfaces/go2_interfaces/srv/detail/set_brightness__struct.h
-- Symlinking: /home/jnu/go2_ws/install/go2_interfaces/include/go2_interfaces/go2_interfaces/srv/detail/set_brightness__type_support.h
-- Symlinking: /home/jnu/go2_ws/install/go2_interfaces/include/go2_interfaces/go2_interfaces/srv/detail/set_switch__functions.h
-- Symlinking: /home/jnu/go2_ws/install/go2_interfaces/include/go2_interfaces/go2_interfaces/srv/detail/set_switch__struct.h
-- Symlinking: /home/jnu/go2_ws/install/go2_interfaces/include/go2_interfaces/go2_interfaces/srv/detail/set_switch__type_support.h
-- Symlinking: /home/jnu/go2_ws/install/go2_interfaces/include/go2_interfaces/go2_interfaces/srv/detail/set_switch_obstacles_avoidance__functions.h
-- Symlinking: /home/jnu/go2_ws/install/go2_interfaces/include/go2_interfaces/go2_interfaces/srv/detail/set_switch_obstacles_avoidance__struct.h
-- Symlinking: /home/jnu/go2_ws/install/go2_interfaces/include/go2_interfaces/go2_interfaces/srv/detail/set_switch_obstacles_avoidance__type_support.h
-- Symlinking: /home/jnu/go2_ws/install/go2_interfaces/include/go2_interfaces/go2_interfaces/srv/detail/set_volume__functions.h
-- Symlinking: /home/jnu/go2_ws/install/go2_interfaces/include/go2_interfaces/go2_interfaces/srv/detail/set_volume__struct.h
-- Symlinking: /home/jnu/go2_ws/install/go2_interfaces/include/go2_interfaces/go2_interfaces/srv/detail/set_volume__type_support.h
-- Symlinking: /home/jnu/go2_ws/install/go2_interfaces/include/go2_interfaces/go2_interfaces/srv/detail/speed_level__functions.h
-- Symlinking: /home/jnu/go2_ws/install/go2_interfaces/include/go2_interfaces/go2_interfaces/srv/detail/speed_level__struct.h
-- Symlinking: /home/jnu/go2_ws/install/go2_interfaces/include/go2_interfaces/go2_interfaces/srv/detail/speed_level__type_support.h
-- Symlinking: /home/jnu/go2_ws/install/go2_interfaces/include/go2_interfaces/go2_interfaces/srv/detail/switch_gait__functions.h
-- Symlinking: /home/jnu/go2_ws/install/go2_interfaces/include/go2_interfaces/go2_interfaces/srv/detail/switch_gait__struct.h
-- Symlinking: /home/jnu/go2_ws/install/go2_interfaces/include/go2_interfaces/go2_interfaces/srv/detail/switch_gait__type_support.h
-- Symlinking: /home/jnu/go2_ws/install/go2_interfaces/include/go2_interfaces/go2_interfaces/srv/detail/switch_joystick__functions.h
-- Symlinking: /home/jnu/go2_ws/install/go2_interfaces/include/go2_interfaces/go2_interfaces/srv/detail/switch_joystick__struct.h
-- Symlinking: /home/jnu/go2_ws/install/go2_interfaces/include/go2_interfaces/go2_interfaces/srv/detail/switch_joystick__type_support.h
-- Symlinking: /home/jnu/go2_ws/install/go2_interfaces/include/go2_interfaces/go2_interfaces/srv/euler.h
-- Symlinking: /home/jnu/go2_ws/install/go2_interfaces/include/go2_interfaces/go2_interfaces/srv/foot_raise_height.h
-- Symlinking: /home/jnu/go2_ws/install/go2_interfaces/include/go2_interfaces/go2_interfaces/srv/get_body_height.h
-- Symlinking: /home/jnu/go2_ws/install/go2_interfaces/include/go2_interfaces/go2_interfaces/srv/get_brightness.h
-- Symlinking: /home/jnu/go2_ws/install/go2_interfaces/include/go2_interfaces/go2_interfaces/srv/get_foot_raise_height.h
-- Symlinking: /home/jnu/go2_ws/install/go2_interfaces/include/go2_interfaces/go2_interfaces/srv/get_speed_level.h
-- Symlinking: /home/jnu/go2_ws/install/go2_interfaces/include/go2_interfaces/go2_interfaces/srv/get_state.h
-- Symlinking: /home/jnu/go2_ws/install/go2_interfaces/include/go2_interfaces/go2_interfaces/srv/get_switch.h
-- Symlinking: /home/jnu/go2_ws/install/go2_interfaces/include/go2_interfaces/go2_interfaces/srv/get_switch_obstacles_avoidance.h
-- Symlinking: /home/jnu/go2_ws/install/go2_interfaces/include/go2_interfaces/go2_interfaces/srv/get_volume.h
-- Symlinking: /home/jnu/go2_ws/install/go2_interfaces/include/go2_interfaces/go2_interfaces/srv/mode.h
-- Symlinking: /home/jnu/go2_ws/install/go2_interfaces/include/go2_interfaces/go2_interfaces/srv/pose.h
-- Symlinking: /home/jnu/go2_ws/install/go2_interfaces/include/go2_interfaces/go2_interfaces/srv/say.h
-- Symlinking: /home/jnu/go2_ws/install/go2_interfaces/include/go2_interfaces/go2_interfaces/srv/set_brightness.h
-- Symlinking: /home/jnu/go2_ws/install/go2_interfaces/include/go2_interfaces/go2_interfaces/srv/set_switch.h
-- Symlinking: /home/jnu/go2_ws/install/go2_interfaces/include/go2_interfaces/go2_interfaces/srv/set_switch_obstacles_avoidance.h
-- Symlinking: /home/jnu/go2_ws/install/go2_interfaces/include/go2_interfaces/go2_interfaces/srv/set_volume.h
-- Symlinking: /home/jnu/go2_ws/install/go2_interfaces/include/go2_interfaces/go2_interfaces/srv/speed_level.h
-- Symlinking: /home/jnu/go2_ws/install/go2_interfaces/include/go2_interfaces/go2_interfaces/srv/switch_gait.h
-- Symlinking: /home/jnu/go2_ws/install/go2_interfaces/include/go2_interfaces/go2_interfaces/srv/switch_joystick.h
-- Symlinking: /home/jnu/go2_ws/install/go2_interfaces/share/go2_interfaces/environment/library_path.sh
-- Symlinking: /home/jnu/go2_ws/install/go2_interfaces/share/go2_interfaces/environment/library_path.dsv
-- Symlinking: /home/jnu/go2_ws/install/go2_interfaces/include/go2_interfaces/go2_interfaces/msg/rosidl_typesupport_fastrtps_c__visibility_control.h
-- Symlinking: /home/jnu/go2_ws/install/go2_interfaces/include/go2_interfaces/go2_interfaces/srv/detail/body_height__rosidl_typesupport_fastrtps_c.h
-- Symlinking: /home/jnu/go2_ws/install/go2_interfaces/include/go2_interfaces/go2_interfaces/srv/detail/continuous_gait__rosidl_typesupport_fastrtps_c.h
-- Symlinking: /home/jnu/go2_ws/install/go2_interfaces/include/go2_interfaces/go2_interfaces/srv/detail/euler__rosidl_typesupport_fastrtps_c.h
-- Symlinking: /home/jnu/go2_ws/install/go2_interfaces/include/go2_interfaces/go2_interfaces/srv/detail/foot_raise_height__rosidl_typesupport_fastrtps_c.h
-- Symlinking: /home/jnu/go2_ws/install/go2_interfaces/include/go2_interfaces/go2_interfaces/srv/detail/get_body_height__rosidl_typesupport_fastrtps_c.h
-- Symlinking: /home/jnu/go2_ws/install/go2_interfaces/include/go2_interfaces/go2_interfaces/srv/detail/get_brightness__rosidl_typesupport_fastrtps_c.h
-- Symlinking: /home/jnu/go2_ws/install/go2_interfaces/include/go2_interfaces/go2_interfaces/srv/detail/get_foot_raise_height__rosidl_typesupport_fastrtps_c.h
-- Symlinking: /home/jnu/go2_ws/install/go2_interfaces/include/go2_interfaces/go2_interfaces/srv/detail/get_speed_level__rosidl_typesupport_fastrtps_c.h
-- Symlinking: /home/jnu/go2_ws/install/go2_interfaces/include/go2_interfaces/go2_interfaces/srv/detail/get_state__rosidl_typesupport_fastrtps_c.h
-- Symlinking: /home/jnu/go2_ws/install/go2_interfaces/include/go2_interfaces/go2_interfaces/srv/detail/get_switch__rosidl_typesupport_fastrtps_c.h
-- Symlinking: /home/jnu/go2_ws/install/go2_interfaces/include/go2_interfaces/go2_interfaces/srv/detail/get_switch_obstacles_avoidance__rosidl_typesupport_fastrtps_c.h
-- Symlinking: /home/jnu/go2_ws/install/go2_interfaces/include/go2_interfaces/go2_interfaces/srv/detail/get_volume__rosidl_typesupport_fastrtps_c.h
-- Symlinking: /home/jnu/go2_ws/install/go2_interfaces/include/go2_interfaces/go2_interfaces/srv/detail/mode__rosidl_typesupport_fastrtps_c.h
-- Symlinking: /home/jnu/go2_ws/install/go2_interfaces/include/go2_interfaces/go2_interfaces/srv/detail/pose__rosidl_typesupport_fastrtps_c.h
-- Symlinking: /home/jnu/go2_ws/install/go2_interfaces/include/go2_interfaces/go2_interfaces/srv/detail/say__rosidl_typesupport_fastrtps_c.h
-- Symlinking: /home/jnu/go2_ws/install/go2_interfaces/include/go2_interfaces/go2_interfaces/srv/detail/set_brightness__rosidl_typesupport_fastrtps_c.h
-- Symlinking: /home/jnu/go2_ws/install/go2_interfaces/include/go2_interfaces/go2_interfaces/srv/detail/set_switch__rosidl_typesupport_fastrtps_c.h
-- Symlinking: /home/jnu/go2_ws/install/go2_interfaces/include/go2_interfaces/go2_interfaces/srv/detail/set_switch_obstacles_avoidance__rosidl_typesupport_fastrtps_c.h
-- Symlinking: /home/jnu/go2_ws/install/go2_interfaces/include/go2_interfaces/go2_interfaces/srv/detail/set_volume__rosidl_typesupport_fastrtps_c.h
-- Symlinking: /home/jnu/go2_ws/install/go2_interfaces/include/go2_interfaces/go2_interfaces/srv/detail/speed_level__rosidl_typesupport_fastrtps_c.h
-- Symlinking: /home/jnu/go2_ws/install/go2_interfaces/include/go2_interfaces/go2_interfaces/srv/detail/switch_gait__rosidl_typesupport_fastrtps_c.h
-- Symlinking: /home/jnu/go2_ws/install/go2_interfaces/include/go2_interfaces/go2_interfaces/srv/detail/switch_joystick__rosidl_typesupport_fastrtps_c.h
-- Symlinking: /home/jnu/go2_ws/install/go2_interfaces/include/go2_interfaces/go2_interfaces/msg/rosidl_typesupport_introspection_c__visibility_control.h
-- Symlinking: /home/jnu/go2_ws/install/go2_interfaces/include/go2_interfaces/go2_interfaces/srv/detail/body_height__rosidl_typesupport_introspection_c.h
-- Symlinking: /home/jnu/go2_ws/install/go2_interfaces/include/go2_interfaces/go2_interfaces/srv/detail/continuous_gait__rosidl_typesupport_introspection_c.h
-- Symlinking: /home/jnu/go2_ws/install/go2_interfaces/include/go2_interfaces/go2_interfaces/srv/detail/euler__rosidl_typesupport_introspection_c.h
-- Symlinking: /home/jnu/go2_ws/install/go2_interfaces/include/go2_interfaces/go2_interfaces/srv/detail/foot_raise_height__rosidl_typesupport_introspection_c.h
-- Symlinking: /home/jnu/go2_ws/install/go2_interfaces/include/go2_interfaces/go2_interfaces/srv/detail/get_body_height__rosidl_typesupport_introspection_c.h
-- Symlinking: /home/jnu/go2_ws/install/go2_interfaces/include/go2_interfaces/go2_interfaces/srv/detail/get_brightness__rosidl_typesupport_introspection_c.h
-- Symlinking: /home/jnu/go2_ws/install/go2_interfaces/include/go2_interfaces/go2_interfaces/srv/detail/get_foot_raise_height__rosidl_typesupport_introspection_c.h
-- Symlinking: /home/jnu/go2_ws/install/go2_interfaces/include/go2_interfaces/go2_interfaces/srv/detail/get_speed_level__rosidl_typesupport_introspection_c.h
-- Symlinking: /home/jnu/go2_ws/install/go2_interfaces/include/go2_interfaces/go2_interfaces/srv/detail/get_state__rosidl_typesupport_introspection_c.h
-- Symlinking: /home/jnu/go2_ws/install/go2_interfaces/include/go2_interfaces/go2_interfaces/srv/detail/get_switch__rosidl_typesupport_introspection_c.h
-- Symlinking: /home/jnu/go2_ws/install/go2_interfaces/include/go2_interfaces/go2_interfaces/srv/detail/get_switch_obstacles_avoidance__rosidl_typesupport_introspection_c.h
-- Symlinking: /home/jnu/go2_ws/install/go2_interfaces/include/go2_interfaces/go2_interfaces/srv/detail/get_volume__rosidl_typesupport_introspection_c.h
-- Symlinking: /home/jnu/go2_ws/install/go2_interfaces/include/go2_interfaces/go2_interfaces/srv/detail/mode__rosidl_typesupport_introspection_c.h
-- Symlinking: /home/jnu/go2_ws/install/go2_interfaces/include/go2_interfaces/go2_interfaces/srv/detail/pose__rosidl_typesupport_introspection_c.h
-- Symlinking: /home/jnu/go2_ws/install/go2_interfaces/include/go2_interfaces/go2_interfaces/srv/detail/say__rosidl_typesupport_introspection_c.h
-- Symlinking: /home/jnu/go2_ws/install/go2_interfaces/include/go2_interfaces/go2_interfaces/srv/detail/set_brightness__rosidl_typesupport_introspection_c.h
-- Symlinking: /home/jnu/go2_ws/install/go2_interfaces/include/go2_interfaces/go2_interfaces/srv/detail/set_switch__rosidl_typesupport_introspection_c.h
-- Symlinking: /home/jnu/go2_ws/install/go2_interfaces/include/go2_interfaces/go2_interfaces/srv/detail/set_switch_obstacles_avoidance__rosidl_typesupport_introspection_c.h
-- Symlinking: /home/jnu/go2_ws/install/go2_interfaces/include/go2_interfaces/go2_interfaces/srv/detail/set_volume__rosidl_typesupport_introspection_c.h
-- Symlinking: /home/jnu/go2_ws/install/go2_interfaces/include/go2_interfaces/go2_interfaces/srv/detail/speed_level__rosidl_typesupport_introspection_c.h
-- Symlinking: /home/jnu/go2_ws/install/go2_interfaces/include/go2_interfaces/go2_interfaces/srv/detail/switch_gait__rosidl_typesupport_introspection_c.h
-- Symlinking: /home/jnu/go2_ws/install/go2_interfaces/include/go2_interfaces/go2_interfaces/srv/detail/switch_joystick__rosidl_typesupport_introspection_c.h
-- Symlinking: /home/jnu/go2_ws/install/go2_interfaces/include/go2_interfaces/go2_interfaces/msg/rosidl_generator_cpp__visibility_control.hpp
-- Symlinking: /home/jnu/go2_ws/install/go2_interfaces/include/go2_interfaces/go2_interfaces/srv/body_height.hpp
-- Symlinking: /home/jnu/go2_ws/install/go2_interfaces/include/go2_interfaces/go2_interfaces/srv/continuous_gait.hpp
-- Symlinking: /home/jnu/go2_ws/install/go2_interfaces/include/go2_interfaces/go2_interfaces/srv/detail/body_height__builder.hpp
-- Symlinking: /home/jnu/go2_ws/install/go2_interfaces/include/go2_interfaces/go2_interfaces/srv/detail/body_height__struct.hpp
-- Symlinking: /home/jnu/go2_ws/install/go2_interfaces/include/go2_interfaces/go2_interfaces/srv/detail/body_height__traits.hpp
-- Symlinking: /home/jnu/go2_ws/install/go2_interfaces/include/go2_interfaces/go2_interfaces/srv/detail/body_height__type_support.hpp
-- Symlinking: /home/jnu/go2_ws/install/go2_interfaces/include/go2_interfaces/go2_interfaces/srv/detail/continuous_gait__builder.hpp
-- Symlinking: /home/jnu/go2_ws/install/go2_interfaces/include/go2_interfaces/go2_interfaces/srv/detail/continuous_gait__struct.hpp
-- Symlinking: /home/jnu/go2_ws/install/go2_interfaces/include/go2_interfaces/go2_interfaces/srv/detail/continuous_gait__traits.hpp
-- Symlinking: /home/jnu/go2_ws/install/go2_interfaces/include/go2_interfaces/go2_interfaces/srv/detail/continuous_gait__type_support.hpp
-- Symlinking: /home/jnu/go2_ws/install/go2_interfaces/include/go2_interfaces/go2_interfaces/srv/detail/euler__builder.hpp
-- Symlinking: /home/jnu/go2_ws/install/go2_interfaces/include/go2_interfaces/go2_interfaces/srv/detail/euler__struct.hpp
-- Symlinking: /home/jnu/go2_ws/install/go2_interfaces/include/go2_interfaces/go2_interfaces/srv/detail/euler__traits.hpp
-- Symlinking: /home/jnu/go2_ws/install/go2_interfaces/include/go2_interfaces/go2_interfaces/srv/detail/euler__type_support.hpp
-- Symlinking: /home/jnu/go2_ws/install/go2_interfaces/include/go2_interfaces/go2_interfaces/srv/detail/foot_raise_height__builder.hpp
-- Symlinking: /home/jnu/go2_ws/install/go2_interfaces/include/go2_interfaces/go2_interfaces/srv/detail/foot_raise_height__struct.hpp
-- Symlinking: /home/jnu/go2_ws/install/go2_interfaces/include/go2_interfaces/go2_interfaces/srv/detail/foot_raise_height__traits.hpp
-- Symlinking: /home/jnu/go2_ws/install/go2_interfaces/include/go2_interfaces/go2_interfaces/srv/detail/foot_raise_height__type_support.hpp
-- Symlinking: /home/jnu/go2_ws/install/go2_interfaces/include/go2_interfaces/go2_interfaces/srv/detail/get_body_height__builder.hpp
-- Symlinking: /home/jnu/go2_ws/install/go2_interfaces/include/go2_interfaces/go2_interfaces/srv/detail/get_body_height__struct.hpp
-- Symlinking: /home/jnu/go2_ws/install/go2_interfaces/include/go2_interfaces/go2_interfaces/srv/detail/get_body_height__traits.hpp
-- Symlinking: /home/jnu/go2_ws/install/go2_interfaces/include/go2_interfaces/go2_interfaces/srv/detail/get_body_height__type_support.hpp
-- Symlinking: /home/jnu/go2_ws/install/go2_interfaces/include/go2_interfaces/go2_interfaces/srv/detail/get_brightness__builder.hpp
-- Symlinking: /home/jnu/go2_ws/install/go2_interfaces/include/go2_interfaces/go2_interfaces/srv/detail/get_brightness__struct.hpp
-- Symlinking: /home/jnu/go2_ws/install/go2_interfaces/include/go2_interfaces/go2_interfaces/srv/detail/get_brightness__traits.hpp
-- Symlinking: /home/jnu/go2_ws/install/go2_interfaces/include/go2_interfaces/go2_interfaces/srv/detail/get_brightness__type_support.hpp
-- Symlinking: /home/jnu/go2_ws/install/go2_interfaces/include/go2_interfaces/go2_interfaces/srv/detail/get_foot_raise_height__builder.hpp
-- Symlinking: /home/jnu/go2_ws/install/go2_interfaces/include/go2_interfaces/go2_interfaces/srv/detail/get_foot_raise_height__struct.hpp
-- Symlinking: /home/jnu/go2_ws/install/go2_interfaces/include/go2_interfaces/go2_interfaces/srv/detail/get_foot_raise_height__traits.hpp
-- Symlinking: /home/jnu/go2_ws/install/go2_interfaces/include/go2_interfaces/go2_interfaces/srv/detail/get_foot_raise_height__type_support.hpp
-- Symlinking: /home/jnu/go2_ws/install/go2_interfaces/include/go2_interfaces/go2_interfaces/srv/detail/get_speed_level__builder.hpp
-- Symlinking: /home/jnu/go2_ws/install/go2_interfaces/include/go2_interfaces/go2_interfaces/srv/detail/get_speed_level__struct.hpp
-- Symlinking: /home/jnu/go2_ws/install/go2_interfaces/include/go2_interfaces/go2_interfaces/srv/detail/get_speed_level__traits.hpp
-- Symlinking: /home/jnu/go2_ws/install/go2_interfaces/include/go2_interfaces/go2_interfaces/srv/detail/get_speed_level__type_support.hpp
-- Symlinking: /home/jnu/go2_ws/install/go2_interfaces/include/go2_interfaces/go2_interfaces/srv/detail/get_state__builder.hpp
-- Symlinking: /home/jnu/go2_ws/install/go2_interfaces/include/go2_interfaces/go2_interfaces/srv/detail/get_state__struct.hpp
-- Symlinking: /home/jnu/go2_ws/install/go2_interfaces/include/go2_interfaces/go2_interfaces/srv/detail/get_state__traits.hpp
-- Symlinking: /home/jnu/go2_ws/install/go2_interfaces/include/go2_interfaces/go2_interfaces/srv/detail/get_state__type_support.hpp
-- Symlinking: /home/jnu/go2_ws/install/go2_interfaces/include/go2_interfaces/go2_interfaces/srv/detail/get_switch__builder.hpp
-- Symlinking: /home/jnu/go2_ws/install/go2_interfaces/include/go2_interfaces/go2_interfaces/srv/detail/get_switch__struct.hpp
-- Symlinking: /home/jnu/go2_ws/install/go2_interfaces/include/go2_interfaces/go2_interfaces/srv/detail/get_switch__traits.hpp
-- Symlinking: /home/jnu/go2_ws/install/go2_interfaces/include/go2_interfaces/go2_interfaces/srv/detail/get_switch__type_support.hpp
-- Symlinking: /home/jnu/go2_ws/install/go2_interfaces/include/go2_interfaces/go2_interfaces/srv/detail/get_switch_obstacles_avoidance__builder.hpp
-- Symlinking: /home/jnu/go2_ws/install/go2_interfaces/include/go2_interfaces/go2_interfaces/srv/detail/get_switch_obstacles_avoidance__struct.hpp
-- Symlinking: /home/jnu/go2_ws/install/go2_interfaces/include/go2_interfaces/go2_interfaces/srv/detail/get_switch_obstacles_avoidance__traits.hpp
-- Symlinking: /home/jnu/go2_ws/install/go2_interfaces/include/go2_interfaces/go2_interfaces/srv/detail/get_switch_obstacles_avoidance__type_support.hpp
-- Symlinking: /home/jnu/go2_ws/install/go2_interfaces/include/go2_interfaces/go2_interfaces/srv/detail/get_volume__builder.hpp
-- Symlinking: /home/jnu/go2_ws/install/go2_interfaces/include/go2_interfaces/go2_interfaces/srv/detail/get_volume__struct.hpp
-- Symlinking: /home/jnu/go2_ws/install/go2_interfaces/include/go2_interfaces/go2_interfaces/srv/detail/get_volume__traits.hpp
-- Symlinking: /home/jnu/go2_ws/install/go2_interfaces/include/go2_interfaces/go2_interfaces/srv/detail/get_volume__type_support.hpp
-- Symlinking: /home/jnu/go2_ws/install/go2_interfaces/include/go2_interfaces/go2_interfaces/srv/detail/mode__builder.hpp
-- Symlinking: /home/jnu/go2_ws/install/go2_interfaces/include/go2_interfaces/go2_interfaces/srv/detail/mode__struct.hpp
-- Symlinking: /home/jnu/go2_ws/install/go2_interfaces/include/go2_interfaces/go2_interfaces/srv/detail/mode__traits.hpp
-- Symlinking: /home/jnu/go2_ws/install/go2_interfaces/include/go2_interfaces/go2_interfaces/srv/detail/mode__type_support.hpp
-- Symlinking: /home/jnu/go2_ws/install/go2_interfaces/include/go2_interfaces/go2_interfaces/srv/detail/pose__builder.hpp
-- Symlinking: /home/jnu/go2_ws/install/go2_interfaces/include/go2_interfaces/go2_interfaces/srv/detail/pose__struct.hpp
-- Symlinking: /home/jnu/go2_ws/install/go2_interfaces/include/go2_interfaces/go2_interfaces/srv/detail/pose__traits.hpp
-- Symlinking: /home/jnu/go2_ws/install/go2_interfaces/include/go2_interfaces/go2_interfaces/srv/detail/pose__type_support.hpp
-- Symlinking: /home/jnu/go2_ws/install/go2_interfaces/include/go2_interfaces/go2_interfaces/srv/detail/say__builder.hpp
-- Symlinking: /home/jnu/go2_ws/install/go2_interfaces/include/go2_interfaces/go2_interfaces/srv/detail/say__struct.hpp
-- Symlinking: /home/jnu/go2_ws/install/go2_interfaces/include/go2_interfaces/go2_interfaces/srv/detail/say__traits.hpp
-- Symlinking: /home/jnu/go2_ws/install/go2_interfaces/include/go2_interfaces/go2_interfaces/srv/detail/say__type_support.hpp
-- Symlinking: /home/jnu/go2_ws/install/go2_interfaces/include/go2_interfaces/go2_interfaces/srv/detail/set_brightness__builder.hpp
-- Symlinking: /home/jnu/go2_ws/install/go2_interfaces/include/go2_interfaces/go2_interfaces/srv/detail/set_brightness__struct.hpp
-- Symlinking: /home/jnu/go2_ws/install/go2_interfaces/include/go2_interfaces/go2_interfaces/srv/detail/set_brightness__traits.hpp
-- Symlinking: /home/jnu/go2_ws/install/go2_interfaces/include/go2_interfaces/go2_interfaces/srv/detail/set_brightness__type_support.hpp
-- Symlinking: /home/jnu/go2_ws/install/go2_interfaces/include/go2_interfaces/go2_interfaces/srv/detail/set_switch__builder.hpp
-- Symlinking: /home/jnu/go2_ws/install/go2_interfaces/include/go2_interfaces/go2_interfaces/srv/detail/set_switch__struct.hpp
-- Symlinking: /home/jnu/go2_ws/install/go2_interfaces/include/go2_interfaces/go2_interfaces/srv/detail/set_switch__traits.hpp
-- Symlinking: /home/jnu/go2_ws/install/go2_interfaces/include/go2_interfaces/go2_interfaces/srv/detail/set_switch__type_support.hpp
-- Symlinking: /home/jnu/go2_ws/install/go2_interfaces/include/go2_interfaces/go2_interfaces/srv/detail/set_switch_obstacles_avoidance__builder.hpp
-- Symlinking: /home/jnu/go2_ws/install/go2_interfaces/include/go2_interfaces/go2_interfaces/srv/detail/set_switch_obstacles_avoidance__struct.hpp
-- Symlinking: /home/jnu/go2_ws/install/go2_interfaces/include/go2_interfaces/go2_interfaces/srv/detail/set_switch_obstacles_avoidance__traits.hpp
-- Symlinking: /home/jnu/go2_ws/install/go2_interfaces/include/go2_interfaces/go2_interfaces/srv/detail/set_switch_obstacles_avoidance__type_support.hpp
-- Symlinking: /home/jnu/go2_ws/install/go2_interfaces/include/go2_interfaces/go2_interfaces/srv/detail/set_volume__builder.hpp
-- Symlinking: /home/jnu/go2_ws/install/go2_interfaces/include/go2_interfaces/go2_interfaces/srv/detail/set_volume__struct.hpp
-- Symlinking: /home/jnu/go2_ws/install/go2_interfaces/include/go2_interfaces/go2_interfaces/srv/detail/set_volume__traits.hpp
-- Symlinking: /home/jnu/go2_ws/install/go2_interfaces/include/go2_interfaces/go2_interfaces/srv/detail/set_volume__type_support.hpp
-- Symlinking: /home/jnu/go2_ws/install/go2_interfaces/include/go2_interfaces/go2_interfaces/srv/detail/speed_level__builder.hpp
-- Symlinking: /home/jnu/go2_ws/install/go2_interfaces/include/go2_interfaces/go2_interfaces/srv/detail/speed_level__struct.hpp
-- Symlinking: /home/jnu/go2_ws/install/go2_interfaces/include/go2_interfaces/go2_interfaces/srv/detail/speed_level__traits.hpp
-- Symlinking: /home/jnu/go2_ws/install/go2_interfaces/include/go2_interfaces/go2_interfaces/srv/detail/speed_level__type_support.hpp
-- Symlinking: /home/jnu/go2_ws/install/go2_interfaces/include/go2_interfaces/go2_interfaces/srv/detail/switch_gait__builder.hpp
-- Symlinking: /home/jnu/go2_ws/install/go2_interfaces/include/go2_interfaces/go2_interfaces/srv/detail/switch_gait__struct.hpp
-- Symlinking: /home/jnu/go2_ws/install/go2_interfaces/include/go2_interfaces/go2_interfaces/srv/detail/switch_gait__traits.hpp
-- Symlinking: /home/jnu/go2_ws/install/go2_interfaces/include/go2_interfaces/go2_interfaces/srv/detail/switch_gait__type_support.hpp
-- Symlinking: /home/jnu/go2_ws/install/go2_interfaces/include/go2_interfaces/go2_interfaces/srv/detail/switch_joystick__builder.hpp
-- Symlinking: /home/jnu/go2_ws/install/go2_interfaces/include/go2_interfaces/go2_interfaces/srv/detail/switch_joystick__struct.hpp
-- Symlinking: /home/jnu/go2_ws/install/go2_interfaces/include/go2_interfaces/go2_interfaces/srv/detail/switch_joystick__traits.hpp
-- Symlinking: /home/jnu/go2_ws/install/go2_interfaces/include/go2_interfaces/go2_interfaces/srv/detail/switch_joystick__type_support.hpp
-- Symlinking: /home/jnu/go2_ws/install/go2_interfaces/include/go2_interfaces/go2_interfaces/srv/euler.hpp
-- Symlinking: /home/jnu/go2_ws/install/go2_interfaces/include/go2_interfaces/go2_interfaces/srv/foot_raise_height.hpp
-- Symlinking: /home/jnu/go2_ws/install/go2_interfaces/include/go2_interfaces/go2_interfaces/srv/get_body_height.hpp
-- Symlinking: /home/jnu/go2_ws/install/go2_interfaces/include/go2_interfaces/go2_interfaces/srv/get_brightness.hpp
-- Symlinking: /home/jnu/go2_ws/install/go2_interfaces/include/go2_interfaces/go2_interfaces/srv/get_foot_raise_height.hpp
-- Symlinking: /home/jnu/go2_ws/install/go2_interfaces/include/go2_interfaces/go2_interfaces/srv/get_speed_level.hpp
-- Symlinking: /home/jnu/go2_ws/install/go2_interfaces/include/go2_interfaces/go2_interfaces/srv/get_state.hpp
-- Symlinking: /home/jnu/go2_ws/install/go2_interfaces/include/go2_interfaces/go2_interfaces/srv/get_switch.hpp
-- Symlinking: /home/jnu/go2_ws/install/go2_interfaces/include/go2_interfaces/go2_interfaces/srv/get_switch_obstacles_avoidance.hpp
-- Symlinking: /home/jnu/go2_ws/install/go2_interfaces/include/go2_interfaces/go2_interfaces/srv/get_volume.hpp
-- Symlinking: /home/jnu/go2_ws/install/go2_interfaces/include/go2_interfaces/go2_interfaces/srv/mode.hpp
-- Symlinking: /home/jnu/go2_ws/install/go2_interfaces/include/go2_interfaces/go2_interfaces/srv/pose.hpp
-- Symlinking: /home/jnu/go2_ws/install/go2_interfaces/include/go2_interfaces/go2_interfaces/srv/say.hpp
-- Symlinking: /home/jnu/go2_ws/install/go2_interfaces/include/go2_interfaces/go2_interfaces/srv/set_brightness.hpp
-- Symlinking: /home/jnu/go2_ws/install/go2_interfaces/include/go2_interfaces/go2_interfaces/srv/set_switch.hpp
-- Symlinking: /home/jnu/go2_ws/install/go2_interfaces/include/go2_interfaces/go2_interfaces/srv/set_switch_obstacles_avoidance.hpp
-- Symlinking: /home/jnu/go2_ws/install/go2_interfaces/include/go2_interfaces/go2_interfaces/srv/set_volume.hpp
-- Symlinking: /home/jnu/go2_ws/install/go2_interfaces/include/go2_interfaces/go2_interfaces/srv/speed_level.hpp
-- Symlinking: /home/jnu/go2_ws/install/go2_interfaces/include/go2_interfaces/go2_interfaces/srv/switch_gait.hpp
-- Symlinking: /home/jnu/go2_ws/install/go2_interfaces/include/go2_interfaces/go2_interfaces/srv/switch_joystick.hpp
-- Symlinking: /home/jnu/go2_ws/install/go2_interfaces/include/go2_interfaces/go2_interfaces/msg/rosidl_typesupport_fastrtps_cpp__visibility_control.h
-- Symlinking: /home/jnu/go2_ws/install/go2_interfaces/include/go2_interfaces/go2_interfaces/srv/detail/body_height__rosidl_typesupport_fastrtps_cpp.hpp
-- Symlinking: /home/jnu/go2_ws/install/go2_interfaces/include/go2_interfaces/go2_interfaces/srv/detail/continuous_gait__rosidl_typesupport_fastrtps_cpp.hpp
-- Symlinking: /home/jnu/go2_ws/install/go2_interfaces/include/go2_interfaces/go2_interfaces/srv/detail/euler__rosidl_typesupport_fastrtps_cpp.hpp
-- Symlinking: /home/jnu/go2_ws/install/go2_interfaces/include/go2_interfaces/go2_interfaces/srv/detail/foot_raise_height__rosidl_typesupport_fastrtps_cpp.hpp
-- Symlinking: /home/jnu/go2_ws/install/go2_interfaces/include/go2_interfaces/go2_interfaces/srv/detail/get_body_height__rosidl_typesupport_fastrtps_cpp.hpp
-- Symlinking: /home/jnu/go2_ws/install/go2_interfaces/include/go2_interfaces/go2_interfaces/srv/detail/get_brightness__rosidl_typesupport_fastrtps_cpp.hpp
-- Symlinking: /home/jnu/go2_ws/install/go2_interfaces/include/go2_interfaces/go2_interfaces/srv/detail/get_foot_raise_height__rosidl_typesupport_fastrtps_cpp.hpp
-- Symlinking: /home/jnu/go2_ws/install/go2_interfaces/include/go2_interfaces/go2_interfaces/srv/detail/get_speed_level__rosidl_typesupport_fastrtps_cpp.hpp
-- Symlinking: /home/jnu/go2_ws/install/go2_interfaces/include/go2_interfaces/go2_interfaces/srv/detail/get_state__rosidl_typesupport_fastrtps_cpp.hpp
-- Symlinking: /home/jnu/go2_ws/install/go2_interfaces/include/go2_interfaces/go2_interfaces/srv/detail/get_switch__rosidl_typesupport_fastrtps_cpp.hpp
-- Symlinking: /home/jnu/go2_ws/install/go2_interfaces/include/go2_interfaces/go2_interfaces/srv/detail/get_switch_obstacles_avoidance__rosidl_typesupport_fastrtps_cpp.hpp
-- Symlinking: /home/jnu/go2_ws/install/go2_interfaces/include/go2_interfaces/go2_interfaces/srv/detail/get_volume__rosidl_typesupport_fastrtps_cpp.hpp
-- Symlinking: /home/jnu/go2_ws/install/go2_interfaces/include/go2_interfaces/go2_interfaces/srv/detail/mode__rosidl_typesupport_fastrtps_cpp.hpp
-- Symlinking: /home/jnu/go2_ws/install/go2_interfaces/include/go2_interfaces/go2_interfaces/srv/detail/pose__rosidl_typesupport_fastrtps_cpp.hpp
-- Symlinking: /home/jnu/go2_ws/install/go2_interfaces/include/go2_interfaces/go2_interfaces/srv/detail/say__rosidl_typesupport_fastrtps_cpp.hpp
-- Symlinking: /home/jnu/go2_ws/install/go2_interfaces/include/go2_interfaces/go2_interfaces/srv/detail/set_brightness__rosidl_typesupport_fastrtps_cpp.hpp
-- Symlinking: /home/jnu/go2_ws/install/go2_interfaces/include/go2_interfaces/go2_interfaces/srv/detail/set_switch__rosidl_typesupport_fastrtps_cpp.hpp
-- Symlinking: /home/jnu/go2_ws/install/go2_interfaces/include/go2_interfaces/go2_interfaces/srv/detail/set_switch_obstacles_avoidance__rosidl_typesupport_fastrtps_cpp.hpp
-- Symlinking: /home/jnu/go2_ws/install/go2_interfaces/include/go2_interfaces/go2_interfaces/srv/detail/set_volume__rosidl_typesupport_fastrtps_cpp.hpp
-- Symlinking: /home/jnu/go2_ws/install/go2_interfaces/include/go2_interfaces/go2_interfaces/srv/detail/speed_level__rosidl_typesupport_fastrtps_cpp.hpp
-- Symlinking: /home/jnu/go2_ws/install/go2_interfaces/include/go2_interfaces/go2_interfaces/srv/detail/switch_gait__rosidl_typesupport_fastrtps_cpp.hpp
-- Symlinking: /home/jnu/go2_ws/install/go2_interfaces/include/go2_interfaces/go2_interfaces/srv/detail/switch_joystick__rosidl_typesupport_fastrtps_cpp.hpp
-- Symlinking: /home/jnu/go2_ws/install/go2_interfaces/include/go2_interfaces/go2_interfaces/srv/detail/body_height__rosidl_typesupport_introspection_cpp.hpp
-- Symlinking: /home/jnu/go2_ws/install/go2_interfaces/include/go2_interfaces/go2_interfaces/srv/detail/continuous_gait__rosidl_typesupport_introspection_cpp.hpp
-- Symlinking: /home/jnu/go2_ws/install/go2_interfaces/include/go2_interfaces/go2_interfaces/srv/detail/euler__rosidl_typesupport_introspection_cpp.hpp
-- Symlinking: /home/jnu/go2_ws/install/go2_interfaces/include/go2_interfaces/go2_interfaces/srv/detail/foot_raise_height__rosidl_typesupport_introspection_cpp.hpp
-- Symlinking: /home/jnu/go2_ws/install/go2_interfaces/include/go2_interfaces/go2_interfaces/srv/detail/get_body_height__rosidl_typesupport_introspection_cpp.hpp
-- Symlinking: /home/jnu/go2_ws/install/go2_interfaces/include/go2_interfaces/go2_interfaces/srv/detail/get_brightness__rosidl_typesupport_introspection_cpp.hpp
-- Symlinking: /home/jnu/go2_ws/install/go2_interfaces/include/go2_interfaces/go2_interfaces/srv/detail/get_foot_raise_height__rosidl_typesupport_introspection_cpp.hpp
-- Symlinking: /home/jnu/go2_ws/install/go2_interfaces/include/go2_interfaces/go2_interfaces/srv/detail/get_speed_level__rosidl_typesupport_introspection_cpp.hpp
-- Symlinking: /home/jnu/go2_ws/install/go2_interfaces/include/go2_interfaces/go2_interfaces/srv/detail/get_state__rosidl_typesupport_introspection_cpp.hpp
-- Symlinking: /home/jnu/go2_ws/install/go2_interfaces/include/go2_interfaces/go2_interfaces/srv/detail/get_switch__rosidl_typesupport_introspection_cpp.hpp
-- Symlinking: /home/jnu/go2_ws/install/go2_interfaces/include/go2_interfaces/go2_interfaces/srv/detail/get_switch_obstacles_avoidance__rosidl_typesupport_introspection_cpp.hpp
-- Symlinking: /home/jnu/go2_ws/install/go2_interfaces/include/go2_interfaces/go2_interfaces/srv/detail/get_volume__rosidl_typesupport_introspection_cpp.hpp
-- Symlinking: /home/jnu/go2_ws/install/go2_interfaces/include/go2_interfaces/go2_interfaces/srv/detail/mode__rosidl_typesupport_introspection_cpp.hpp
-- Symlinking: /home/jnu/go2_ws/install/go2_interfaces/include/go2_interfaces/go2_interfaces/srv/detail/pose__rosidl_typesupport_introspection_cpp.hpp
-- Symlinking: /home/jnu/go2_ws/install/go2_interfaces/include/go2_interfaces/go2_interfaces/srv/detail/say__rosidl_typesupport_introspection_cpp.hpp
-- Symlinking: /home/jnu/go2_ws/install/go2_interfaces/include/go2_interfaces/go2_interfaces/srv/detail/set_brightness__rosidl_typesupport_introspection_cpp.hpp
-- Symlinking: /home/jnu/go2_ws/install/go2_interfaces/include/go2_interfaces/go2_interfaces/srv/detail/set_switch__rosidl_typesupport_introspection_cpp.hpp
-- Symlinking: /home/jnu/go2_ws/install/go2_interfaces/include/go2_interfaces/go2_interfaces/srv/detail/set_switch_obstacles_avoidance__rosidl_typesupport_introspection_cpp.hpp
-- Symlinking: /home/jnu/go2_ws/install/go2_interfaces/include/go2_interfaces/go2_interfaces/srv/detail/set_volume__rosidl_typesupport_introspection_cpp.hpp
-- Symlinking: /home/jnu/go2_ws/install/go2_interfaces/include/go2_interfaces/go2_interfaces/srv/detail/speed_level__rosidl_typesupport_introspection_cpp.hpp
-- Symlinking: /home/jnu/go2_ws/install/go2_interfaces/include/go2_interfaces/go2_interfaces/srv/detail/switch_gait__rosidl_typesupport_introspection_cpp.hpp
-- Symlinking: /home/jnu/go2_ws/install/go2_interfaces/include/go2_interfaces/go2_interfaces/srv/detail/switch_joystick__rosidl_typesupport_introspection_cpp.hpp
-- Symlinking: /home/jnu/go2_ws/install/go2_interfaces/share/go2_interfaces/environment/pythonpath.sh
-- Symlinking: /home/jnu/go2_ws/install/go2_interfaces/share/go2_interfaces/environment/pythonpath.dsv
-- Symlinking: /home/jnu/go2_ws/install/go2_interfaces/local/lib/python3.10/dist-packages/go2_interfaces-1.0.0-py3.10.egg-info/PKG-INFO
-- Symlinking: /home/jnu/go2_ws/install/go2_interfaces/local/lib/python3.10/dist-packages/go2_interfaces-1.0.0-py3.10.egg-info/SOURCES.txt
-- Symlinking: /home/jnu/go2_ws/install/go2_interfaces/local/lib/python3.10/dist-packages/go2_interfaces-1.0.0-py3.10.egg-info/dependency_links.txt
-- Symlinking: /home/jnu/go2_ws/install/go2_interfaces/local/lib/python3.10/dist-packages/go2_interfaces-1.0.0-py3.10.egg-info/top_level.txt
-- Symlinking: /home/jnu/go2_ws/install/go2_interfaces/local/lib/python3.10/dist-packages/go2_interfaces/__init__.py
-- Symlinking: /home/jnu/go2_ws/install/go2_interfaces/local/lib/python3.10/dist-packages/go2_interfaces/_go2_interfaces_s.ep.rosidl_typesupport_c.c
-- Symlinking: /home/jnu/go2_ws/install/go2_interfaces/local/lib/python3.10/dist-packages/go2_interfaces/_go2_interfaces_s.ep.rosidl_typesupport_fastrtps_c.c
-- Symlinking: /home/jnu/go2_ws/install/go2_interfaces/local/lib/python3.10/dist-packages/go2_interfaces/_go2_interfaces_s.ep.rosidl_typesupport_introspection_c.c
-- Symlinking: /home/jnu/go2_ws/install/go2_interfaces/local/lib/python3.10/dist-packages/go2_interfaces/go2_interfaces_s__rosidl_typesupport_c.cpython-310-x86_64-linux-gnu.so
-- Symlinking: /home/jnu/go2_ws/install/go2_interfaces/local/lib/python3.10/dist-packages/go2_interfaces/go2_interfaces_s__rosidl_typesupport_fastrtps_c.cpython-310-x86_64-linux-gnu.so
-- Symlinking: /home/jnu/go2_ws/install/go2_interfaces/local/lib/python3.10/dist-packages/go2_interfaces/go2_interfaces_s__rosidl_typesupport_introspection_c.cpython-310-x86_64-linux-gnu.so
-- Symlinking: /home/jnu/go2_ws/install/go2_interfaces/local/lib/python3.10/dist-packages/go2_interfaces/libgo2_interfaces__rosidl_generator_py.so
-- Symlinking: /home/jnu/go2_ws/install/go2_interfaces/local/lib/python3.10/dist-packages/go2_interfaces/srv/__init__.py
-- Symlinking: /home/jnu/go2_ws/install/go2_interfaces/local/lib/python3.10/dist-packages/go2_interfaces/srv/_body_height.py
-- Symlinking: /home/jnu/go2_ws/install/go2_interfaces/local/lib/python3.10/dist-packages/go2_interfaces/srv/_body_height_s.c
-- Symlinking: /home/jnu/go2_ws/install/go2_interfaces/local/lib/python3.10/dist-packages/go2_interfaces/srv/_continuous_gait.py
-- Symlinking: /home/jnu/go2_ws/install/go2_interfaces/local/lib/python3.10/dist-packages/go2_interfaces/srv/_continuous_gait_s.c
-- Symlinking: /home/jnu/go2_ws/install/go2_interfaces/local/lib/python3.10/dist-packages/go2_interfaces/srv/_euler.py
-- Symlinking: /home/jnu/go2_ws/install/go2_interfaces/local/lib/python3.10/dist-packages/go2_interfaces/srv/_euler_s.c
-- Symlinking: /home/jnu/go2_ws/install/go2_interfaces/local/lib/python3.10/dist-packages/go2_interfaces/srv/_foot_raise_height.py
-- Symlinking: /home/jnu/go2_ws/install/go2_interfaces/local/lib/python3.10/dist-packages/go2_interfaces/srv/_foot_raise_height_s.c
-- Symlinking: /home/jnu/go2_ws/install/go2_interfaces/local/lib/python3.10/dist-packages/go2_interfaces/srv/_get_body_height.py
-- Symlinking: /home/jnu/go2_ws/install/go2_interfaces/local/lib/python3.10/dist-packages/go2_interfaces/srv/_get_body_height_s.c
-- Symlinking: /home/jnu/go2_ws/install/go2_interfaces/local/lib/python3.10/dist-packages/go2_interfaces/srv/_get_brightness.py
-- Symlinking: /home/jnu/go2_ws/install/go2_interfaces/local/lib/python3.10/dist-packages/go2_interfaces/srv/_get_brightness_s.c
-- Symlinking: /home/jnu/go2_ws/install/go2_interfaces/local/lib/python3.10/dist-packages/go2_interfaces/srv/_get_foot_raise_height.py
-- Symlinking: /home/jnu/go2_ws/install/go2_interfaces/local/lib/python3.10/dist-packages/go2_interfaces/srv/_get_foot_raise_height_s.c
-- Symlinking: /home/jnu/go2_ws/install/go2_interfaces/local/lib/python3.10/dist-packages/go2_interfaces/srv/_get_speed_level.py
-- Symlinking: /home/jnu/go2_ws/install/go2_interfaces/local/lib/python3.10/dist-packages/go2_interfaces/srv/_get_speed_level_s.c
-- Symlinking: /home/jnu/go2_ws/install/go2_interfaces/local/lib/python3.10/dist-packages/go2_interfaces/srv/_get_state.py
-- Symlinking: /home/jnu/go2_ws/install/go2_interfaces/local/lib/python3.10/dist-packages/go2_interfaces/srv/_get_state_s.c
-- Symlinking: /home/jnu/go2_ws/install/go2_interfaces/local/lib/python3.10/dist-packages/go2_interfaces/srv/_get_switch.py
-- Symlinking: /home/jnu/go2_ws/install/go2_interfaces/local/lib/python3.10/dist-packages/go2_interfaces/srv/_get_switch_obstacles_avoidance.py
-- Symlinking: /home/jnu/go2_ws/install/go2_interfaces/local/lib/python3.10/dist-packages/go2_interfaces/srv/_get_switch_obstacles_avoidance_s.c
-- Symlinking: /home/jnu/go2_ws/install/go2_interfaces/local/lib/python3.10/dist-packages/go2_interfaces/srv/_get_switch_s.c
-- Symlinking: /home/jnu/go2_ws/install/go2_interfaces/local/lib/python3.10/dist-packages/go2_interfaces/srv/_get_volume.py
-- Symlinking: /home/jnu/go2_ws/install/go2_interfaces/local/lib/python3.10/dist-packages/go2_interfaces/srv/_get_volume_s.c
-- Symlinking: /home/jnu/go2_ws/install/go2_interfaces/local/lib/python3.10/dist-packages/go2_interfaces/srv/_mode.py
-- Symlinking: /home/jnu/go2_ws/install/go2_interfaces/local/lib/python3.10/dist-packages/go2_interfaces/srv/_mode_s.c
-- Symlinking: /home/jnu/go2_ws/install/go2_interfaces/local/lib/python3.10/dist-packages/go2_interfaces/srv/_pose.py
-- Symlinking: /home/jnu/go2_ws/install/go2_interfaces/local/lib/python3.10/dist-packages/go2_interfaces/srv/_pose_s.c
-- Symlinking: /home/jnu/go2_ws/install/go2_interfaces/local/lib/python3.10/dist-packages/go2_interfaces/srv/_say.py
-- Symlinking: /home/jnu/go2_ws/install/go2_interfaces/local/lib/python3.10/dist-packages/go2_interfaces/srv/_say_s.c
-- Symlinking: /home/jnu/go2_ws/install/go2_interfaces/local/lib/python3.10/dist-packages/go2_interfaces/srv/_set_brightness.py
-- Symlinking: /home/jnu/go2_ws/install/go2_interfaces/local/lib/python3.10/dist-packages/go2_interfaces/srv/_set_brightness_s.c
-- Symlinking: /home/jnu/go2_ws/install/go2_interfaces/local/lib/python3.10/dist-packages/go2_interfaces/srv/_set_switch.py
-- Symlinking: /home/jnu/go2_ws/install/go2_interfaces/local/lib/python3.10/dist-packages/go2_interfaces/srv/_set_switch_obstacles_avoidance.py
-- Symlinking: /home/jnu/go2_ws/install/go2_interfaces/local/lib/python3.10/dist-packages/go2_interfaces/srv/_set_switch_obstacles_avoidance_s.c
-- Symlinking: /home/jnu/go2_ws/install/go2_interfaces/local/lib/python3.10/dist-packages/go2_interfaces/srv/_set_switch_s.c
-- Symlinking: /home/jnu/go2_ws/install/go2_interfaces/local/lib/python3.10/dist-packages/go2_interfaces/srv/_set_volume.py
-- Symlinking: /home/jnu/go2_ws/install/go2_interfaces/local/lib/python3.10/dist-packages/go2_interfaces/srv/_set_volume_s.c
-- Symlinking: /home/jnu/go2_ws/install/go2_interfaces/local/lib/python3.10/dist-packages/go2_interfaces/srv/_speed_level.py
-- Symlinking: /home/jnu/go2_ws/install/go2_interfaces/local/lib/python3.10/dist-packages/go2_interfaces/srv/_speed_level_s.c
-- Symlinking: /home/jnu/go2_ws/install/go2_interfaces/local/lib/python3.10/dist-packages/go2_interfaces/srv/_switch_gait.py
-- Symlinking: /home/jnu/go2_ws/install/go2_interfaces/local/lib/python3.10/dist-packages/go2_interfaces/srv/_switch_gait_s.c
-- Symlinking: /home/jnu/go2_ws/install/go2_interfaces/local/lib/python3.10/dist-packages/go2_interfaces/srv/_switch_joystick.py
-- Symlinking: /home/jnu/go2_ws/install/go2_interfaces/local/lib/python3.10/dist-packages/go2_interfaces/srv/_switch_joystick_s.c
-- Up-to-date symlink: /home/jnu/go2_ws/install/go2_interfaces/local/lib/python3.10/dist-packages/go2_interfaces/go2_interfaces_s__rosidl_typesupport_fastrtps_c.cpython-310-x86_64-linux-gnu.so
-- Up-to-date symlink: /home/jnu/go2_ws/install/go2_interfaces/local/lib/python3.10/dist-packages/go2_interfaces/go2_interfaces_s__rosidl_typesupport_introspection_c.cpython-310-x86_64-linux-gnu.so
-- Up-to-date symlink: /home/jnu/go2_ws/install/go2_interfaces/local/lib/python3.10/dist-packages/go2_interfaces/go2_interfaces_s__rosidl_typesupport_c.cpython-310-x86_64-linux-gnu.so
-- Symlinking: /home/jnu/go2_ws/install/go2_interfaces/share/go2_interfaces/srv/BodyHeight.idl
-- Symlinking: /home/jnu/go2_ws/install/go2_interfaces/share/go2_interfaces/srv/ContinuousGait.idl
-- Symlinking: /home/jnu/go2_ws/install/go2_interfaces/share/go2_interfaces/srv/Euler.idl
-- Symlinking: /home/jnu/go2_ws/install/go2_interfaces/share/go2_interfaces/srv/FootRaiseHeight.idl
-- Symlinking: /home/jnu/go2_ws/install/go2_interfaces/share/go2_interfaces/srv/GetBodyHeight.idl
-- Symlinking: /home/jnu/go2_ws/install/go2_interfaces/share/go2_interfaces/srv/GetBrightness.idl
-- Symlinking: /home/jnu/go2_ws/install/go2_interfaces/share/go2_interfaces/srv/GetFootRaiseHeight.idl
-- Symlinking: /home/jnu/go2_ws/install/go2_interfaces/share/go2_interfaces/srv/GetSpeedLevel.idl
-- Symlinking: /home/jnu/go2_ws/install/go2_interfaces/share/go2_interfaces/srv/GetState.idl
-- Symlinking: /home/jnu/go2_ws/install/go2_interfaces/share/go2_interfaces/srv/GetSwitch.idl
-- Symlinking: /home/jnu/go2_ws/install/go2_interfaces/share/go2_interfaces/srv/GetSwitchObstaclesAvoidance.idl
-- Symlinking: /home/jnu/go2_ws/install/go2_interfaces/share/go2_interfaces/srv/GetVolume.idl
-- Symlinking: /home/jnu/go2_ws/install/go2_interfaces/share/go2_interfaces/srv/Mode.idl
-- Symlinking: /home/jnu/go2_ws/install/go2_interfaces/share/go2_interfaces/srv/Pose.idl
-- Symlinking: /home/jnu/go2_ws/install/go2_interfaces/share/go2_interfaces/srv/Say.idl
-- Symlinking: /home/jnu/go2_ws/install/go2_interfaces/share/go2_interfaces/srv/SetBrightness.idl
-- Symlinking: /home/jnu/go2_ws/install/go2_interfaces/share/go2_interfaces/srv/SetSwitch.idl
-- Symlinking: /home/jnu/go2_ws/install/go2_interfaces/share/go2_interfaces/srv/SetSwitchObstaclesAvoidance.idl
-- Symlinking: /home/jnu/go2_ws/install/go2_interfaces/share/go2_interfaces/srv/SetVolume.idl
-- Symlinking: /home/jnu/go2_ws/install/go2_interfaces/share/go2_interfaces/srv/SpeedLevel.idl
-- Symlinking: /home/jnu/go2_ws/install/go2_interfaces/share/go2_interfaces/srv/SwitchGait.idl
-- Symlinking: /home/jnu/go2_ws/install/go2_interfaces/share/go2_interfaces/srv/SwitchJoystick.idl
-- Symlinking: /home/jnu/go2_ws/install/go2_interfaces/share/go2_interfaces/srv/BodyHeight.srv
-- Symlinking: /home/jnu/go2_ws/install/go2_interfaces/share/go2_interfaces/srv/BodyHeight_Request.msg
-- Symlinking: /home/jnu/go2_ws/install/go2_interfaces/share/go2_interfaces/srv/BodyHeight_Response.msg
-- Symlinking: /home/jnu/go2_ws/install/go2_interfaces/share/go2_interfaces/srv/ContinuousGait.srv
-- Symlinking: /home/jnu/go2_ws/install/go2_interfaces/share/go2_interfaces/srv/ContinuousGait_Request.msg
-- Symlinking: /home/jnu/go2_ws/install/go2_interfaces/share/go2_interfaces/srv/ContinuousGait_Response.msg
-- Symlinking: /home/jnu/go2_ws/install/go2_interfaces/share/go2_interfaces/srv/Euler.srv
-- Symlinking: /home/jnu/go2_ws/install/go2_interfaces/share/go2_interfaces/srv/Euler_Request.msg
-- Symlinking: /home/jnu/go2_ws/install/go2_interfaces/share/go2_interfaces/srv/Euler_Response.msg
-- Symlinking: /home/jnu/go2_ws/install/go2_interfaces/share/go2_interfaces/srv/FootRaiseHeight.srv
-- Symlinking: /home/jnu/go2_ws/install/go2_interfaces/share/go2_interfaces/srv/FootRaiseHeight_Request.msg
-- Symlinking: /home/jnu/go2_ws/install/go2_interfaces/share/go2_interfaces/srv/FootRaiseHeight_Response.msg
-- Symlinking: /home/jnu/go2_ws/install/go2_interfaces/share/go2_interfaces/srv/GetBodyHeight.srv
-- Symlinking: /home/jnu/go2_ws/install/go2_interfaces/share/go2_interfaces/srv/GetBodyHeight_Request.msg
-- Symlinking: /home/jnu/go2_ws/install/go2_interfaces/share/go2_interfaces/srv/GetBodyHeight_Response.msg
-- Symlinking: /home/jnu/go2_ws/install/go2_interfaces/share/go2_interfaces/srv/GetBrightness.srv
-- Symlinking: /home/jnu/go2_ws/install/go2_interfaces/share/go2_interfaces/srv/GetBrightness_Request.msg
-- Symlinking: /home/jnu/go2_ws/install/go2_interfaces/share/go2_interfaces/srv/GetBrightness_Response.msg
-- Symlinking: /home/jnu/go2_ws/install/go2_interfaces/share/go2_interfaces/srv/GetFootRaiseHeight.srv
-- Symlinking: /home/jnu/go2_ws/install/go2_interfaces/share/go2_interfaces/srv/GetFootRaiseHeight_Request.msg
-- Symlinking: /home/jnu/go2_ws/install/go2_interfaces/share/go2_interfaces/srv/GetFootRaiseHeight_Response.msg
-- Symlinking: /home/jnu/go2_ws/install/go2_interfaces/share/go2_interfaces/srv/GetSpeedLevel.srv
-- Symlinking: /home/jnu/go2_ws/install/go2_interfaces/share/go2_interfaces/srv/GetSpeedLevel_Request.msg
-- Symlinking: /home/jnu/go2_ws/install/go2_interfaces/share/go2_interfaces/srv/GetSpeedLevel_Response.msg
-- Symlinking: /home/jnu/go2_ws/install/go2_interfaces/share/go2_interfaces/srv/GetState.srv
-- Symlinking: /home/jnu/go2_ws/install/go2_interfaces/share/go2_interfaces/srv/GetState_Request.msg
-- Symlinking: /home/jnu/go2_ws/install/go2_interfaces/share/go2_interfaces/srv/GetState_Response.msg
-- Symlinking: /home/jnu/go2_ws/install/go2_interfaces/share/go2_interfaces/srv/GetSwitch.srv
-- Symlinking: /home/jnu/go2_ws/install/go2_interfaces/share/go2_interfaces/srv/GetSwitch_Request.msg
-- Symlinking: /home/jnu/go2_ws/install/go2_interfaces/share/go2_interfaces/srv/GetSwitch_Response.msg
-- Symlinking: /home/jnu/go2_ws/install/go2_interfaces/share/go2_interfaces/srv/GetSwitchObstaclesAvoidance.srv
-- Symlinking: /home/jnu/go2_ws/install/go2_interfaces/share/go2_interfaces/srv/GetSwitchObstaclesAvoidance_Request.msg
-- Symlinking: /home/jnu/go2_ws/install/go2_interfaces/share/go2_interfaces/srv/GetSwitchObstaclesAvoidance_Response.msg
-- Symlinking: /home/jnu/go2_ws/install/go2_interfaces/share/go2_interfaces/srv/GetVolume.srv
-- Symlinking: /home/jnu/go2_ws/install/go2_interfaces/share/go2_interfaces/srv/GetVolume_Request.msg
-- Symlinking: /home/jnu/go2_ws/install/go2_interfaces/share/go2_interfaces/srv/GetVolume_Response.msg
-- Symlinking: /home/jnu/go2_ws/install/go2_interfaces/share/go2_interfaces/srv/Mode.srv
-- Symlinking: /home/jnu/go2_ws/install/go2_interfaces/share/go2_interfaces/srv/Mode_Request.msg
-- Symlinking: /home/jnu/go2_ws/install/go2_interfaces/share/go2_interfaces/srv/Mode_Response.msg
-- Symlinking: /home/jnu/go2_ws/install/go2_interfaces/share/go2_interfaces/srv/Pose.srv
-- Symlinking: /home/jnu/go2_ws/install/go2_interfaces/share/go2_interfaces/srv/Pose_Request.msg
-- Symlinking: /home/jnu/go2_ws/install/go2_interfaces/share/go2_interfaces/srv/Pose_Response.msg
-- Symlinking: /home/jnu/go2_ws/install/go2_interfaces/share/go2_interfaces/srv/Say.srv
-- Symlinking: /home/jnu/go2_ws/install/go2_interfaces/share/go2_interfaces/srv/Say_Request.msg
-- Symlinking: /home/jnu/go2_ws/install/go2_interfaces/share/go2_interfaces/srv/Say_Response.msg
-- Symlinking: /home/jnu/go2_ws/install/go2_interfaces/share/go2_interfaces/srv/SetBrightness.srv
-- Symlinking: /home/jnu/go2_ws/install/go2_interfaces/share/go2_interfaces/srv/SetBrightness_Request.msg
-- Symlinking: /home/jnu/go2_ws/install/go2_interfaces/share/go2_interfaces/srv/SetBrightness_Response.msg
-- Symlinking: /home/jnu/go2_ws/install/go2_interfaces/share/go2_interfaces/srv/SetSwitch.srv
-- Symlinking: /home/jnu/go2_ws/install/go2_interfaces/share/go2_interfaces/srv/SetSwitch_Request.msg
-- Symlinking: /home/jnu/go2_ws/install/go2_interfaces/share/go2_interfaces/srv/SetSwitch_Response.msg
-- Symlinking: /home/jnu/go2_ws/install/go2_interfaces/share/go2_interfaces/srv/SetSwitchObstaclesAvoidance.srv
-- Symlinking: /home/jnu/go2_ws/install/go2_interfaces/share/go2_interfaces/srv/SetSwitchObstaclesAvoidance_Request.msg
-- Symlinking: /home/jnu/go2_ws/install/go2_interfaces/share/go2_interfaces/srv/SetSwitchObstaclesAvoidance_Response.msg
-- Symlinking: /home/jnu/go2_ws/install/go2_interfaces/share/go2_interfaces/srv/SetVolume.srv
-- Symlinking: /home/jnu/go2_ws/install/go2_interfaces/share/go2_interfaces/srv/SetVolume_Request.msg
-- Symlinking: /home/jnu/go2_ws/install/go2_interfaces/share/go2_interfaces/srv/SetVolume_Response.msg
-- Symlinking: /home/jnu/go2_ws/install/go2_interfaces/share/go2_interfaces/srv/SpeedLevel.srv
-- Symlinking: /home/jnu/go2_ws/install/go2_interfaces/share/go2_interfaces/srv/SpeedLevel_Request.msg
-- Symlinking: /home/jnu/go2_ws/install/go2_interfaces/share/go2_interfaces/srv/SpeedLevel_Response.msg
-- Symlinking: /home/jnu/go2_ws/install/go2_interfaces/share/go2_interfaces/srv/SwitchGait.srv
-- Symlinking: /home/jnu/go2_ws/install/go2_interfaces/share/go2_interfaces/srv/SwitchGait_Request.msg
-- Symlinking: /home/jnu/go2_ws/install/go2_interfaces/share/go2_interfaces/srv/SwitchGait_Response.msg
-- Symlinking: /home/jnu/go2_ws/install/go2_interfaces/share/go2_interfaces/srv/SwitchJoystick.srv
-- Symlinking: /home/jnu/go2_ws/install/go2_interfaces/share/go2_interfaces/srv/SwitchJoystick_Request.msg
-- Symlinking: /home/jnu/go2_ws/install/go2_interfaces/share/go2_interfaces/srv/SwitchJoystick_Response.msg
-- Symlinking: /home/jnu/go2_ws/install/go2_interfaces/share/ament_index/resource_index/package_run_dependencies/go2_interfaces
-- Symlinking: /home/jnu/go2_ws/install/go2_interfaces/share/ament_index/resource_index/parent_prefix_path/go2_interfaces
-- Symlinking: /home/jnu/go2_ws/install/go2_interfaces/share/go2_interfaces/environment/ament_prefix_path.sh
-- Symlinking: /home/jnu/go2_ws/install/go2_interfaces/share/go2_interfaces/environment/ament_prefix_path.dsv
-- Symlinking: /home/jnu/go2_ws/install/go2_interfaces/share/go2_interfaces/environment/path.sh
-- Symlinking: /home/jnu/go2_ws/install/go2_interfaces/share/go2_interfaces/environment/path.dsv
-- Symlinking: /home/jnu/go2_ws/install/go2_interfaces/share/go2_interfaces/local_setup.bash
-- Symlinking: /home/jnu/go2_ws/install/go2_interfaces/share/go2_interfaces/local_setup.sh
-- Symlinking: /home/jnu/go2_ws/install/go2_interfaces/share/go2_interfaces/local_setup.zsh
-- Symlinking: /home/jnu/go2_ws/install/go2_interfaces/share/go2_interfaces/local_setup.dsv
-- Symlinking: /home/jnu/go2_ws/install/go2_interfaces/share/go2_interfaces/package.dsv
-- Symlinking: /home/jnu/go2_ws/install/go2_interfaces/share/ament_index/resource_index/packages/go2_interfaces
-- Symlinking: /home/jnu/go2_ws/install/go2_interfaces/share/go2_interfaces/cmake/rosidl_cmake-extras.cmake
-- Symlinking: /home/jnu/go2_ws/install/go2_interfaces/share/go2_interfaces/cmake/ament_cmake_export_include_directories-extras.cmake
-- Symlinking: /home/jnu/go2_ws/install/go2_interfaces/share/go2_interfaces/cmake/ament_cmake_export_libraries-extras.cmake
-- Symlinking: /home/jnu/go2_ws/install/go2_interfaces/share/go2_interfaces/cmake/ament_cmake_export_targets-extras.cmake
-- Symlinking: /home/jnu/go2_ws/install/go2_interfaces/share/go2_interfaces/cmake/rosidl_cmake_export_typesupport_targets-extras.cmake
-- Symlinking: /home/jnu/go2_ws/install/go2_interfaces/share/go2_interfaces/cmake/ament_cmake_export_dependencies-extras.cmake
-- Symlinking: /home/jnu/go2_ws/install/go2_interfaces/share/go2_interfaces/cmake/rosidl_cmake_export_typesupport_libraries-extras.cmake
-- Symlinking: /home/jnu/go2_ws/install/go2_interfaces/share/go2_interfaces/cmake/go2_interfacesConfig.cmake
-- Symlinking: /home/jnu/go2_ws/install/go2_interfaces/share/go2_interfaces/cmake/go2_interfacesConfig-version.cmake
-- Symlinking: /home/jnu/go2_ws/install/go2_interfaces/share/go2_interfaces/package.xml
-- Installing: /home/jnu/go2_ws/install/go2_interfaces/lib/libgo2_interfaces__rosidl_generator_c.so
-- Set runtime path of "/home/jnu/go2_ws/install/go2_interfaces/lib/libgo2_interfaces__rosidl_generator_c.so" to ""
-- Installing: /home/jnu/go2_ws/install/go2_interfaces/lib/libgo2_interfaces__rosidl_typesupport_fastrtps_c.so
-- Set runtime path of "/home/jnu/go2_ws/install/go2_interfaces/lib/libgo2_interfaces__rosidl_typesupport_fastrtps_c.so" to ""
-- Installing: /home/jnu/go2_ws/install/go2_interfaces/lib/libgo2_interfaces__rosidl_typesupport_introspection_c.so
-- Set runtime path of "/home/jnu/go2_ws/install/go2_interfaces/lib/libgo2_interfaces__rosidl_typesupport_introspection_c.so" to ""
-- Installing: /home/jnu/go2_ws/install/go2_interfaces/lib/libgo2_interfaces__rosidl_typesupport_c.so
-- Set runtime path of "/home/jnu/go2_ws/install/go2_interfaces/lib/libgo2_interfaces__rosidl_typesupport_c.so" to ""
-- Installing: /home/jnu/go2_ws/install/go2_interfaces/lib/libgo2_interfaces__rosidl_typesupport_fastrtps_cpp.so
-- Set runtime path of "/home/jnu/go2_ws/install/go2_interfaces/lib/libgo2_interfaces__rosidl_typesupport_fastrtps_cpp.so" to ""
-- Installing: /home/jnu/go2_ws/install/go2_interfaces/lib/libgo2_interfaces__rosidl_typesupport_introspection_cpp.so
-- Set runtime path of "/home/jnu/go2_ws/install/go2_interfaces/lib/libgo2_interfaces__rosidl_typesupport_introspection_cpp.so" to ""
-- Installing: /home/jnu/go2_ws/install/go2_interfaces/lib/libgo2_interfaces__rosidl_typesupport_cpp.so
-- Set runtime path of "/home/jnu/go2_ws/install/go2_interfaces/lib/libgo2_interfaces__rosidl_typesupport_cpp.so" to ""
Listing '/home/jnu/go2_ws/install/go2_interfaces/local/lib/python3.10/dist-packages/go2_interfaces'...
Compiling '/home/jnu/go2_ws/install/go2_interfaces/local/lib/python3.10/dist-packages/go2_interfaces/__init__.py'...
Listing '/home/jnu/go2_ws/install/go2_interfaces/local/lib/python3.10/dist-packages/go2_interfaces/srv'...
Compiling '/home/jnu/go2_ws/install/go2_interfaces/local/lib/python3.10/dist-packages/go2_interfaces/srv/__init__.py'...
Compiling '/home/jnu/go2_ws/install/go2_interfaces/local/lib/python3.10/dist-packages/go2_interfaces/srv/_body_height.py'...
Compiling '/home/jnu/go2_ws/install/go2_interfaces/local/lib/python3.10/dist-packages/go2_interfaces/srv/_continuous_gait.py'...
Compiling '/home/jnu/go2_ws/install/go2_interfaces/local/lib/python3.10/dist-packages/go2_interfaces/srv/_euler.py'...
Compiling '/home/jnu/go2_ws/install/go2_interfaces/local/lib/python3.10/dist-packages/go2_interfaces/srv/_foot_raise_height.py'...
Compiling '/home/jnu/go2_ws/install/go2_interfaces/local/lib/python3.10/dist-packages/go2_interfaces/srv/_get_body_height.py'...
Compiling '/home/jnu/go2_ws/install/go2_interfaces/local/lib/python3.10/dist-packages/go2_interfaces/srv/_get_brightness.py'...
Compiling '/home/jnu/go2_ws/install/go2_interfaces/local/lib/python3.10/dist-packages/go2_interfaces/srv/_get_foot_raise_height.py'...
Compiling '/home/jnu/go2_ws/install/go2_interfaces/local/lib/python3.10/dist-packages/go2_interfaces/srv/_get_speed_level.py'...
Compiling '/home/jnu/go2_ws/install/go2_interfaces/local/lib/python3.10/dist-packages/go2_interfaces/srv/_get_state.py'...
Compiling '/home/jnu/go2_ws/install/go2_interfaces/local/lib/python3.10/dist-packages/go2_interfaces/srv/_get_switch.py'...
Compiling '/home/jnu/go2_ws/install/go2_interfaces/local/lib/python3.10/dist-packages/go2_interfaces/srv/_get_switch_obstacles_avoidance.py'...
Compiling '/home/jnu/go2_ws/install/go2_interfaces/local/lib/python3.10/dist-packages/go2_interfaces/srv/_get_volume.py'...
Compiling '/home/jnu/go2_ws/install/go2_interfaces/local/lib/python3.10/dist-packages/go2_interfaces/srv/_mode.py'...
Compiling '/home/jnu/go2_ws/install/go2_interfaces/local/lib/python3.10/dist-packages/go2_interfaces/srv/_pose.py'...
Compiling '/home/jnu/go2_ws/install/go2_interfaces/local/lib/python3.10/dist-packages/go2_interfaces/srv/_say.py'...
Compiling '/home/jnu/go2_ws/install/go2_interfaces/local/lib/python3.10/dist-packages/go2_interfaces/srv/_set_brightness.py'...
Compiling '/home/jnu/go2_ws/install/go2_interfaces/local/lib/python3.10/dist-packages/go2_interfaces/srv/_set_switch.py'...
Compiling '/home/jnu/go2_ws/install/go2_interfaces/local/lib/python3.10/dist-packages/go2_interfaces/srv/_set_switch_obstacles_avoidance.py'...
Compiling '/home/jnu/go2_ws/install/go2_interfaces/local/lib/python3.10/dist-packages/go2_interfaces/srv/_set_volume.py'...
Compiling '/home/jnu/go2_ws/install/go2_interfaces/local/lib/python3.10/dist-packages/go2_interfaces/srv/_speed_level.py'...
Compiling '/home/jnu/go2_ws/install/go2_interfaces/local/lib/python3.10/dist-packages/go2_interfaces/srv/_switch_gait.py'...
Compiling '/home/jnu/go2_ws/install/go2_interfaces/local/lib/python3.10/dist-packages/go2_interfaces/srv/_switch_joystick.py'...
-- Installing: /home/jnu/go2_ws/install/go2_interfaces/lib/libgo2_interfaces__rosidl_generator_py.so
-- Set runtime path of "/home/jnu/go2_ws/install/go2_interfaces/lib/libgo2_interfaces__rosidl_generator_py.so" to ""
-- Installing: /home/jnu/go2_ws/install/go2_interfaces/share/go2_interfaces/cmake/export_go2_interfaces__rosidl_generator_cExport.cmake
-- Installing: /home/jnu/go2_ws/install/go2_interfaces/share/go2_interfaces/cmake/export_go2_interfaces__rosidl_generator_cExport-noconfig.cmake
-- Installing: /home/jnu/go2_ws/install/go2_interfaces/share/go2_interfaces/cmake/export_go2_interfaces__rosidl_typesupport_fastrtps_cExport.cmake
-- Installing: /home/jnu/go2_ws/install/go2_interfaces/share/go2_interfaces/cmake/export_go2_interfaces__rosidl_typesupport_fastrtps_cExport-noconfig.cmake
-- Installing: /home/jnu/go2_ws/install/go2_interfaces/share/go2_interfaces/cmake/go2_interfaces__rosidl_typesupport_introspection_cExport.cmake
-- Installing: /home/jnu/go2_ws/install/go2_interfaces/share/go2_interfaces/cmake/go2_interfaces__rosidl_typesupport_introspection_cExport-noconfig.cmake
-- Installing: /home/jnu/go2_ws/install/go2_interfaces/share/go2_interfaces/cmake/go2_interfaces__rosidl_typesupport_cExport.cmake
-- Installing: /home/jnu/go2_ws/install/go2_interfaces/share/go2_interfaces/cmake/go2_interfaces__rosidl_typesupport_cExport-noconfig.cmake
-- Installing: /home/jnu/go2_ws/install/go2_interfaces/share/go2_interfaces/cmake/export_go2_interfaces__rosidl_generator_cppExport.cmake
-- Installing: /home/jnu/go2_ws/install/go2_interfaces/share/go2_interfaces/cmake/export_go2_interfaces__rosidl_typesupport_fastrtps_cppExport.cmake
-- Installing: /home/jnu/go2_ws/install/go2_interfaces/share/go2_interfaces/cmake/export_go2_interfaces__rosidl_typesupport_fastrtps_cppExport-noconfig.cmake
-- Installing: /home/jnu/go2_ws/install/go2_interfaces/share/go2_interfaces/cmake/go2_interfaces__rosidl_typesupport_introspection_cppExport.cmake
-- Installing: /home/jnu/go2_ws/install/go2_interfaces/share/go2_interfaces/cmake/go2_interfaces__rosidl_typesupport_introspection_cppExport-noconfig.cmake
-- Installing: /home/jnu/go2_ws/install/go2_interfaces/share/go2_interfaces/cmake/go2_interfaces__rosidl_typesupport_cppExport.cmake
-- Installing: /home/jnu/go2_ws/install/go2_interfaces/share/go2_interfaces/cmake/go2_interfaces__rosidl_typesupport_cppExport-noconfig.cmake
-- Installing: /home/jnu/go2_ws/install/go2_interfaces/share/go2_interfaces/cmake/export_go2_interfaces__rosidl_generator_pyExport.cmake
-- Installing: /home/jnu/go2_ws/install/go2_interfaces/share/go2_interfaces/cmake/export_go2_interfaces__rosidl_generator_pyExport-noconfig.cmake
