[0.009s] Invoking command in '/home/jnu/go2_ws/build/go2_interfaces': CMAKE_PREFIX_PATH=/opt/ros/humble /usr/bin/cmake /home/jnu/go2_ws/src/go2_interfaces -DAMENT_CMAKE_SYMLINK_INSTALL=1 -DCMAKE_INSTALL_PREFIX=/home/jnu/go2_ws/install/go2_interfaces
[0.035s] -- The C compiler identification is GNU 11.4.0
[0.065s] -- The CXX compiler identification is GNU 11.4.0
[0.068s] -- Detecting C compiler ABI info
[0.114s] -- Detecting C compiler ABI info - done
[0.118s] -- Check for working C compiler: /usr/bin/cc - skipped
[0.118s] -- Detecting C compile features
[0.118s] -- Detecting C compile features - done
[0.120s] -- Detecting CXX compiler ABI info
[0.162s] -- Detecting CXX compiler ABI info - done
[0.166s] -- Check for working CXX compiler: /usr/bin/c++ - skipped
[0.166s] -- Detecting CXX compile features
[0.166s] -- Detecting CXX compile features - done
[0.167s] -- Found rosidl_default_generators: 1.2.0 (/opt/ros/humble/share/rosidl_default_generators/cmake)
[0.168s] -- Found ament_cmake_core: 1.3.12 (/opt/ros/humble/share/ament_cmake_core/cmake)
[0.254s] -- Found Python3: /usr/bin/python3 (found version "3.10.12") found components: Interpreter 
[0.285s] -- Override CMake install command with custom implementation using symlinks instead of copying resources
[0.288s] -- Using all available rosidl_typesupport_c: rosidl_typesupport_fastrtps_c;rosidl_typesupport_introspection_c
[0.291s] -- Found rosidl_adapter: 3.1.7 (/opt/ros/humble/share/rosidl_adapter/cmake)
[0.318s] -- Using all available rosidl_typesupport_cpp: rosidl_typesupport_fastrtps_cpp;rosidl_typesupport_introspection_cpp
[0.334s] -- Found std_msgs: 4.9.0 (/opt/ros/humble/share/std_msgs/cmake)
[0.550s] -- Found ament_cmake_ros: 0.10.0 (/opt/ros/humble/share/ament_cmake_ros/cmake)
[0.659s] -- Using all available rosidl_typesupport_c: rosidl_typesupport_fastrtps_c;rosidl_typesupport_introspection_c
[0.789s] -- Using all available rosidl_typesupport_cpp: rosidl_typesupport_fastrtps_cpp;rosidl_typesupport_introspection_cpp
[0.802s] -- Found PythonInterp: /usr/bin/python3 (found suitable version "3.10.12", minimum required is "3.6") 
[0.802s] -- Found python_cmake_module: 0.10.0 (/opt/ros/humble/share/python_cmake_module/cmake)
[0.815s] -- Found PythonLibs: /usr/lib/x86_64-linux-gnu/libpython3.10.so (found suitable version "3.10.12", minimum required is "3.5") 
[0.815s] -- Using PYTHON_EXECUTABLE: /usr/bin/python3
[0.815s] -- Using PYTHON_INCLUDE_DIRS: /usr/include/python3.10
[0.815s] -- Using PYTHON_LIBRARIES: /usr/lib/x86_64-linux-gnu/libpython3.10.so
[0.827s] -- Found PythonExtra: .so  
[0.848s] -- Found ament_lint_auto: 0.12.14 (/opt/ros/humble/share/ament_lint_auto/cmake)
[0.857s] -- Added test 'lint_cmake' to check CMake code style
[0.859s] -- Added test 'xmllint' to check XML markup files
[0.860s] -- Configuring done
[0.887s] -- Generating done
[0.892s] -- Build files have been written to: /home/jnu/go2_ws/build/go2_interfaces
[0.897s] Invoked command in '/home/jnu/go2_ws/build/go2_interfaces' returned '0': CMAKE_PREFIX_PATH=/opt/ros/humble /usr/bin/cmake /home/jnu/go2_ws/src/go2_interfaces -DAMENT_CMAKE_SYMLINK_INSTALL=1 -DCMAKE_INSTALL_PREFIX=/home/jnu/go2_ws/install/go2_interfaces
[0.898s] Invoking command in '/home/jnu/go2_ws/build/go2_interfaces': CMAKE_PREFIX_PATH=/opt/ros/humble /usr/bin/cmake --build /home/jnu/go2_ws/build/go2_interfaces -- -j24 -l24
[0.930s] [  0%] [34m[1mGenerating C code for ROS interfaces[0m
[0.938s] [  0%] [34m[1mGenerating C++ code for ROS interfaces[0m
[0.944s] [  0%] Built target ament_cmake_python_symlink_go2_interfaces
[1.059s] running egg_info
[1.059s] creating go2_interfaces.egg-info
[1.059s] writing go2_interfaces.egg-info/PKG-INFO
[1.060s] writing dependency_links to go2_interfaces.egg-info/dependency_links.txt
[1.060s] writing top-level names to go2_interfaces.egg-info/top_level.txt
[1.060s] writing manifest file 'go2_interfaces.egg-info/SOURCES.txt'
[1.060s] reading manifest file 'go2_interfaces.egg-info/SOURCES.txt'
[1.061s] writing manifest file 'go2_interfaces.egg-info/SOURCES.txt'
[1.076s] [  0%] Built target ament_cmake_python_build_go2_interfaces_egg
[2.152s] [  1%] [32mBuilding C object CMakeFiles/go2_interfaces__rosidl_generator_c.dir/rosidl_generator_c/go2_interfaces/srv/detail/euler__functions.c.o[0m
[2.153s] [  2%] [32mBuilding C object CMakeFiles/go2_interfaces__rosidl_generator_c.dir/rosidl_generator_c/go2_interfaces/srv/detail/body_height__functions.c.o[0m
[2.156s] [  2%] [32mBuilding C object CMakeFiles/go2_interfaces__rosidl_generator_c.dir/rosidl_generator_c/go2_interfaces/srv/detail/continuous_gait__functions.c.o[0m
[2.156s] [  2%] [32mBuilding C object CMakeFiles/go2_interfaces__rosidl_generator_c.dir/rosidl_generator_c/go2_interfaces/srv/detail/foot_raise_height__functions.c.o[0m
[2.158s] [  2%] [32mBuilding C object CMakeFiles/go2_interfaces__rosidl_generator_c.dir/rosidl_generator_c/go2_interfaces/srv/detail/get_brightness__functions.c.o[0m
[2.159s] [  3%] [32mBuilding C object CMakeFiles/go2_interfaces__rosidl_generator_c.dir/rosidl_generator_c/go2_interfaces/srv/detail/get_state__functions.c.o[0m
[2.159s] [  3%] [32mBuilding C object CMakeFiles/go2_interfaces__rosidl_generator_c.dir/rosidl_generator_c/go2_interfaces/srv/detail/get_switch__functions.c.o[0m
[2.159s] [  3%] [32mBuilding C object CMakeFiles/go2_interfaces__rosidl_generator_c.dir/rosidl_generator_c/go2_interfaces/srv/detail/get_speed_level__functions.c.o[0m
[2.160s] [  5%] [32mBuilding C object CMakeFiles/go2_interfaces__rosidl_generator_c.dir/rosidl_generator_c/go2_interfaces/srv/detail/get_foot_raise_height__functions.c.o[0m
[2.160s] [  5%] [32mBuilding C object CMakeFiles/go2_interfaces__rosidl_generator_c.dir/rosidl_generator_c/go2_interfaces/srv/detail/get_body_height__functions.c.o[0m
[2.165s] [  6%] [32mBuilding C object CMakeFiles/go2_interfaces__rosidl_generator_c.dir/rosidl_generator_c/go2_interfaces/srv/detail/get_switch_obstacles_avoidance__functions.c.o[0m
[2.182s] [  6%] [32mBuilding C object CMakeFiles/go2_interfaces__rosidl_generator_c.dir/rosidl_generator_c/go2_interfaces/srv/detail/get_volume__functions.c.o[0m
[2.182s] [  7%] [32mBuilding C object CMakeFiles/go2_interfaces__rosidl_generator_c.dir/rosidl_generator_c/go2_interfaces/srv/detail/say__functions.c.o[0m
[2.187s] [  7%] [32mBuilding C object CMakeFiles/go2_interfaces__rosidl_generator_c.dir/rosidl_generator_c/go2_interfaces/srv/detail/set_brightness__functions.c.o[0m
[2.191s] [  8%] [32mBuilding C object CMakeFiles/go2_interfaces__rosidl_generator_c.dir/rosidl_generator_c/go2_interfaces/srv/detail/mode__functions.c.o[0m
[2.198s] [  8%] [32mBuilding C object CMakeFiles/go2_interfaces__rosidl_generator_c.dir/rosidl_generator_c/go2_interfaces/srv/detail/pose__functions.c.o[0m
[2.198s] [  9%] [32mBuilding C object CMakeFiles/go2_interfaces__rosidl_generator_c.dir/rosidl_generator_c/go2_interfaces/srv/detail/set_switch__functions.c.o[0m
[2.201s] [  9%] [32mBuilding C object CMakeFiles/go2_interfaces__rosidl_generator_c.dir/rosidl_generator_c/go2_interfaces/srv/detail/set_switch_obstacles_avoidance__functions.c.o[0m
[2.201s] [ 10%] [32mBuilding C object CMakeFiles/go2_interfaces__rosidl_generator_c.dir/rosidl_generator_c/go2_interfaces/srv/detail/set_volume__functions.c.o[0m
[2.208s] [ 10%] [32mBuilding C object CMakeFiles/go2_interfaces__rosidl_generator_c.dir/rosidl_generator_c/go2_interfaces/srv/detail/speed_level__functions.c.o[0m
[2.210s] [ 11%] [32mBuilding C object CMakeFiles/go2_interfaces__rosidl_generator_c.dir/rosidl_generator_c/go2_interfaces/srv/detail/switch_gait__functions.c.o[0m
[2.212s] [ 11%] [32mBuilding C object CMakeFiles/go2_interfaces__rosidl_generator_c.dir/rosidl_generator_c/go2_interfaces/srv/detail/switch_joystick__functions.c.o[0m
[2.252s] [ 11%] Built target go2_interfaces__cpp
[2.260s] [ 12%] [34m[1mGenerating C++ type support dispatch for ROS interfaces[0m
[2.261s] [ 13%] [34m[1mGenerating C++ type support for eProsima Fast-RTPS[0m
[2.262s] [ 14%] [34m[1mGenerating C++ introspection for ROS interfaces[0m
[2.265s] [ 15%] [32m[1mLinking C shared library libgo2_interfaces__rosidl_generator_c.so[0m
[2.297s] [ 15%] Built target go2_interfaces__rosidl_generator_c
[2.315s] [ 16%] [34m[1mGenerating C type support for eProsima Fast-RTPS[0m
[2.317s] [ 17%] [34m[1mGenerating C type support dispatch for ROS interfaces[0m
[2.320s] [ 18%] [34m[1mGenerating C introspection for ROS interfaces[0m
[2.959s] [ 18%] [32mBuilding CXX object CMakeFiles/go2_interfaces__rosidl_typesupport_cpp.dir/rosidl_typesupport_cpp/go2_interfaces/srv/body_height__type_support.cpp.o[0m
[2.973s] [ 18%] [32mBuilding CXX object CMakeFiles/go2_interfaces__rosidl_typesupport_cpp.dir/rosidl_typesupport_cpp/go2_interfaces/srv/euler__type_support.cpp.o[0m
[2.977s] [ 20%] [32mBuilding CXX object CMakeFiles/go2_interfaces__rosidl_typesupport_cpp.dir/rosidl_typesupport_cpp/go2_interfaces/srv/continuous_gait__type_support.cpp.o[0m
[2.977s] [ 20%] [32mBuilding CXX object CMakeFiles/go2_interfaces__rosidl_typesupport_cpp.dir/rosidl_typesupport_cpp/go2_interfaces/srv/foot_raise_height__type_support.cpp.o[0m
[2.977s] [ 20%] [32mBuilding CXX object CMakeFiles/go2_interfaces__rosidl_typesupport_cpp.dir/rosidl_typesupport_cpp/go2_interfaces/srv/get_body_height__type_support.cpp.o[0m
[2.977s] [ 20%] [32mBuilding CXX object CMakeFiles/go2_interfaces__rosidl_typesupport_c.dir/rosidl_typesupport_c/go2_interfaces/srv/body_height__type_support.cpp.o[0m
[2.978s] [ 21%] [32mBuilding CXX object CMakeFiles/go2_interfaces__rosidl_typesupport_cpp.dir/rosidl_typesupport_cpp/go2_interfaces/srv/get_brightness__type_support.cpp.o[0m
[2.985s] [ 21%] [32mBuilding CXX object CMakeFiles/go2_interfaces__rosidl_typesupport_cpp.dir/rosidl_typesupport_cpp/go2_interfaces/srv/get_foot_raise_height__type_support.cpp.o[0m
[2.986s] [ 22%] [32mBuilding CXX object CMakeFiles/go2_interfaces__rosidl_typesupport_c.dir/rosidl_typesupport_c/go2_interfaces/srv/continuous_gait__type_support.cpp.o[0m
[2.986s] [ 23%] [32mBuilding CXX object CMakeFiles/go2_interfaces__rosidl_typesupport_cpp.dir/rosidl_typesupport_cpp/go2_interfaces/srv/get_speed_level__type_support.cpp.o[0m
[2.986s] [ 24%] [32mBuilding CXX object CMakeFiles/go2_interfaces__rosidl_typesupport_c.dir/rosidl_typesupport_c/go2_interfaces/srv/foot_raise_height__type_support.cpp.o[0m
[2.993s] [ 25%] [32mBuilding CXX object CMakeFiles/go2_interfaces__rosidl_typesupport_cpp.dir/rosidl_typesupport_cpp/go2_interfaces/srv/get_switch__type_support.cpp.o[0m
[2.994s] [ 25%] [32mBuilding CXX object CMakeFiles/go2_interfaces__rosidl_typesupport_cpp.dir/rosidl_typesupport_cpp/go2_interfaces/srv/get_state__type_support.cpp.o[0m
[2.994s] [ 26%] [32mBuilding CXX object CMakeFiles/go2_interfaces__rosidl_typesupport_c.dir/rosidl_typesupport_c/go2_interfaces/srv/get_body_height__type_support.cpp.o[0m
[2.994s] [ 26%] [32mBuilding CXX object CMakeFiles/go2_interfaces__rosidl_typesupport_c.dir/rosidl_typesupport_c/go2_interfaces/srv/get_foot_raise_height__type_support.cpp.o[0m
[2.996s] [ 25%] [32mBuilding CXX object CMakeFiles/go2_interfaces__rosidl_typesupport_c.dir/rosidl_typesupport_c/go2_interfaces/srv/euler__type_support.cpp.o[0m
[2.996s] [ 26%] [32mBuilding CXX object CMakeFiles/go2_interfaces__rosidl_typesupport_c.dir/rosidl_typesupport_c/go2_interfaces/srv/get_brightness__type_support.cpp.o[0m
[2.996s] [ 27%] [32mBuilding CXX object CMakeFiles/go2_interfaces__rosidl_typesupport_c.dir/rosidl_typesupport_c/go2_interfaces/srv/get_speed_level__type_support.cpp.o[0m
[3.001s] [ 27%] [32mBuilding CXX object CMakeFiles/go2_interfaces__rosidl_typesupport_cpp.dir/rosidl_typesupport_cpp/go2_interfaces/srv/get_switch_obstacles_avoidance__type_support.cpp.o[0m
[3.015s] [ 27%] [32mBuilding CXX object CMakeFiles/go2_interfaces__rosidl_typesupport_c.dir/rosidl_typesupport_c/go2_interfaces/srv/get_state__type_support.cpp.o[0m
[3.054s] [ 28%] [32mBuilding CXX object CMakeFiles/go2_interfaces__rosidl_typesupport_c.dir/rosidl_typesupport_c/go2_interfaces/srv/get_switch__type_support.cpp.o[0m
[3.057s] [ 28%] [32mBuilding CXX object CMakeFiles/go2_interfaces__rosidl_typesupport_c.dir/rosidl_typesupport_c/go2_interfaces/srv/get_switch_obstacles_avoidance__type_support.cpp.o[0m
[3.061s] [ 28%] [32mBuilding CXX object CMakeFiles/go2_interfaces__rosidl_typesupport_c.dir/rosidl_typesupport_c/go2_interfaces/srv/mode__type_support.cpp.o[0m
[3.062s] [ 29%] [32mBuilding CXX object CMakeFiles/go2_interfaces__rosidl_typesupport_cpp.dir/rosidl_typesupport_cpp/go2_interfaces/srv/get_volume__type_support.cpp.o[0m
[3.065s] [ 30%] [32mBuilding CXX object CMakeFiles/go2_interfaces__rosidl_typesupport_c.dir/rosidl_typesupport_c/go2_interfaces/srv/pose__type_support.cpp.o[0m
[3.068s] [ 31%] [32mBuilding CXX object CMakeFiles/go2_interfaces__rosidl_typesupport_c.dir/rosidl_typesupport_c/go2_interfaces/srv/get_volume__type_support.cpp.o[0m
[3.071s] [ 31%] [32mBuilding CXX object CMakeFiles/go2_interfaces__rosidl_typesupport_cpp.dir/rosidl_typesupport_cpp/go2_interfaces/srv/mode__type_support.cpp.o[0m
[3.073s] [ 31%] [32mBuilding CXX object CMakeFiles/go2_interfaces__rosidl_typesupport_c.dir/rosidl_typesupport_c/go2_interfaces/srv/say__type_support.cpp.o[0m
[3.108s] [ 32%] [32mBuilding CXX object CMakeFiles/go2_interfaces__rosidl_typesupport_cpp.dir/rosidl_typesupport_cpp/go2_interfaces/srv/pose__type_support.cpp.o[0m
[3.129s] [ 33%] [32mBuilding CXX object CMakeFiles/go2_interfaces__rosidl_typesupport_c.dir/rosidl_typesupport_c/go2_interfaces/srv/set_brightness__type_support.cpp.o[0m
[3.138s] [ 33%] [32mBuilding CXX object CMakeFiles/go2_interfaces__rosidl_typesupport_c.dir/rosidl_typesupport_c/go2_interfaces/srv/set_switch__type_support.cpp.o[0m
[3.153s] [ 33%] [32mBuilding CXX object CMakeFiles/go2_interfaces__rosidl_typesupport_cpp.dir/rosidl_typesupport_cpp/go2_interfaces/srv/set_switch__type_support.cpp.o[0m
[3.154s] [ 34%] [32mBuilding CXX object CMakeFiles/go2_interfaces__rosidl_typesupport_cpp.dir/rosidl_typesupport_cpp/go2_interfaces/srv/set_brightness__type_support.cpp.o[0m
[3.156s] [ 35%] [32mBuilding CXX object CMakeFiles/go2_interfaces__rosidl_typesupport_c.dir/rosidl_typesupport_c/go2_interfaces/srv/set_switch_obstacles_avoidance__type_support.cpp.o[0m
[3.157s] [ 35%] [32mBuilding CXX object CMakeFiles/go2_interfaces__rosidl_typesupport_cpp.dir/rosidl_typesupport_cpp/go2_interfaces/srv/say__type_support.cpp.o[0m
[3.197s] [ 36%] [32mBuilding CXX object CMakeFiles/go2_interfaces__rosidl_typesupport_cpp.dir/rosidl_typesupport_cpp/go2_interfaces/srv/set_switch_obstacles_avoidance__type_support.cpp.o[0m
[3.205s] [ 36%] [32mBuilding CXX object CMakeFiles/go2_interfaces__rosidl_typesupport_c.dir/rosidl_typesupport_c/go2_interfaces/srv/set_volume__type_support.cpp.o[0m
[3.221s] [ 37%] [32mBuilding CXX object CMakeFiles/go2_interfaces__rosidl_typesupport_c.dir/rosidl_typesupport_c/go2_interfaces/srv/speed_level__type_support.cpp.o[0m
[3.270s] [ 37%] [32mBuilding CXX object CMakeFiles/go2_interfaces__rosidl_typesupport_c.dir/rosidl_typesupport_c/go2_interfaces/srv/switch_gait__type_support.cpp.o[0m
[3.302s] [ 37%] [32mBuilding CXX object CMakeFiles/go2_interfaces__rosidl_typesupport_cpp.dir/rosidl_typesupport_cpp/go2_interfaces/srv/set_volume__type_support.cpp.o[0m
[3.348s] [ 38%] [32mBuilding CXX object CMakeFiles/go2_interfaces__rosidl_typesupport_c.dir/rosidl_typesupport_c/go2_interfaces/srv/switch_joystick__type_support.cpp.o[0m
[3.406s] [ 38%] [32m[1mLinking CXX shared library libgo2_interfaces__rosidl_typesupport_c.so[0m
[3.436s] [ 39%] [32mBuilding CXX object CMakeFiles/go2_interfaces__rosidl_typesupport_cpp.dir/rosidl_typesupport_cpp/go2_interfaces/srv/speed_level__type_support.cpp.o[0m
[3.436s] [ 39%] [32mBuilding CXX object CMakeFiles/go2_interfaces__rosidl_typesupport_cpp.dir/rosidl_typesupport_cpp/go2_interfaces/srv/switch_gait__type_support.cpp.o[0m
[3.449s] [ 40%] [32mBuilding CXX object CMakeFiles/go2_interfaces__rosidl_typesupport_cpp.dir/rosidl_typesupport_cpp/go2_interfaces/srv/switch_joystick__type_support.cpp.o[0m
[3.479s] [ 40%] Built target go2_interfaces__rosidl_typesupport_c
[3.747s] [ 40%] [32mBuilding CXX object CMakeFiles/go2_interfaces__rosidl_typesupport_introspection_cpp.dir/rosidl_typesupport_introspection_cpp/go2_interfaces/srv/detail/body_height__type_support.cpp.o[0m
[3.750s] [ 41%] [32mBuilding CXX object CMakeFiles/go2_interfaces__rosidl_typesupport_introspection_cpp.dir/rosidl_typesupport_introspection_cpp/go2_interfaces/srv/detail/foot_raise_height__type_support.cpp.o[0m
[3.751s] [ 42%] [32mBuilding CXX object CMakeFiles/go2_interfaces__rosidl_typesupport_introspection_cpp.dir/rosidl_typesupport_introspection_cpp/go2_interfaces/srv/detail/euler__type_support.cpp.o[0m
[3.751s] [ 42%] [32mBuilding CXX object CMakeFiles/go2_interfaces__rosidl_typesupport_introspection_cpp.dir/rosidl_typesupport_introspection_cpp/go2_interfaces/srv/detail/continuous_gait__type_support.cpp.o[0m
[3.758s] [ 43%] [32mBuilding CXX object CMakeFiles/go2_interfaces__rosidl_typesupport_introspection_cpp.dir/rosidl_typesupport_introspection_cpp/go2_interfaces/srv/detail/get_brightness__type_support.cpp.o[0m
[3.767s] [ 43%] [32mBuilding CXX object CMakeFiles/go2_interfaces__rosidl_typesupport_introspection_cpp.dir/rosidl_typesupport_introspection_cpp/go2_interfaces/srv/detail/get_body_height__type_support.cpp.o[0m
[3.788s] [ 44%] [32mBuilding CXX object CMakeFiles/go2_interfaces__rosidl_typesupport_introspection_cpp.dir/rosidl_typesupport_introspection_cpp/go2_interfaces/srv/detail/get_speed_level__type_support.cpp.o[0m
[3.791s] [ 44%] [32mBuilding CXX object CMakeFiles/go2_interfaces__rosidl_typesupport_introspection_cpp.dir/rosidl_typesupport_introspection_cpp/go2_interfaces/srv/detail/get_foot_raise_height__type_support.cpp.o[0m
[3.795s] [ 44%] [32mBuilding CXX object CMakeFiles/go2_interfaces__rosidl_typesupport_introspection_cpp.dir/rosidl_typesupport_introspection_cpp/go2_interfaces/srv/detail/get_state__type_support.cpp.o[0m
[3.807s] [ 44%] [32mBuilding CXX object CMakeFiles/go2_interfaces__rosidl_typesupport_introspection_cpp.dir/rosidl_typesupport_introspection_cpp/go2_interfaces/srv/detail/get_switch_obstacles_avoidance__type_support.cpp.o[0m
[3.810s] [ 45%] [32mBuilding CXX object CMakeFiles/go2_interfaces__rosidl_typesupport_introspection_cpp.dir/rosidl_typesupport_introspection_cpp/go2_interfaces/srv/detail/get_switch__type_support.cpp.o[0m
[3.815s] [ 46%] [32mBuilding CXX object CMakeFiles/go2_interfaces__rosidl_typesupport_introspection_cpp.dir/rosidl_typesupport_introspection_cpp/go2_interfaces/srv/detail/get_volume__type_support.cpp.o[0m
[3.818s] [ 47%] [32mBuilding CXX object CMakeFiles/go2_interfaces__rosidl_typesupport_introspection_cpp.dir/rosidl_typesupport_introspection_cpp/go2_interfaces/srv/detail/pose__type_support.cpp.o[0m
[3.822s] [ 47%] [32mBuilding CXX object CMakeFiles/go2_interfaces__rosidl_typesupport_introspection_cpp.dir/rosidl_typesupport_introspection_cpp/go2_interfaces/srv/detail/mode__type_support.cpp.o[0m
[3.823s] [ 47%] [32mBuilding CXX object CMakeFiles/go2_interfaces__rosidl_typesupport_introspection_cpp.dir/rosidl_typesupport_introspection_cpp/go2_interfaces/srv/detail/say__type_support.cpp.o[0m
[3.837s] [ 47%] [32mBuilding CXX object CMakeFiles/go2_interfaces__rosidl_typesupport_introspection_cpp.dir/rosidl_typesupport_introspection_cpp/go2_interfaces/srv/detail/set_switch__type_support.cpp.o[0m
[3.842s] [ 48%] [32mBuilding CXX object CMakeFiles/go2_interfaces__rosidl_typesupport_introspection_cpp.dir/rosidl_typesupport_introspection_cpp/go2_interfaces/srv/detail/set_brightness__type_support.cpp.o[0m
[3.865s] [ 49%] [32mBuilding CXX object CMakeFiles/go2_interfaces__rosidl_typesupport_introspection_cpp.dir/rosidl_typesupport_introspection_cpp/go2_interfaces/srv/detail/set_switch_obstacles_avoidance__type_support.cpp.o[0m
[3.877s] [ 49%] [32mBuilding CXX object CMakeFiles/go2_interfaces__rosidl_typesupport_introspection_cpp.dir/rosidl_typesupport_introspection_cpp/go2_interfaces/srv/detail/set_volume__type_support.cpp.o[0m
[3.879s] [ 50%] [32mBuilding CXX object CMakeFiles/go2_interfaces__rosidl_typesupport_introspection_cpp.dir/rosidl_typesupport_introspection_cpp/go2_interfaces/srv/detail/speed_level__type_support.cpp.o[0m
[3.882s] [ 50%] [32m[1mLinking CXX shared library libgo2_interfaces__rosidl_typesupport_cpp.so[0m
[3.887s] [ 50%] [32mBuilding C object CMakeFiles/go2_interfaces__rosidl_typesupport_introspection_c.dir/rosidl_typesupport_introspection_c/go2_interfaces/srv/detail/body_height__type_support.c.o[0m
[4.001s] [ 51%] [32mBuilding C object CMakeFiles/go2_interfaces__rosidl_typesupport_introspection_c.dir/rosidl_typesupport_introspection_c/go2_interfaces/srv/detail/continuous_gait__type_support.c.o[0m
[4.024s] [ 51%] Built target go2_interfaces__rosidl_typesupport_cpp
[4.058s] [ 51%] [32mBuilding CXX object CMakeFiles/go2_interfaces__rosidl_typesupport_introspection_cpp.dir/rosidl_typesupport_introspection_cpp/go2_interfaces/srv/detail/switch_gait__type_support.cpp.o[0m
[4.088s] [ 51%] [32mBuilding C object CMakeFiles/go2_interfaces__rosidl_typesupport_introspection_c.dir/rosidl_typesupport_introspection_c/go2_interfaces/srv/detail/euler__type_support.c.o[0m
[4.158s] [ 52%] [32mBuilding C object CMakeFiles/go2_interfaces__rosidl_typesupport_introspection_c.dir/rosidl_typesupport_introspection_c/go2_interfaces/srv/detail/foot_raise_height__type_support.c.o[0m
[4.235s] [ 52%] [32mBuilding C object CMakeFiles/go2_interfaces__rosidl_typesupport_introspection_c.dir/rosidl_typesupport_introspection_c/go2_interfaces/srv/detail/get_body_height__type_support.c.o[0m
[4.339s] [ 53%] [32mBuilding CXX object CMakeFiles/go2_interfaces__rosidl_typesupport_introspection_cpp.dir/rosidl_typesupport_introspection_cpp/go2_interfaces/srv/detail/switch_joystick__type_support.cpp.o[0m
[4.368s] [ 54%] [32mBuilding C object CMakeFiles/go2_interfaces__rosidl_typesupport_introspection_c.dir/rosidl_typesupport_introspection_c/go2_interfaces/srv/detail/get_brightness__type_support.c.o[0m
[4.413s] [ 54%] [32mBuilding C object CMakeFiles/go2_interfaces__rosidl_typesupport_introspection_c.dir/rosidl_typesupport_introspection_c/go2_interfaces/srv/detail/get_foot_raise_height__type_support.c.o[0m
[4.454s] [ 55%] [32mBuilding C object CMakeFiles/go2_interfaces__rosidl_typesupport_introspection_c.dir/rosidl_typesupport_introspection_c/go2_interfaces/srv/detail/get_speed_level__type_support.c.o[0m
[4.469s] [ 55%] [32mBuilding C object CMakeFiles/go2_interfaces__rosidl_typesupport_introspection_c.dir/rosidl_typesupport_introspection_c/go2_interfaces/srv/detail/get_state__type_support.c.o[0m
[4.503s] [ 56%] [32mBuilding C object CMakeFiles/go2_interfaces__rosidl_typesupport_introspection_c.dir/rosidl_typesupport_introspection_c/go2_interfaces/srv/detail/get_switch__type_support.c.o[0m
[4.543s] [ 57%] [32mBuilding C object CMakeFiles/go2_interfaces__rosidl_typesupport_introspection_c.dir/rosidl_typesupport_introspection_c/go2_interfaces/srv/detail/get_volume__type_support.c.o[0m
[4.544s] [ 57%] [32mBuilding C object CMakeFiles/go2_interfaces__rosidl_typesupport_introspection_c.dir/rosidl_typesupport_introspection_c/go2_interfaces/srv/detail/get_switch_obstacles_avoidance__type_support.c.o[0m
[4.550s] [ 57%] [32mBuilding C object CMakeFiles/go2_interfaces__rosidl_typesupport_introspection_c.dir/rosidl_typesupport_introspection_c/go2_interfaces/srv/detail/mode__type_support.c.o[0m
[4.573s] [ 58%] [32mBuilding C object CMakeFiles/go2_interfaces__rosidl_typesupport_introspection_c.dir/rosidl_typesupport_introspection_c/go2_interfaces/srv/detail/pose__type_support.c.o[0m
[4.577s] [ 58%] [32mBuilding C object CMakeFiles/go2_interfaces__rosidl_typesupport_introspection_c.dir/rosidl_typesupport_introspection_c/go2_interfaces/srv/detail/say__type_support.c.o[0m
[4.583s] [ 59%] [32mBuilding C object CMakeFiles/go2_interfaces__rosidl_typesupport_introspection_c.dir/rosidl_typesupport_introspection_c/go2_interfaces/srv/detail/set_brightness__type_support.c.o[0m
[4.623s] [ 60%] [32mBuilding C object CMakeFiles/go2_interfaces__rosidl_typesupport_introspection_c.dir/rosidl_typesupport_introspection_c/go2_interfaces/srv/detail/set_switch_obstacles_avoidance__type_support.c.o[0m
[4.628s] [ 60%] [32mBuilding C object CMakeFiles/go2_interfaces__rosidl_typesupport_introspection_c.dir/rosidl_typesupport_introspection_c/go2_interfaces/srv/detail/set_switch__type_support.c.o[0m
[4.634s] [ 60%] [32mBuilding C object CMakeFiles/go2_interfaces__rosidl_typesupport_introspection_c.dir/rosidl_typesupport_introspection_c/go2_interfaces/srv/detail/set_volume__type_support.c.o[0m
[4.638s] [ 61%] [32mBuilding C object CMakeFiles/go2_interfaces__rosidl_typesupport_introspection_c.dir/rosidl_typesupport_introspection_c/go2_interfaces/srv/detail/speed_level__type_support.c.o[0m
[4.645s] [ 61%] [32mBuilding C object CMakeFiles/go2_interfaces__rosidl_typesupport_introspection_c.dir/rosidl_typesupport_introspection_c/go2_interfaces/srv/detail/switch_gait__type_support.c.o[0m
[4.662s] [ 62%] [32mBuilding C object CMakeFiles/go2_interfaces__rosidl_typesupport_introspection_c.dir/rosidl_typesupport_introspection_c/go2_interfaces/srv/detail/switch_joystick__type_support.c.o[0m
[4.678s] [ 62%] [32mBuilding CXX object CMakeFiles/go2_interfaces__rosidl_typesupport_fastrtps_cpp.dir/rosidl_typesupport_fastrtps_cpp/go2_interfaces/srv/detail/dds_fastrtps/body_height__type_support.cpp.o[0m
[4.682s] [ 63%] [32mBuilding CXX object CMakeFiles/go2_interfaces__rosidl_typesupport_fastrtps_cpp.dir/rosidl_typesupport_fastrtps_cpp/go2_interfaces/srv/detail/dds_fastrtps/continuous_gait__type_support.cpp.o[0m
[4.687s] [ 63%] [32mBuilding CXX object CMakeFiles/go2_interfaces__rosidl_typesupport_fastrtps_cpp.dir/rosidl_typesupport_fastrtps_cpp/go2_interfaces/srv/detail/dds_fastrtps/euler__type_support.cpp.o[0m
[4.690s] [ 64%] [32mBuilding CXX object CMakeFiles/go2_interfaces__rosidl_typesupport_fastrtps_cpp.dir/rosidl_typesupport_fastrtps_cpp/go2_interfaces/srv/detail/dds_fastrtps/foot_raise_height__type_support.cpp.o[0m
[4.691s] [ 64%] [32mBuilding CXX object CMakeFiles/go2_interfaces__rosidl_typesupport_fastrtps_cpp.dir/rosidl_typesupport_fastrtps_cpp/go2_interfaces/srv/detail/dds_fastrtps/get_body_height__type_support.cpp.o[0m
[4.695s] [ 64%] [32mBuilding CXX object CMakeFiles/go2_interfaces__rosidl_typesupport_fastrtps_c.dir/rosidl_typesupport_fastrtps_c/go2_interfaces/srv/detail/body_height__type_support_c.cpp.o[0m
[4.698s] [ 65%] [32mBuilding CXX object CMakeFiles/go2_interfaces__rosidl_typesupport_fastrtps_cpp.dir/rosidl_typesupport_fastrtps_cpp/go2_interfaces/srv/detail/dds_fastrtps/get_brightness__type_support.cpp.o[0m
[4.699s] [ 65%] [32mBuilding CXX object CMakeFiles/go2_interfaces__rosidl_typesupport_fastrtps_cpp.dir/rosidl_typesupport_fastrtps_cpp/go2_interfaces/srv/detail/dds_fastrtps/get_foot_raise_height__type_support.cpp.o[0m
[4.709s] [ 65%] [32mBuilding CXX object CMakeFiles/go2_interfaces__rosidl_typesupport_fastrtps_c.dir/rosidl_typesupport_fastrtps_c/go2_interfaces/srv/detail/euler__type_support_c.cpp.o[0m
[4.710s] [ 67%] [32mBuilding CXX object CMakeFiles/go2_interfaces__rosidl_typesupport_fastrtps_c.dir/rosidl_typesupport_fastrtps_c/go2_interfaces/srv/detail/foot_raise_height__type_support_c.cpp.o[0m
[4.710s] [ 66%] [32mBuilding CXX object CMakeFiles/go2_interfaces__rosidl_typesupport_fastrtps_c.dir/rosidl_typesupport_fastrtps_c/go2_interfaces/srv/detail/continuous_gait__type_support_c.cpp.o[0m
[4.725s] [ 67%] [32mBuilding CXX object CMakeFiles/go2_interfaces__rosidl_typesupport_fastrtps_c.dir/rosidl_typesupport_fastrtps_c/go2_interfaces/srv/detail/get_body_height__type_support_c.cpp.o[0m
[4.729s] [ 68%] [32mBuilding CXX object CMakeFiles/go2_interfaces__rosidl_typesupport_fastrtps_c.dir/rosidl_typesupport_fastrtps_c/go2_interfaces/srv/detail/get_brightness__type_support_c.cpp.o[0m
[4.729s] [ 68%] [32mBuilding CXX object CMakeFiles/go2_interfaces__rosidl_typesupport_fastrtps_c.dir/rosidl_typesupport_fastrtps_c/go2_interfaces/srv/detail/get_foot_raise_height__type_support_c.cpp.o[0m
[4.742s] [ 69%] [32mBuilding CXX object CMakeFiles/go2_interfaces__rosidl_typesupport_fastrtps_cpp.dir/rosidl_typesupport_fastrtps_cpp/go2_interfaces/srv/detail/dds_fastrtps/get_speed_level__type_support.cpp.o[0m
[4.749s] [ 70%] [32mBuilding CXX object CMakeFiles/go2_interfaces__rosidl_typesupport_fastrtps_c.dir/rosidl_typesupport_fastrtps_c/go2_interfaces/srv/detail/get_speed_level__type_support_c.cpp.o[0m
[4.768s] [ 70%] [32m[1mLinking C shared library libgo2_interfaces__rosidl_typesupport_introspection_c.so[0m
[4.786s] [ 70%] [32mBuilding CXX object CMakeFiles/go2_interfaces__rosidl_typesupport_fastrtps_cpp.dir/rosidl_typesupport_fastrtps_cpp/go2_interfaces/srv/detail/dds_fastrtps/get_state__type_support.cpp.o[0m
[4.807s] [ 71%] [32mBuilding CXX object CMakeFiles/go2_interfaces__rosidl_typesupport_fastrtps_cpp.dir/rosidl_typesupport_fastrtps_cpp/go2_interfaces/srv/detail/dds_fastrtps/get_switch__type_support.cpp.o[0m
[4.817s] [ 71%] [32mBuilding CXX object CMakeFiles/go2_interfaces__rosidl_typesupport_fastrtps_c.dir/rosidl_typesupport_fastrtps_c/go2_interfaces/srv/detail/get_state__type_support_c.cpp.o[0m
[4.823s] [ 72%] [32mBuilding CXX object CMakeFiles/go2_interfaces__rosidl_typesupport_fastrtps_c.dir/rosidl_typesupport_fastrtps_c/go2_interfaces/srv/detail/get_switch__type_support_c.cpp.o[0m
[4.847s] [ 72%] [32mBuilding CXX object CMakeFiles/go2_interfaces__rosidl_typesupport_fastrtps_c.dir/rosidl_typesupport_fastrtps_c/go2_interfaces/srv/detail/get_switch_obstacles_avoidance__type_support_c.cpp.o[0m
[4.857s] [ 72%] [32mBuilding CXX object CMakeFiles/go2_interfaces__rosidl_typesupport_fastrtps_cpp.dir/rosidl_typesupport_fastrtps_cpp/go2_interfaces/srv/detail/dds_fastrtps/get_switch_obstacles_avoidance__type_support.cpp.o[0m
[4.860s] [ 72%] Built target go2_interfaces__rosidl_typesupport_introspection_c
[4.893s] [ 74%] [32mBuilding CXX object CMakeFiles/go2_interfaces__rosidl_typesupport_fastrtps_cpp.dir/rosidl_typesupport_fastrtps_cpp/go2_interfaces/srv/detail/dds_fastrtps/get_volume__type_support.cpp.o[0m
[4.893s] [ 74%] [32m[1mLinking CXX shared library libgo2_interfaces__rosidl_typesupport_introspection_cpp.so[0m
[5.164s] [ 75%] [32mBuilding CXX object CMakeFiles/go2_interfaces__rosidl_typesupport_fastrtps_c.dir/rosidl_typesupport_fastrtps_c/go2_interfaces/srv/detail/get_volume__type_support_c.cpp.o[0m
[5.217s] [ 75%] Built target go2_interfaces__rosidl_typesupport_introspection_cpp
[5.261s] [ 75%] [32mBuilding CXX object CMakeFiles/go2_interfaces__rosidl_typesupport_fastrtps_c.dir/rosidl_typesupport_fastrtps_c/go2_interfaces/srv/detail/mode__type_support_c.cpp.o[0m
[5.288s] [ 76%] [32mBuilding CXX object CMakeFiles/go2_interfaces__rosidl_typesupport_fastrtps_c.dir/rosidl_typesupport_fastrtps_c/go2_interfaces/srv/detail/pose__type_support_c.cpp.o[0m
[5.336s] [ 76%] [32mBuilding CXX object CMakeFiles/go2_interfaces__rosidl_typesupport_fastrtps_c.dir/rosidl_typesupport_fastrtps_c/go2_interfaces/srv/detail/say__type_support_c.cpp.o[0m
[5.377s] [ 76%] [32mBuilding CXX object CMakeFiles/go2_interfaces__rosidl_typesupport_fastrtps_cpp.dir/rosidl_typesupport_fastrtps_cpp/go2_interfaces/srv/detail/dds_fastrtps/mode__type_support.cpp.o[0m
[5.393s] [ 77%] [32mBuilding CXX object CMakeFiles/go2_interfaces__rosidl_typesupport_fastrtps_c.dir/rosidl_typesupport_fastrtps_c/go2_interfaces/srv/detail/set_brightness__type_support_c.cpp.o[0m
[5.442s] [ 77%] [32mBuilding CXX object CMakeFiles/go2_interfaces__rosidl_typesupport_fastrtps_c.dir/rosidl_typesupport_fastrtps_c/go2_interfaces/srv/detail/set_switch__type_support_c.cpp.o[0m
[5.469s] [ 78%] [32mBuilding CXX object CMakeFiles/go2_interfaces__rosidl_typesupport_fastrtps_cpp.dir/rosidl_typesupport_fastrtps_cpp/go2_interfaces/srv/detail/dds_fastrtps/pose__type_support.cpp.o[0m
[5.550s] [ 79%] [32mBuilding CXX object CMakeFiles/go2_interfaces__rosidl_typesupport_fastrtps_c.dir/rosidl_typesupport_fastrtps_c/go2_interfaces/srv/detail/set_switch_obstacles_avoidance__type_support_c.cpp.o[0m
[5.580s] [ 79%] [32mBuilding CXX object CMakeFiles/go2_interfaces__rosidl_typesupport_fastrtps_cpp.dir/rosidl_typesupport_fastrtps_cpp/go2_interfaces/srv/detail/dds_fastrtps/say__type_support.cpp.o[0m
[5.588s] [ 79%] [32mBuilding CXX object CMakeFiles/go2_interfaces__rosidl_typesupport_fastrtps_c.dir/rosidl_typesupport_fastrtps_c/go2_interfaces/srv/detail/set_volume__type_support_c.cpp.o[0m
[5.593s] [ 80%] [32mBuilding CXX object CMakeFiles/go2_interfaces__rosidl_typesupport_fastrtps_cpp.dir/rosidl_typesupport_fastrtps_cpp/go2_interfaces/srv/detail/dds_fastrtps/set_brightness__type_support.cpp.o[0m
[5.601s] [ 80%] [32mBuilding CXX object CMakeFiles/go2_interfaces__rosidl_typesupport_fastrtps_cpp.dir/rosidl_typesupport_fastrtps_cpp/go2_interfaces/srv/detail/dds_fastrtps/set_switch__type_support.cpp.o[0m
[5.605s] [ 81%] [32mBuilding CXX object CMakeFiles/go2_interfaces__rosidl_typesupport_fastrtps_c.dir/rosidl_typesupport_fastrtps_c/go2_interfaces/srv/detail/speed_level__type_support_c.cpp.o[0m
[5.668s] [ 82%] [32mBuilding CXX object CMakeFiles/go2_interfaces__rosidl_typesupport_fastrtps_cpp.dir/rosidl_typesupport_fastrtps_cpp/go2_interfaces/srv/detail/dds_fastrtps/set_switch_obstacles_avoidance__type_support.cpp.o[0m
[5.682s] [ 82%] [32mBuilding CXX object CMakeFiles/go2_interfaces__rosidl_typesupport_fastrtps_c.dir/rosidl_typesupport_fastrtps_c/go2_interfaces/srv/detail/switch_gait__type_support_c.cpp.o[0m
[5.723s] [ 82%] [32mBuilding CXX object CMakeFiles/go2_interfaces__rosidl_typesupport_fastrtps_cpp.dir/rosidl_typesupport_fastrtps_cpp/go2_interfaces/srv/detail/dds_fastrtps/set_volume__type_support.cpp.o[0m
[5.723s] [ 83%] [32mBuilding CXX object CMakeFiles/go2_interfaces__rosidl_typesupport_fastrtps_c.dir/rosidl_typesupport_fastrtps_c/go2_interfaces/srv/detail/switch_joystick__type_support_c.cpp.o[0m
[5.726s] [ 84%] [32mBuilding CXX object CMakeFiles/go2_interfaces__rosidl_typesupport_fastrtps_cpp.dir/rosidl_typesupport_fastrtps_cpp/go2_interfaces/srv/detail/dds_fastrtps/speed_level__type_support.cpp.o[0m
[5.769s] [ 84%] [32mBuilding CXX object CMakeFiles/go2_interfaces__rosidl_typesupport_fastrtps_cpp.dir/rosidl_typesupport_fastrtps_cpp/go2_interfaces/srv/detail/dds_fastrtps/switch_gait__type_support.cpp.o[0m
[5.773s] [ 85%] [32mBuilding CXX object CMakeFiles/go2_interfaces__rosidl_typesupport_fastrtps_cpp.dir/rosidl_typesupport_fastrtps_cpp/go2_interfaces/srv/detail/dds_fastrtps/switch_joystick__type_support.cpp.o[0m
[6.288s] [ 85%] [32m[1mLinking CXX shared library libgo2_interfaces__rosidl_typesupport_fastrtps_c.so[0m
[6.337s] [ 85%] Built target go2_interfaces__rosidl_typesupport_fastrtps_c
[6.341s] [ 85%] [32m[1mLinking CXX shared library libgo2_interfaces__rosidl_typesupport_fastrtps_cpp.so[0m
[6.386s] [ 85%] Built target go2_interfaces__rosidl_typesupport_fastrtps_cpp
[6.399s] [ 85%] Built target go2_interfaces
[6.412s] [ 86%] [34m[1mGenerating Python code for ROS interfaces[0m
[8.124s] [ 86%] Built target go2_interfaces__py
[8.141s] [ 90%] [32mBuilding C object CMakeFiles/go2_interfaces__rosidl_generator_py.dir/rosidl_generator_py/go2_interfaces/srv/_get_volume_s.c.o[0m
[8.141s] [ 90%] [32mBuilding C object CMakeFiles/go2_interfaces__rosidl_generator_py.dir/rosidl_generator_py/go2_interfaces/srv/_foot_raise_height_s.c.o[0m
[8.141s] [ 90%] [32mBuilding C object CMakeFiles/go2_interfaces__rosidl_generator_py.dir/rosidl_generator_py/go2_interfaces/srv/_get_speed_level_s.c.o[0m
[8.141s] [ 90%] [32mBuilding C object CMakeFiles/go2_interfaces__rosidl_generator_py.dir/rosidl_generator_py/go2_interfaces/srv/_get_body_height_s.c.o[0m
[8.141s] [ 90%] [32mBuilding C object CMakeFiles/go2_interfaces__rosidl_generator_py.dir/rosidl_generator_py/go2_interfaces/srv/_get_state_s.c.o[0m
[8.141s] [ 90%] [32mBuilding C object CMakeFiles/go2_interfaces__rosidl_generator_py.dir/rosidl_generator_py/go2_interfaces/srv/_body_height_s.c.o[0m
[8.141s] [ 90%] [32mBuilding C object CMakeFiles/go2_interfaces__rosidl_generator_py.dir/rosidl_generator_py/go2_interfaces/srv/_continuous_gait_s.c.o[0m
[8.142s] [ 90%] [32mBuilding C object CMakeFiles/go2_interfaces__rosidl_generator_py.dir/rosidl_generator_py/go2_interfaces/srv/_euler_s.c.o[0m
[8.142s] [ 92%] [32mBuilding C object CMakeFiles/go2_interfaces__rosidl_generator_py.dir/rosidl_generator_py/go2_interfaces/srv/_say_s.c.o[0m
[8.142s] [ 93%] [32mBuilding C object CMakeFiles/go2_interfaces__rosidl_generator_py.dir/rosidl_generator_py/go2_interfaces/srv/_mode_s.c.o[0m
[8.142s] [ 93%] [32mBuilding C object CMakeFiles/go2_interfaces__rosidl_generator_py.dir/rosidl_generator_py/go2_interfaces/srv/_set_brightness_s.c.o[0m
[8.142s] [ 93%] [32mBuilding C object CMakeFiles/go2_interfaces__rosidl_generator_py.dir/rosidl_generator_py/go2_interfaces/srv/_pose_s.c.o[0m
[8.142s] [ 93%] [32mBuilding C object CMakeFiles/go2_interfaces__rosidl_generator_py.dir/rosidl_generator_py/go2_interfaces/srv/_set_volume_s.c.o[0m
[8.142s] [ 93%] [32mBuilding C object CMakeFiles/go2_interfaces__rosidl_generator_py.dir/rosidl_generator_py/go2_interfaces/srv/_get_switch_obstacles_avoidance_s.c.o[0m
[8.142s] [ 93%] [32mBuilding C object CMakeFiles/go2_interfaces__rosidl_generator_py.dir/rosidl_generator_py/go2_interfaces/srv/_get_switch_s.c.o[0m
[8.142s] [ 92%] [32mBuilding C object CMakeFiles/go2_interfaces__rosidl_generator_py.dir/rosidl_generator_py/go2_interfaces/srv/_get_foot_raise_height_s.c.o[0m
[8.142s] [ 92%] [32mBuilding C object CMakeFiles/go2_interfaces__rosidl_generator_py.dir/rosidl_generator_py/go2_interfaces/srv/_set_switch_s.c.o[0m
[8.142s] [ 94%] [32mBuilding C object CMakeFiles/go2_interfaces__rosidl_generator_py.dir/rosidl_generator_py/go2_interfaces/srv/_switch_joystick_s.c.o[0m
[8.143s] [ 95%] [32mBuilding C object CMakeFiles/go2_interfaces__rosidl_generator_py.dir/rosidl_generator_py/go2_interfaces/srv/_speed_level_s.c.o[0m
[8.143s] [ 96%] [32mBuilding C object CMakeFiles/go2_interfaces__rosidl_generator_py.dir/rosidl_generator_py/go2_interfaces/srv/_get_brightness_s.c.o[0m
[8.143s] [ 97%] [32mBuilding C object CMakeFiles/go2_interfaces__rosidl_generator_py.dir/rosidl_generator_py/go2_interfaces/srv/_set_switch_obstacles_avoidance_s.c.o[0m
[8.144s] [ 97%] [32mBuilding C object CMakeFiles/go2_interfaces__rosidl_generator_py.dir/rosidl_generator_py/go2_interfaces/srv/_switch_gait_s.c.o[0m
[8.260s] [ 97%] [32m[1mLinking C shared library rosidl_generator_py/go2_interfaces/libgo2_interfaces__rosidl_generator_py.so[0m
[8.287s] [ 97%] Built target go2_interfaces__rosidl_generator_py
[8.305s] [100%] [32mBuilding C object CMakeFiles/go2_interfaces__rosidl_typesupport_fastrtps_c__pyext.dir/rosidl_generator_py/go2_interfaces/_go2_interfaces_s.ep.rosidl_typesupport_fastrtps_c.c.o[0m
[8.305s] [100%] [32mBuilding C object CMakeFiles/go2_interfaces__rosidl_typesupport_c__pyext.dir/rosidl_generator_py/go2_interfaces/_go2_interfaces_s.ep.rosidl_typesupport_c.c.o[0m
[8.305s] [100%] [32mBuilding C object CMakeFiles/go2_interfaces__rosidl_typesupport_introspection_c__pyext.dir/rosidl_generator_py/go2_interfaces/_go2_interfaces_s.ep.rosidl_typesupport_introspection_c.c.o[0m
[8.412s] [100%] [32m[1mLinking C shared library rosidl_generator_py/go2_interfaces/go2_interfaces_s__rosidl_typesupport_c.cpython-310-x86_64-linux-gnu.so[0m
[8.433s] [100%] Built target go2_interfaces__rosidl_typesupport_c__pyext
[8.442s] [100%] [32m[1mLinking C shared library rosidl_generator_py/go2_interfaces/go2_interfaces_s__rosidl_typesupport_fastrtps_c.cpython-310-x86_64-linux-gnu.so[0m
[8.442s] [100%] [32m[1mLinking C shared library rosidl_generator_py/go2_interfaces/go2_interfaces_s__rosidl_typesupport_introspection_c.cpython-310-x86_64-linux-gnu.so[0m
[8.462s] [100%] Built target go2_interfaces__rosidl_typesupport_fastrtps_c__pyext
[8.467s] [100%] Built target go2_interfaces__rosidl_typesupport_introspection_c__pyext
[8.475s] Invoked command in '/home/jnu/go2_ws/build/go2_interfaces' returned '0': CMAKE_PREFIX_PATH=/opt/ros/humble /usr/bin/cmake --build /home/jnu/go2_ws/build/go2_interfaces -- -j24 -l24
[8.476s] Invoking command in '/home/jnu/go2_ws/build/go2_interfaces': CMAKE_PREFIX_PATH=/opt/ros/humble /usr/bin/cmake --install /home/jnu/go2_ws/build/go2_interfaces
[8.481s] -- Install configuration: ""
[8.481s] -- Execute custom install script
[8.481s] -- Symlinking: /home/jnu/go2_ws/install/go2_interfaces/share/ament_index/resource_index/rosidl_interfaces/go2_interfaces
[8.486s] -- Symlinking: /home/jnu/go2_ws/install/go2_interfaces/include/go2_interfaces/go2_interfaces/msg/rosidl_generator_c__visibility_control.h
[8.492s] -- Symlinking: /home/jnu/go2_ws/install/go2_interfaces/include/go2_interfaces/go2_interfaces/srv/body_height.h
[8.496s] -- Symlinking: /home/jnu/go2_ws/install/go2_interfaces/include/go2_interfaces/go2_interfaces/srv/continuous_gait.h
[8.500s] -- Symlinking: /home/jnu/go2_ws/install/go2_interfaces/include/go2_interfaces/go2_interfaces/srv/detail/body_height__functions.h
[8.506s] -- Symlinking: /home/jnu/go2_ws/install/go2_interfaces/include/go2_interfaces/go2_interfaces/srv/detail/body_height__struct.h
[8.511s] -- Symlinking: /home/jnu/go2_ws/install/go2_interfaces/include/go2_interfaces/go2_interfaces/srv/detail/body_height__type_support.h
[8.516s] -- Symlinking: /home/jnu/go2_ws/install/go2_interfaces/include/go2_interfaces/go2_interfaces/srv/detail/continuous_gait__functions.h
[8.520s] -- Symlinking: /home/jnu/go2_ws/install/go2_interfaces/include/go2_interfaces/go2_interfaces/srv/detail/continuous_gait__struct.h
[8.524s] -- Symlinking: /home/jnu/go2_ws/install/go2_interfaces/include/go2_interfaces/go2_interfaces/srv/detail/continuous_gait__type_support.h
[8.528s] -- Symlinking: /home/jnu/go2_ws/install/go2_interfaces/include/go2_interfaces/go2_interfaces/srv/detail/euler__functions.h
[8.531s] -- Symlinking: /home/jnu/go2_ws/install/go2_interfaces/include/go2_interfaces/go2_interfaces/srv/detail/euler__struct.h
[8.535s] -- Symlinking: /home/jnu/go2_ws/install/go2_interfaces/include/go2_interfaces/go2_interfaces/srv/detail/euler__type_support.h
[8.541s] -- Symlinking: /home/jnu/go2_ws/install/go2_interfaces/include/go2_interfaces/go2_interfaces/srv/detail/foot_raise_height__functions.h
[8.545s] -- Symlinking: /home/jnu/go2_ws/install/go2_interfaces/include/go2_interfaces/go2_interfaces/srv/detail/foot_raise_height__struct.h
[8.549s] -- Symlinking: /home/jnu/go2_ws/install/go2_interfaces/include/go2_interfaces/go2_interfaces/srv/detail/foot_raise_height__type_support.h
[8.554s] -- Symlinking: /home/jnu/go2_ws/install/go2_interfaces/include/go2_interfaces/go2_interfaces/srv/detail/get_body_height__functions.h
[8.558s] -- Symlinking: /home/jnu/go2_ws/install/go2_interfaces/include/go2_interfaces/go2_interfaces/srv/detail/get_body_height__struct.h
[8.563s] -- Symlinking: /home/jnu/go2_ws/install/go2_interfaces/include/go2_interfaces/go2_interfaces/srv/detail/get_body_height__type_support.h
[8.569s] -- Symlinking: /home/jnu/go2_ws/install/go2_interfaces/include/go2_interfaces/go2_interfaces/srv/detail/get_brightness__functions.h
[8.574s] -- Symlinking: /home/jnu/go2_ws/install/go2_interfaces/include/go2_interfaces/go2_interfaces/srv/detail/get_brightness__struct.h
[8.579s] -- Symlinking: /home/jnu/go2_ws/install/go2_interfaces/include/go2_interfaces/go2_interfaces/srv/detail/get_brightness__type_support.h
[8.583s] -- Symlinking: /home/jnu/go2_ws/install/go2_interfaces/include/go2_interfaces/go2_interfaces/srv/detail/get_foot_raise_height__functions.h
[8.589s] -- Symlinking: /home/jnu/go2_ws/install/go2_interfaces/include/go2_interfaces/go2_interfaces/srv/detail/get_foot_raise_height__struct.h
[8.593s] -- Symlinking: /home/jnu/go2_ws/install/go2_interfaces/include/go2_interfaces/go2_interfaces/srv/detail/get_foot_raise_height__type_support.h
[8.597s] -- Symlinking: /home/jnu/go2_ws/install/go2_interfaces/include/go2_interfaces/go2_interfaces/srv/detail/get_speed_level__functions.h
[8.602s] -- Symlinking: /home/jnu/go2_ws/install/go2_interfaces/include/go2_interfaces/go2_interfaces/srv/detail/get_speed_level__struct.h
[8.607s] -- Symlinking: /home/jnu/go2_ws/install/go2_interfaces/include/go2_interfaces/go2_interfaces/srv/detail/get_speed_level__type_support.h
[8.612s] -- Symlinking: /home/jnu/go2_ws/install/go2_interfaces/include/go2_interfaces/go2_interfaces/srv/detail/get_state__functions.h
[8.616s] -- Symlinking: /home/jnu/go2_ws/install/go2_interfaces/include/go2_interfaces/go2_interfaces/srv/detail/get_state__struct.h
[8.622s] -- Symlinking: /home/jnu/go2_ws/install/go2_interfaces/include/go2_interfaces/go2_interfaces/srv/detail/get_state__type_support.h
[8.626s] -- Symlinking: /home/jnu/go2_ws/install/go2_interfaces/include/go2_interfaces/go2_interfaces/srv/detail/get_switch__functions.h
[8.630s] -- Symlinking: /home/jnu/go2_ws/install/go2_interfaces/include/go2_interfaces/go2_interfaces/srv/detail/get_switch__struct.h
[8.634s] -- Symlinking: /home/jnu/go2_ws/install/go2_interfaces/include/go2_interfaces/go2_interfaces/srv/detail/get_switch__type_support.h
[8.639s] -- Symlinking: /home/jnu/go2_ws/install/go2_interfaces/include/go2_interfaces/go2_interfaces/srv/detail/get_switch_obstacles_avoidance__functions.h
[8.643s] -- Symlinking: /home/jnu/go2_ws/install/go2_interfaces/include/go2_interfaces/go2_interfaces/srv/detail/get_switch_obstacles_avoidance__struct.h
[8.647s] -- Symlinking: /home/jnu/go2_ws/install/go2_interfaces/include/go2_interfaces/go2_interfaces/srv/detail/get_switch_obstacles_avoidance__type_support.h
[8.652s] -- Symlinking: /home/jnu/go2_ws/install/go2_interfaces/include/go2_interfaces/go2_interfaces/srv/detail/get_volume__functions.h
[8.656s] -- Symlinking: /home/jnu/go2_ws/install/go2_interfaces/include/go2_interfaces/go2_interfaces/srv/detail/get_volume__struct.h
[8.661s] -- Symlinking: /home/jnu/go2_ws/install/go2_interfaces/include/go2_interfaces/go2_interfaces/srv/detail/get_volume__type_support.h
[8.665s] -- Symlinking: /home/jnu/go2_ws/install/go2_interfaces/include/go2_interfaces/go2_interfaces/srv/detail/mode__functions.h
[8.670s] -- Symlinking: /home/jnu/go2_ws/install/go2_interfaces/include/go2_interfaces/go2_interfaces/srv/detail/mode__struct.h
[8.674s] -- Symlinking: /home/jnu/go2_ws/install/go2_interfaces/include/go2_interfaces/go2_interfaces/srv/detail/mode__type_support.h
[8.679s] -- Symlinking: /home/jnu/go2_ws/install/go2_interfaces/include/go2_interfaces/go2_interfaces/srv/detail/pose__functions.h
[8.683s] -- Symlinking: /home/jnu/go2_ws/install/go2_interfaces/include/go2_interfaces/go2_interfaces/srv/detail/pose__struct.h
[8.688s] -- Symlinking: /home/jnu/go2_ws/install/go2_interfaces/include/go2_interfaces/go2_interfaces/srv/detail/pose__type_support.h
[8.691s] -- Symlinking: /home/jnu/go2_ws/install/go2_interfaces/include/go2_interfaces/go2_interfaces/srv/detail/say__functions.h
[8.695s] -- Symlinking: /home/jnu/go2_ws/install/go2_interfaces/include/go2_interfaces/go2_interfaces/srv/detail/say__struct.h
[8.701s] -- Symlinking: /home/jnu/go2_ws/install/go2_interfaces/include/go2_interfaces/go2_interfaces/srv/detail/say__type_support.h
[8.705s] -- Symlinking: /home/jnu/go2_ws/install/go2_interfaces/include/go2_interfaces/go2_interfaces/srv/detail/set_brightness__functions.h
[8.710s] -- Symlinking: /home/jnu/go2_ws/install/go2_interfaces/include/go2_interfaces/go2_interfaces/srv/detail/set_brightness__struct.h
[8.714s] -- Symlinking: /home/jnu/go2_ws/install/go2_interfaces/include/go2_interfaces/go2_interfaces/srv/detail/set_brightness__type_support.h
[8.719s] -- Symlinking: /home/jnu/go2_ws/install/go2_interfaces/include/go2_interfaces/go2_interfaces/srv/detail/set_switch__functions.h
[8.724s] -- Symlinking: /home/jnu/go2_ws/install/go2_interfaces/include/go2_interfaces/go2_interfaces/srv/detail/set_switch__struct.h
[8.729s] -- Symlinking: /home/jnu/go2_ws/install/go2_interfaces/include/go2_interfaces/go2_interfaces/srv/detail/set_switch__type_support.h
[8.734s] -- Symlinking: /home/jnu/go2_ws/install/go2_interfaces/include/go2_interfaces/go2_interfaces/srv/detail/set_switch_obstacles_avoidance__functions.h
[8.737s] -- Symlinking: /home/jnu/go2_ws/install/go2_interfaces/include/go2_interfaces/go2_interfaces/srv/detail/set_switch_obstacles_avoidance__struct.h
[8.743s] -- Symlinking: /home/jnu/go2_ws/install/go2_interfaces/include/go2_interfaces/go2_interfaces/srv/detail/set_switch_obstacles_avoidance__type_support.h
[8.748s] -- Symlinking: /home/jnu/go2_ws/install/go2_interfaces/include/go2_interfaces/go2_interfaces/srv/detail/set_volume__functions.h
[8.754s] -- Symlinking: /home/jnu/go2_ws/install/go2_interfaces/include/go2_interfaces/go2_interfaces/srv/detail/set_volume__struct.h
[8.758s] -- Symlinking: /home/jnu/go2_ws/install/go2_interfaces/include/go2_interfaces/go2_interfaces/srv/detail/set_volume__type_support.h
[8.763s] -- Symlinking: /home/jnu/go2_ws/install/go2_interfaces/include/go2_interfaces/go2_interfaces/srv/detail/speed_level__functions.h
[8.768s] -- Symlinking: /home/jnu/go2_ws/install/go2_interfaces/include/go2_interfaces/go2_interfaces/srv/detail/speed_level__struct.h
[8.773s] -- Symlinking: /home/jnu/go2_ws/install/go2_interfaces/include/go2_interfaces/go2_interfaces/srv/detail/speed_level__type_support.h
[8.779s] -- Symlinking: /home/jnu/go2_ws/install/go2_interfaces/include/go2_interfaces/go2_interfaces/srv/detail/switch_gait__functions.h
[8.783s] -- Symlinking: /home/jnu/go2_ws/install/go2_interfaces/include/go2_interfaces/go2_interfaces/srv/detail/switch_gait__struct.h
[8.787s] -- Symlinking: /home/jnu/go2_ws/install/go2_interfaces/include/go2_interfaces/go2_interfaces/srv/detail/switch_gait__type_support.h
[8.792s] -- Symlinking: /home/jnu/go2_ws/install/go2_interfaces/include/go2_interfaces/go2_interfaces/srv/detail/switch_joystick__functions.h
[8.797s] -- Symlinking: /home/jnu/go2_ws/install/go2_interfaces/include/go2_interfaces/go2_interfaces/srv/detail/switch_joystick__struct.h
[8.801s] -- Symlinking: /home/jnu/go2_ws/install/go2_interfaces/include/go2_interfaces/go2_interfaces/srv/detail/switch_joystick__type_support.h
[8.806s] -- Symlinking: /home/jnu/go2_ws/install/go2_interfaces/include/go2_interfaces/go2_interfaces/srv/euler.h
[8.810s] -- Symlinking: /home/jnu/go2_ws/install/go2_interfaces/include/go2_interfaces/go2_interfaces/srv/foot_raise_height.h
[8.815s] -- Symlinking: /home/jnu/go2_ws/install/go2_interfaces/include/go2_interfaces/go2_interfaces/srv/get_body_height.h
[8.818s] -- Symlinking: /home/jnu/go2_ws/install/go2_interfaces/include/go2_interfaces/go2_interfaces/srv/get_brightness.h
[8.823s] -- Symlinking: /home/jnu/go2_ws/install/go2_interfaces/include/go2_interfaces/go2_interfaces/srv/get_foot_raise_height.h
[8.827s] -- Symlinking: /home/jnu/go2_ws/install/go2_interfaces/include/go2_interfaces/go2_interfaces/srv/get_speed_level.h
[8.832s] -- Symlinking: /home/jnu/go2_ws/install/go2_interfaces/include/go2_interfaces/go2_interfaces/srv/get_state.h
[8.836s] -- Symlinking: /home/jnu/go2_ws/install/go2_interfaces/include/go2_interfaces/go2_interfaces/srv/get_switch.h
[8.840s] -- Symlinking: /home/jnu/go2_ws/install/go2_interfaces/include/go2_interfaces/go2_interfaces/srv/get_switch_obstacles_avoidance.h
[8.844s] -- Symlinking: /home/jnu/go2_ws/install/go2_interfaces/include/go2_interfaces/go2_interfaces/srv/get_volume.h
[8.848s] -- Symlinking: /home/jnu/go2_ws/install/go2_interfaces/include/go2_interfaces/go2_interfaces/srv/mode.h
[8.852s] -- Symlinking: /home/jnu/go2_ws/install/go2_interfaces/include/go2_interfaces/go2_interfaces/srv/pose.h
[8.857s] -- Symlinking: /home/jnu/go2_ws/install/go2_interfaces/include/go2_interfaces/go2_interfaces/srv/say.h
[8.863s] -- Symlinking: /home/jnu/go2_ws/install/go2_interfaces/include/go2_interfaces/go2_interfaces/srv/set_brightness.h
[8.868s] -- Symlinking: /home/jnu/go2_ws/install/go2_interfaces/include/go2_interfaces/go2_interfaces/srv/set_switch.h
[8.874s] -- Symlinking: /home/jnu/go2_ws/install/go2_interfaces/include/go2_interfaces/go2_interfaces/srv/set_switch_obstacles_avoidance.h
[8.877s] -- Symlinking: /home/jnu/go2_ws/install/go2_interfaces/include/go2_interfaces/go2_interfaces/srv/set_volume.h
[8.881s] -- Symlinking: /home/jnu/go2_ws/install/go2_interfaces/include/go2_interfaces/go2_interfaces/srv/speed_level.h
[8.887s] -- Symlinking: /home/jnu/go2_ws/install/go2_interfaces/include/go2_interfaces/go2_interfaces/srv/switch_gait.h
[8.891s] -- Symlinking: /home/jnu/go2_ws/install/go2_interfaces/include/go2_interfaces/go2_interfaces/srv/switch_joystick.h
[8.896s] -- Symlinking: /home/jnu/go2_ws/install/go2_interfaces/share/go2_interfaces/environment/library_path.sh
[8.900s] -- Symlinking: /home/jnu/go2_ws/install/go2_interfaces/share/go2_interfaces/environment/library_path.dsv
[8.905s] -- Symlinking: /home/jnu/go2_ws/install/go2_interfaces/include/go2_interfaces/go2_interfaces/msg/rosidl_typesupport_fastrtps_c__visibility_control.h
[8.910s] -- Symlinking: /home/jnu/go2_ws/install/go2_interfaces/include/go2_interfaces/go2_interfaces/srv/detail/body_height__rosidl_typesupport_fastrtps_c.h
[8.916s] -- Symlinking: /home/jnu/go2_ws/install/go2_interfaces/include/go2_interfaces/go2_interfaces/srv/detail/continuous_gait__rosidl_typesupport_fastrtps_c.h
[8.920s] -- Symlinking: /home/jnu/go2_ws/install/go2_interfaces/include/go2_interfaces/go2_interfaces/srv/detail/euler__rosidl_typesupport_fastrtps_c.h
[8.924s] -- Symlinking: /home/jnu/go2_ws/install/go2_interfaces/include/go2_interfaces/go2_interfaces/srv/detail/foot_raise_height__rosidl_typesupport_fastrtps_c.h
[8.930s] -- Symlinking: /home/jnu/go2_ws/install/go2_interfaces/include/go2_interfaces/go2_interfaces/srv/detail/get_body_height__rosidl_typesupport_fastrtps_c.h
[8.935s] -- Symlinking: /home/jnu/go2_ws/install/go2_interfaces/include/go2_interfaces/go2_interfaces/srv/detail/get_brightness__rosidl_typesupport_fastrtps_c.h
[8.941s] -- Symlinking: /home/jnu/go2_ws/install/go2_interfaces/include/go2_interfaces/go2_interfaces/srv/detail/get_foot_raise_height__rosidl_typesupport_fastrtps_c.h
[8.945s] -- Symlinking: /home/jnu/go2_ws/install/go2_interfaces/include/go2_interfaces/go2_interfaces/srv/detail/get_speed_level__rosidl_typesupport_fastrtps_c.h
[8.949s] -- Symlinking: /home/jnu/go2_ws/install/go2_interfaces/include/go2_interfaces/go2_interfaces/srv/detail/get_state__rosidl_typesupport_fastrtps_c.h
[8.954s] -- Symlinking: /home/jnu/go2_ws/install/go2_interfaces/include/go2_interfaces/go2_interfaces/srv/detail/get_switch__rosidl_typesupport_fastrtps_c.h
[8.960s] -- Symlinking: /home/jnu/go2_ws/install/go2_interfaces/include/go2_interfaces/go2_interfaces/srv/detail/get_switch_obstacles_avoidance__rosidl_typesupport_fastrtps_c.h
[8.965s] -- Symlinking: /home/jnu/go2_ws/install/go2_interfaces/include/go2_interfaces/go2_interfaces/srv/detail/get_volume__rosidl_typesupport_fastrtps_c.h
[8.969s] -- Symlinking: /home/jnu/go2_ws/install/go2_interfaces/include/go2_interfaces/go2_interfaces/srv/detail/mode__rosidl_typesupport_fastrtps_c.h
[8.974s] -- Symlinking: /home/jnu/go2_ws/install/go2_interfaces/include/go2_interfaces/go2_interfaces/srv/detail/pose__rosidl_typesupport_fastrtps_c.h
[8.977s] -- Symlinking: /home/jnu/go2_ws/install/go2_interfaces/include/go2_interfaces/go2_interfaces/srv/detail/say__rosidl_typesupport_fastrtps_c.h
[8.982s] -- Symlinking: /home/jnu/go2_ws/install/go2_interfaces/include/go2_interfaces/go2_interfaces/srv/detail/set_brightness__rosidl_typesupport_fastrtps_c.h
[8.985s] -- Symlinking: /home/jnu/go2_ws/install/go2_interfaces/include/go2_interfaces/go2_interfaces/srv/detail/set_switch__rosidl_typesupport_fastrtps_c.h
[8.990s] -- Symlinking: /home/jnu/go2_ws/install/go2_interfaces/include/go2_interfaces/go2_interfaces/srv/detail/set_switch_obstacles_avoidance__rosidl_typesupport_fastrtps_c.h
[8.993s] -- Symlinking: /home/jnu/go2_ws/install/go2_interfaces/include/go2_interfaces/go2_interfaces/srv/detail/set_volume__rosidl_typesupport_fastrtps_c.h
[8.998s] -- Symlinking: /home/jnu/go2_ws/install/go2_interfaces/include/go2_interfaces/go2_interfaces/srv/detail/speed_level__rosidl_typesupport_fastrtps_c.h
[9.003s] -- Symlinking: /home/jnu/go2_ws/install/go2_interfaces/include/go2_interfaces/go2_interfaces/srv/detail/switch_gait__rosidl_typesupport_fastrtps_c.h
[9.008s] -- Symlinking: /home/jnu/go2_ws/install/go2_interfaces/include/go2_interfaces/go2_interfaces/srv/detail/switch_joystick__rosidl_typesupport_fastrtps_c.h
[9.012s] -- Symlinking: /home/jnu/go2_ws/install/go2_interfaces/include/go2_interfaces/go2_interfaces/msg/rosidl_typesupport_introspection_c__visibility_control.h
[9.017s] -- Symlinking: /home/jnu/go2_ws/install/go2_interfaces/include/go2_interfaces/go2_interfaces/srv/detail/body_height__rosidl_typesupport_introspection_c.h
[9.021s] -- Symlinking: /home/jnu/go2_ws/install/go2_interfaces/include/go2_interfaces/go2_interfaces/srv/detail/continuous_gait__rosidl_typesupport_introspection_c.h
[9.025s] -- Symlinking: /home/jnu/go2_ws/install/go2_interfaces/include/go2_interfaces/go2_interfaces/srv/detail/euler__rosidl_typesupport_introspection_c.h
[9.029s] -- Symlinking: /home/jnu/go2_ws/install/go2_interfaces/include/go2_interfaces/go2_interfaces/srv/detail/foot_raise_height__rosidl_typesupport_introspection_c.h
[9.033s] -- Symlinking: /home/jnu/go2_ws/install/go2_interfaces/include/go2_interfaces/go2_interfaces/srv/detail/get_body_height__rosidl_typesupport_introspection_c.h
[9.037s] -- Symlinking: /home/jnu/go2_ws/install/go2_interfaces/include/go2_interfaces/go2_interfaces/srv/detail/get_brightness__rosidl_typesupport_introspection_c.h
[9.041s] -- Symlinking: /home/jnu/go2_ws/install/go2_interfaces/include/go2_interfaces/go2_interfaces/srv/detail/get_foot_raise_height__rosidl_typesupport_introspection_c.h
[9.045s] -- Symlinking: /home/jnu/go2_ws/install/go2_interfaces/include/go2_interfaces/go2_interfaces/srv/detail/get_speed_level__rosidl_typesupport_introspection_c.h
[9.050s] -- Symlinking: /home/jnu/go2_ws/install/go2_interfaces/include/go2_interfaces/go2_interfaces/srv/detail/get_state__rosidl_typesupport_introspection_c.h
[9.056s] -- Symlinking: /home/jnu/go2_ws/install/go2_interfaces/include/go2_interfaces/go2_interfaces/srv/detail/get_switch__rosidl_typesupport_introspection_c.h
[9.061s] -- Symlinking: /home/jnu/go2_ws/install/go2_interfaces/include/go2_interfaces/go2_interfaces/srv/detail/get_switch_obstacles_avoidance__rosidl_typesupport_introspection_c.h
[9.065s] -- Symlinking: /home/jnu/go2_ws/install/go2_interfaces/include/go2_interfaces/go2_interfaces/srv/detail/get_volume__rosidl_typesupport_introspection_c.h
[9.069s] -- Symlinking: /home/jnu/go2_ws/install/go2_interfaces/include/go2_interfaces/go2_interfaces/srv/detail/mode__rosidl_typesupport_introspection_c.h
[9.075s] -- Symlinking: /home/jnu/go2_ws/install/go2_interfaces/include/go2_interfaces/go2_interfaces/srv/detail/pose__rosidl_typesupport_introspection_c.h
[9.080s] -- Symlinking: /home/jnu/go2_ws/install/go2_interfaces/include/go2_interfaces/go2_interfaces/srv/detail/say__rosidl_typesupport_introspection_c.h
[9.084s] -- Symlinking: /home/jnu/go2_ws/install/go2_interfaces/include/go2_interfaces/go2_interfaces/srv/detail/set_brightness__rosidl_typesupport_introspection_c.h
[9.088s] -- Symlinking: /home/jnu/go2_ws/install/go2_interfaces/include/go2_interfaces/go2_interfaces/srv/detail/set_switch__rosidl_typesupport_introspection_c.h
[9.093s] -- Symlinking: /home/jnu/go2_ws/install/go2_interfaces/include/go2_interfaces/go2_interfaces/srv/detail/set_switch_obstacles_avoidance__rosidl_typesupport_introspection_c.h
[9.097s] -- Symlinking: /home/jnu/go2_ws/install/go2_interfaces/include/go2_interfaces/go2_interfaces/srv/detail/set_volume__rosidl_typesupport_introspection_c.h
[9.103s] -- Symlinking: /home/jnu/go2_ws/install/go2_interfaces/include/go2_interfaces/go2_interfaces/srv/detail/speed_level__rosidl_typesupport_introspection_c.h
[9.109s] -- Symlinking: /home/jnu/go2_ws/install/go2_interfaces/include/go2_interfaces/go2_interfaces/srv/detail/switch_gait__rosidl_typesupport_introspection_c.h
[9.115s] -- Symlinking: /home/jnu/go2_ws/install/go2_interfaces/include/go2_interfaces/go2_interfaces/srv/detail/switch_joystick__rosidl_typesupport_introspection_c.h
[9.120s] -- Symlinking: /home/jnu/go2_ws/install/go2_interfaces/include/go2_interfaces/go2_interfaces/msg/rosidl_generator_cpp__visibility_control.hpp
[9.125s] -- Symlinking: /home/jnu/go2_ws/install/go2_interfaces/include/go2_interfaces/go2_interfaces/srv/body_height.hpp
[9.131s] -- Symlinking: /home/jnu/go2_ws/install/go2_interfaces/include/go2_interfaces/go2_interfaces/srv/continuous_gait.hpp
[9.135s] -- Symlinking: /home/jnu/go2_ws/install/go2_interfaces/include/go2_interfaces/go2_interfaces/srv/detail/body_height__builder.hpp
[9.140s] -- Symlinking: /home/jnu/go2_ws/install/go2_interfaces/include/go2_interfaces/go2_interfaces/srv/detail/body_height__struct.hpp
[9.144s] -- Symlinking: /home/jnu/go2_ws/install/go2_interfaces/include/go2_interfaces/go2_interfaces/srv/detail/body_height__traits.hpp
[9.149s] -- Symlinking: /home/jnu/go2_ws/install/go2_interfaces/include/go2_interfaces/go2_interfaces/srv/detail/body_height__type_support.hpp
[9.154s] -- Symlinking: /home/jnu/go2_ws/install/go2_interfaces/include/go2_interfaces/go2_interfaces/srv/detail/continuous_gait__builder.hpp
[9.159s] -- Symlinking: /home/jnu/go2_ws/install/go2_interfaces/include/go2_interfaces/go2_interfaces/srv/detail/continuous_gait__struct.hpp
[9.163s] -- Symlinking: /home/jnu/go2_ws/install/go2_interfaces/include/go2_interfaces/go2_interfaces/srv/detail/continuous_gait__traits.hpp
[9.168s] -- Symlinking: /home/jnu/go2_ws/install/go2_interfaces/include/go2_interfaces/go2_interfaces/srv/detail/continuous_gait__type_support.hpp
[9.172s] -- Symlinking: /home/jnu/go2_ws/install/go2_interfaces/include/go2_interfaces/go2_interfaces/srv/detail/euler__builder.hpp
[9.178s] -- Symlinking: /home/jnu/go2_ws/install/go2_interfaces/include/go2_interfaces/go2_interfaces/srv/detail/euler__struct.hpp
[9.184s] -- Symlinking: /home/jnu/go2_ws/install/go2_interfaces/include/go2_interfaces/go2_interfaces/srv/detail/euler__traits.hpp
[9.188s] -- Symlinking: /home/jnu/go2_ws/install/go2_interfaces/include/go2_interfaces/go2_interfaces/srv/detail/euler__type_support.hpp
[9.192s] -- Symlinking: /home/jnu/go2_ws/install/go2_interfaces/include/go2_interfaces/go2_interfaces/srv/detail/foot_raise_height__builder.hpp
[9.197s] -- Symlinking: /home/jnu/go2_ws/install/go2_interfaces/include/go2_interfaces/go2_interfaces/srv/detail/foot_raise_height__struct.hpp
[9.201s] -- Symlinking: /home/jnu/go2_ws/install/go2_interfaces/include/go2_interfaces/go2_interfaces/srv/detail/foot_raise_height__traits.hpp
[9.205s] -- Symlinking: /home/jnu/go2_ws/install/go2_interfaces/include/go2_interfaces/go2_interfaces/srv/detail/foot_raise_height__type_support.hpp
[9.211s] -- Symlinking: /home/jnu/go2_ws/install/go2_interfaces/include/go2_interfaces/go2_interfaces/srv/detail/get_body_height__builder.hpp
[9.217s] -- Symlinking: /home/jnu/go2_ws/install/go2_interfaces/include/go2_interfaces/go2_interfaces/srv/detail/get_body_height__struct.hpp
[9.222s] -- Symlinking: /home/jnu/go2_ws/install/go2_interfaces/include/go2_interfaces/go2_interfaces/srv/detail/get_body_height__traits.hpp
[9.226s] -- Symlinking: /home/jnu/go2_ws/install/go2_interfaces/include/go2_interfaces/go2_interfaces/srv/detail/get_body_height__type_support.hpp
[9.232s] -- Symlinking: /home/jnu/go2_ws/install/go2_interfaces/include/go2_interfaces/go2_interfaces/srv/detail/get_brightness__builder.hpp
[9.238s] -- Symlinking: /home/jnu/go2_ws/install/go2_interfaces/include/go2_interfaces/go2_interfaces/srv/detail/get_brightness__struct.hpp
[9.244s] -- Symlinking: /home/jnu/go2_ws/install/go2_interfaces/include/go2_interfaces/go2_interfaces/srv/detail/get_brightness__traits.hpp
[9.249s] -- Symlinking: /home/jnu/go2_ws/install/go2_interfaces/include/go2_interfaces/go2_interfaces/srv/detail/get_brightness__type_support.hpp
[9.254s] -- Symlinking: /home/jnu/go2_ws/install/go2_interfaces/include/go2_interfaces/go2_interfaces/srv/detail/get_foot_raise_height__builder.hpp
[9.258s] -- Symlinking: /home/jnu/go2_ws/install/go2_interfaces/include/go2_interfaces/go2_interfaces/srv/detail/get_foot_raise_height__struct.hpp
[9.263s] -- Symlinking: /home/jnu/go2_ws/install/go2_interfaces/include/go2_interfaces/go2_interfaces/srv/detail/get_foot_raise_height__traits.hpp
[9.267s] -- Symlinking: /home/jnu/go2_ws/install/go2_interfaces/include/go2_interfaces/go2_interfaces/srv/detail/get_foot_raise_height__type_support.hpp
[9.271s] -- Symlinking: /home/jnu/go2_ws/install/go2_interfaces/include/go2_interfaces/go2_interfaces/srv/detail/get_speed_level__builder.hpp
[9.275s] -- Symlinking: /home/jnu/go2_ws/install/go2_interfaces/include/go2_interfaces/go2_interfaces/srv/detail/get_speed_level__struct.hpp
[9.280s] -- Symlinking: /home/jnu/go2_ws/install/go2_interfaces/include/go2_interfaces/go2_interfaces/srv/detail/get_speed_level__traits.hpp
[9.285s] -- Symlinking: /home/jnu/go2_ws/install/go2_interfaces/include/go2_interfaces/go2_interfaces/srv/detail/get_speed_level__type_support.hpp
[9.290s] -- Symlinking: /home/jnu/go2_ws/install/go2_interfaces/include/go2_interfaces/go2_interfaces/srv/detail/get_state__builder.hpp
[9.295s] -- Symlinking: /home/jnu/go2_ws/install/go2_interfaces/include/go2_interfaces/go2_interfaces/srv/detail/get_state__struct.hpp
[9.300s] -- Symlinking: /home/jnu/go2_ws/install/go2_interfaces/include/go2_interfaces/go2_interfaces/srv/detail/get_state__traits.hpp
[9.304s] -- Symlinking: /home/jnu/go2_ws/install/go2_interfaces/include/go2_interfaces/go2_interfaces/srv/detail/get_state__type_support.hpp
[9.307s] -- Symlinking: /home/jnu/go2_ws/install/go2_interfaces/include/go2_interfaces/go2_interfaces/srv/detail/get_switch__builder.hpp
[9.313s] -- Symlinking: /home/jnu/go2_ws/install/go2_interfaces/include/go2_interfaces/go2_interfaces/srv/detail/get_switch__struct.hpp
[9.318s] -- Symlinking: /home/jnu/go2_ws/install/go2_interfaces/include/go2_interfaces/go2_interfaces/srv/detail/get_switch__traits.hpp
[9.323s] -- Symlinking: /home/jnu/go2_ws/install/go2_interfaces/include/go2_interfaces/go2_interfaces/srv/detail/get_switch__type_support.hpp
[9.329s] -- Symlinking: /home/jnu/go2_ws/install/go2_interfaces/include/go2_interfaces/go2_interfaces/srv/detail/get_switch_obstacles_avoidance__builder.hpp
[9.333s] -- Symlinking: /home/jnu/go2_ws/install/go2_interfaces/include/go2_interfaces/go2_interfaces/srv/detail/get_switch_obstacles_avoidance__struct.hpp
[9.337s] -- Symlinking: /home/jnu/go2_ws/install/go2_interfaces/include/go2_interfaces/go2_interfaces/srv/detail/get_switch_obstacles_avoidance__traits.hpp
[9.343s] -- Symlinking: /home/jnu/go2_ws/install/go2_interfaces/include/go2_interfaces/go2_interfaces/srv/detail/get_switch_obstacles_avoidance__type_support.hpp
[9.348s] -- Symlinking: /home/jnu/go2_ws/install/go2_interfaces/include/go2_interfaces/go2_interfaces/srv/detail/get_volume__builder.hpp
[9.352s] -- Symlinking: /home/jnu/go2_ws/install/go2_interfaces/include/go2_interfaces/go2_interfaces/srv/detail/get_volume__struct.hpp
[9.357s] -- Symlinking: /home/jnu/go2_ws/install/go2_interfaces/include/go2_interfaces/go2_interfaces/srv/detail/get_volume__traits.hpp
[9.362s] -- Symlinking: /home/jnu/go2_ws/install/go2_interfaces/include/go2_interfaces/go2_interfaces/srv/detail/get_volume__type_support.hpp
[9.366s] -- Symlinking: /home/jnu/go2_ws/install/go2_interfaces/include/go2_interfaces/go2_interfaces/srv/detail/mode__builder.hpp
[9.372s] -- Symlinking: /home/jnu/go2_ws/install/go2_interfaces/include/go2_interfaces/go2_interfaces/srv/detail/mode__struct.hpp
[9.377s] -- Symlinking: /home/jnu/go2_ws/install/go2_interfaces/include/go2_interfaces/go2_interfaces/srv/detail/mode__traits.hpp
[9.381s] -- Symlinking: /home/jnu/go2_ws/install/go2_interfaces/include/go2_interfaces/go2_interfaces/srv/detail/mode__type_support.hpp
[9.386s] -- Symlinking: /home/jnu/go2_ws/install/go2_interfaces/include/go2_interfaces/go2_interfaces/srv/detail/pose__builder.hpp
[9.391s] -- Symlinking: /home/jnu/go2_ws/install/go2_interfaces/include/go2_interfaces/go2_interfaces/srv/detail/pose__struct.hpp
[9.396s] -- Symlinking: /home/jnu/go2_ws/install/go2_interfaces/include/go2_interfaces/go2_interfaces/srv/detail/pose__traits.hpp
[9.402s] -- Symlinking: /home/jnu/go2_ws/install/go2_interfaces/include/go2_interfaces/go2_interfaces/srv/detail/pose__type_support.hpp
[9.406s] -- Symlinking: /home/jnu/go2_ws/install/go2_interfaces/include/go2_interfaces/go2_interfaces/srv/detail/say__builder.hpp
[9.411s] -- Symlinking: /home/jnu/go2_ws/install/go2_interfaces/include/go2_interfaces/go2_interfaces/srv/detail/say__struct.hpp
[9.416s] -- Symlinking: /home/jnu/go2_ws/install/go2_interfaces/include/go2_interfaces/go2_interfaces/srv/detail/say__traits.hpp
[9.421s] -- Symlinking: /home/jnu/go2_ws/install/go2_interfaces/include/go2_interfaces/go2_interfaces/srv/detail/say__type_support.hpp
[9.427s] -- Symlinking: /home/jnu/go2_ws/install/go2_interfaces/include/go2_interfaces/go2_interfaces/srv/detail/set_brightness__builder.hpp
[9.430s] -- Symlinking: /home/jnu/go2_ws/install/go2_interfaces/include/go2_interfaces/go2_interfaces/srv/detail/set_brightness__struct.hpp
[9.436s] -- Symlinking: /home/jnu/go2_ws/install/go2_interfaces/include/go2_interfaces/go2_interfaces/srv/detail/set_brightness__traits.hpp
[9.441s] -- Symlinking: /home/jnu/go2_ws/install/go2_interfaces/include/go2_interfaces/go2_interfaces/srv/detail/set_brightness__type_support.hpp
[9.447s] -- Symlinking: /home/jnu/go2_ws/install/go2_interfaces/include/go2_interfaces/go2_interfaces/srv/detail/set_switch__builder.hpp
[9.452s] -- Symlinking: /home/jnu/go2_ws/install/go2_interfaces/include/go2_interfaces/go2_interfaces/srv/detail/set_switch__struct.hpp
[9.456s] -- Symlinking: /home/jnu/go2_ws/install/go2_interfaces/include/go2_interfaces/go2_interfaces/srv/detail/set_switch__traits.hpp
[9.461s] -- Symlinking: /home/jnu/go2_ws/install/go2_interfaces/include/go2_interfaces/go2_interfaces/srv/detail/set_switch__type_support.hpp
[9.465s] -- Symlinking: /home/jnu/go2_ws/install/go2_interfaces/include/go2_interfaces/go2_interfaces/srv/detail/set_switch_obstacles_avoidance__builder.hpp
[9.470s] -- Symlinking: /home/jnu/go2_ws/install/go2_interfaces/include/go2_interfaces/go2_interfaces/srv/detail/set_switch_obstacles_avoidance__struct.hpp
[9.476s] -- Symlinking: /home/jnu/go2_ws/install/go2_interfaces/include/go2_interfaces/go2_interfaces/srv/detail/set_switch_obstacles_avoidance__traits.hpp
[9.481s] -- Symlinking: /home/jnu/go2_ws/install/go2_interfaces/include/go2_interfaces/go2_interfaces/srv/detail/set_switch_obstacles_avoidance__type_support.hpp
[9.485s] -- Symlinking: /home/jnu/go2_ws/install/go2_interfaces/include/go2_interfaces/go2_interfaces/srv/detail/set_volume__builder.hpp
[9.490s] -- Symlinking: /home/jnu/go2_ws/install/go2_interfaces/include/go2_interfaces/go2_interfaces/srv/detail/set_volume__struct.hpp
[9.495s] -- Symlinking: /home/jnu/go2_ws/install/go2_interfaces/include/go2_interfaces/go2_interfaces/srv/detail/set_volume__traits.hpp
[9.501s] -- Symlinking: /home/jnu/go2_ws/install/go2_interfaces/include/go2_interfaces/go2_interfaces/srv/detail/set_volume__type_support.hpp
[9.507s] -- Symlinking: /home/jnu/go2_ws/install/go2_interfaces/include/go2_interfaces/go2_interfaces/srv/detail/speed_level__builder.hpp
[9.512s] -- Symlinking: /home/jnu/go2_ws/install/go2_interfaces/include/go2_interfaces/go2_interfaces/srv/detail/speed_level__struct.hpp
[9.515s] -- Symlinking: /home/jnu/go2_ws/install/go2_interfaces/include/go2_interfaces/go2_interfaces/srv/detail/speed_level__traits.hpp
[9.520s] -- Symlinking: /home/jnu/go2_ws/install/go2_interfaces/include/go2_interfaces/go2_interfaces/srv/detail/speed_level__type_support.hpp
[9.526s] -- Symlinking: /home/jnu/go2_ws/install/go2_interfaces/include/go2_interfaces/go2_interfaces/srv/detail/switch_gait__builder.hpp
[9.532s] -- Symlinking: /home/jnu/go2_ws/install/go2_interfaces/include/go2_interfaces/go2_interfaces/srv/detail/switch_gait__struct.hpp
[9.537s] -- Symlinking: /home/jnu/go2_ws/install/go2_interfaces/include/go2_interfaces/go2_interfaces/srv/detail/switch_gait__traits.hpp
[9.543s] -- Symlinking: /home/jnu/go2_ws/install/go2_interfaces/include/go2_interfaces/go2_interfaces/srv/detail/switch_gait__type_support.hpp
[9.548s] -- Symlinking: /home/jnu/go2_ws/install/go2_interfaces/include/go2_interfaces/go2_interfaces/srv/detail/switch_joystick__builder.hpp
[9.554s] -- Symlinking: /home/jnu/go2_ws/install/go2_interfaces/include/go2_interfaces/go2_interfaces/srv/detail/switch_joystick__struct.hpp
[9.558s] -- Symlinking: /home/jnu/go2_ws/install/go2_interfaces/include/go2_interfaces/go2_interfaces/srv/detail/switch_joystick__traits.hpp
[9.562s] -- Symlinking: /home/jnu/go2_ws/install/go2_interfaces/include/go2_interfaces/go2_interfaces/srv/detail/switch_joystick__type_support.hpp
[9.568s] -- Symlinking: /home/jnu/go2_ws/install/go2_interfaces/include/go2_interfaces/go2_interfaces/srv/euler.hpp
[9.573s] -- Symlinking: /home/jnu/go2_ws/install/go2_interfaces/include/go2_interfaces/go2_interfaces/srv/foot_raise_height.hpp
[9.578s] -- Symlinking: /home/jnu/go2_ws/install/go2_interfaces/include/go2_interfaces/go2_interfaces/srv/get_body_height.hpp
[9.583s] -- Symlinking: /home/jnu/go2_ws/install/go2_interfaces/include/go2_interfaces/go2_interfaces/srv/get_brightness.hpp
[9.588s] -- Symlinking: /home/jnu/go2_ws/install/go2_interfaces/include/go2_interfaces/go2_interfaces/srv/get_foot_raise_height.hpp
[9.594s] -- Symlinking: /home/jnu/go2_ws/install/go2_interfaces/include/go2_interfaces/go2_interfaces/srv/get_speed_level.hpp
[9.601s] -- Symlinking: /home/jnu/go2_ws/install/go2_interfaces/include/go2_interfaces/go2_interfaces/srv/get_state.hpp
[9.606s] -- Symlinking: /home/jnu/go2_ws/install/go2_interfaces/include/go2_interfaces/go2_interfaces/srv/get_switch.hpp
[9.610s] -- Symlinking: /home/jnu/go2_ws/install/go2_interfaces/include/go2_interfaces/go2_interfaces/srv/get_switch_obstacles_avoidance.hpp
[9.616s] -- Symlinking: /home/jnu/go2_ws/install/go2_interfaces/include/go2_interfaces/go2_interfaces/srv/get_volume.hpp
[9.621s] -- Symlinking: /home/jnu/go2_ws/install/go2_interfaces/include/go2_interfaces/go2_interfaces/srv/mode.hpp
[9.625s] -- Symlinking: /home/jnu/go2_ws/install/go2_interfaces/include/go2_interfaces/go2_interfaces/srv/pose.hpp
[9.630s] -- Symlinking: /home/jnu/go2_ws/install/go2_interfaces/include/go2_interfaces/go2_interfaces/srv/say.hpp
[9.635s] -- Symlinking: /home/jnu/go2_ws/install/go2_interfaces/include/go2_interfaces/go2_interfaces/srv/set_brightness.hpp
[9.643s] -- Symlinking: /home/jnu/go2_ws/install/go2_interfaces/include/go2_interfaces/go2_interfaces/srv/set_switch.hpp
[9.647s] -- Symlinking: /home/jnu/go2_ws/install/go2_interfaces/include/go2_interfaces/go2_interfaces/srv/set_switch_obstacles_avoidance.hpp
[9.651s] -- Symlinking: /home/jnu/go2_ws/install/go2_interfaces/include/go2_interfaces/go2_interfaces/srv/set_volume.hpp
[9.655s] -- Symlinking: /home/jnu/go2_ws/install/go2_interfaces/include/go2_interfaces/go2_interfaces/srv/speed_level.hpp
[9.660s] -- Symlinking: /home/jnu/go2_ws/install/go2_interfaces/include/go2_interfaces/go2_interfaces/srv/switch_gait.hpp
[9.665s] -- Symlinking: /home/jnu/go2_ws/install/go2_interfaces/include/go2_interfaces/go2_interfaces/srv/switch_joystick.hpp
[9.669s] -- Symlinking: /home/jnu/go2_ws/install/go2_interfaces/include/go2_interfaces/go2_interfaces/msg/rosidl_typesupport_fastrtps_cpp__visibility_control.h
[9.673s] -- Symlinking: /home/jnu/go2_ws/install/go2_interfaces/include/go2_interfaces/go2_interfaces/srv/detail/body_height__rosidl_typesupport_fastrtps_cpp.hpp
[9.678s] -- Symlinking: /home/jnu/go2_ws/install/go2_interfaces/include/go2_interfaces/go2_interfaces/srv/detail/continuous_gait__rosidl_typesupport_fastrtps_cpp.hpp
[9.682s] -- Symlinking: /home/jnu/go2_ws/install/go2_interfaces/include/go2_interfaces/go2_interfaces/srv/detail/euler__rosidl_typesupport_fastrtps_cpp.hpp
[9.685s] -- Symlinking: /home/jnu/go2_ws/install/go2_interfaces/include/go2_interfaces/go2_interfaces/srv/detail/foot_raise_height__rosidl_typesupport_fastrtps_cpp.hpp
[9.690s] -- Symlinking: /home/jnu/go2_ws/install/go2_interfaces/include/go2_interfaces/go2_interfaces/srv/detail/get_body_height__rosidl_typesupport_fastrtps_cpp.hpp
[9.695s] -- Symlinking: /home/jnu/go2_ws/install/go2_interfaces/include/go2_interfaces/go2_interfaces/srv/detail/get_brightness__rosidl_typesupport_fastrtps_cpp.hpp
[9.699s] -- Symlinking: /home/jnu/go2_ws/install/go2_interfaces/include/go2_interfaces/go2_interfaces/srv/detail/get_foot_raise_height__rosidl_typesupport_fastrtps_cpp.hpp
[9.704s] -- Symlinking: /home/jnu/go2_ws/install/go2_interfaces/include/go2_interfaces/go2_interfaces/srv/detail/get_speed_level__rosidl_typesupport_fastrtps_cpp.hpp
[9.708s] -- Symlinking: /home/jnu/go2_ws/install/go2_interfaces/include/go2_interfaces/go2_interfaces/srv/detail/get_state__rosidl_typesupport_fastrtps_cpp.hpp
[9.713s] -- Symlinking: /home/jnu/go2_ws/install/go2_interfaces/include/go2_interfaces/go2_interfaces/srv/detail/get_switch__rosidl_typesupport_fastrtps_cpp.hpp
[9.719s] -- Symlinking: /home/jnu/go2_ws/install/go2_interfaces/include/go2_interfaces/go2_interfaces/srv/detail/get_switch_obstacles_avoidance__rosidl_typesupport_fastrtps_cpp.hpp
[9.725s] -- Symlinking: /home/jnu/go2_ws/install/go2_interfaces/include/go2_interfaces/go2_interfaces/srv/detail/get_volume__rosidl_typesupport_fastrtps_cpp.hpp
[9.729s] -- Symlinking: /home/jnu/go2_ws/install/go2_interfaces/include/go2_interfaces/go2_interfaces/srv/detail/mode__rosidl_typesupport_fastrtps_cpp.hpp
[9.733s] -- Symlinking: /home/jnu/go2_ws/install/go2_interfaces/include/go2_interfaces/go2_interfaces/srv/detail/pose__rosidl_typesupport_fastrtps_cpp.hpp
[9.739s] -- Symlinking: /home/jnu/go2_ws/install/go2_interfaces/include/go2_interfaces/go2_interfaces/srv/detail/say__rosidl_typesupport_fastrtps_cpp.hpp
[9.744s] -- Symlinking: /home/jnu/go2_ws/install/go2_interfaces/include/go2_interfaces/go2_interfaces/srv/detail/set_brightness__rosidl_typesupport_fastrtps_cpp.hpp
[9.747s] -- Symlinking: /home/jnu/go2_ws/install/go2_interfaces/include/go2_interfaces/go2_interfaces/srv/detail/set_switch__rosidl_typesupport_fastrtps_cpp.hpp
[9.751s] -- Symlinking: /home/jnu/go2_ws/install/go2_interfaces/include/go2_interfaces/go2_interfaces/srv/detail/set_switch_obstacles_avoidance__rosidl_typesupport_fastrtps_cpp.hpp
[9.756s] -- Symlinking: /home/jnu/go2_ws/install/go2_interfaces/include/go2_interfaces/go2_interfaces/srv/detail/set_volume__rosidl_typesupport_fastrtps_cpp.hpp
[9.760s] -- Symlinking: /home/jnu/go2_ws/install/go2_interfaces/include/go2_interfaces/go2_interfaces/srv/detail/speed_level__rosidl_typesupport_fastrtps_cpp.hpp
[9.766s] -- Symlinking: /home/jnu/go2_ws/install/go2_interfaces/include/go2_interfaces/go2_interfaces/srv/detail/switch_gait__rosidl_typesupport_fastrtps_cpp.hpp
[9.771s] -- Symlinking: /home/jnu/go2_ws/install/go2_interfaces/include/go2_interfaces/go2_interfaces/srv/detail/switch_joystick__rosidl_typesupport_fastrtps_cpp.hpp
[9.775s] -- Symlinking: /home/jnu/go2_ws/install/go2_interfaces/include/go2_interfaces/go2_interfaces/srv/detail/body_height__rosidl_typesupport_introspection_cpp.hpp
[9.780s] -- Symlinking: /home/jnu/go2_ws/install/go2_interfaces/include/go2_interfaces/go2_interfaces/srv/detail/continuous_gait__rosidl_typesupport_introspection_cpp.hpp
[9.787s] -- Symlinking: /home/jnu/go2_ws/install/go2_interfaces/include/go2_interfaces/go2_interfaces/srv/detail/euler__rosidl_typesupport_introspection_cpp.hpp
[9.793s] -- Symlinking: /home/jnu/go2_ws/install/go2_interfaces/include/go2_interfaces/go2_interfaces/srv/detail/foot_raise_height__rosidl_typesupport_introspection_cpp.hpp
[9.799s] -- Symlinking: /home/jnu/go2_ws/install/go2_interfaces/include/go2_interfaces/go2_interfaces/srv/detail/get_body_height__rosidl_typesupport_introspection_cpp.hpp
[9.804s] -- Symlinking: /home/jnu/go2_ws/install/go2_interfaces/include/go2_interfaces/go2_interfaces/srv/detail/get_brightness__rosidl_typesupport_introspection_cpp.hpp
[9.808s] -- Symlinking: /home/jnu/go2_ws/install/go2_interfaces/include/go2_interfaces/go2_interfaces/srv/detail/get_foot_raise_height__rosidl_typesupport_introspection_cpp.hpp
[9.813s] -- Symlinking: /home/jnu/go2_ws/install/go2_interfaces/include/go2_interfaces/go2_interfaces/srv/detail/get_speed_level__rosidl_typesupport_introspection_cpp.hpp
[9.818s] -- Symlinking: /home/jnu/go2_ws/install/go2_interfaces/include/go2_interfaces/go2_interfaces/srv/detail/get_state__rosidl_typesupport_introspection_cpp.hpp
[9.823s] -- Symlinking: /home/jnu/go2_ws/install/go2_interfaces/include/go2_interfaces/go2_interfaces/srv/detail/get_switch__rosidl_typesupport_introspection_cpp.hpp
[9.827s] -- Symlinking: /home/jnu/go2_ws/install/go2_interfaces/include/go2_interfaces/go2_interfaces/srv/detail/get_switch_obstacles_avoidance__rosidl_typesupport_introspection_cpp.hpp
[9.831s] -- Symlinking: /home/jnu/go2_ws/install/go2_interfaces/include/go2_interfaces/go2_interfaces/srv/detail/get_volume__rosidl_typesupport_introspection_cpp.hpp
[9.836s] -- Symlinking: /home/jnu/go2_ws/install/go2_interfaces/include/go2_interfaces/go2_interfaces/srv/detail/mode__rosidl_typesupport_introspection_cpp.hpp
[9.842s] -- Symlinking: /home/jnu/go2_ws/install/go2_interfaces/include/go2_interfaces/go2_interfaces/srv/detail/pose__rosidl_typesupport_introspection_cpp.hpp
[9.848s] -- Symlinking: /home/jnu/go2_ws/install/go2_interfaces/include/go2_interfaces/go2_interfaces/srv/detail/say__rosidl_typesupport_introspection_cpp.hpp
[9.852s] -- Symlinking: /home/jnu/go2_ws/install/go2_interfaces/include/go2_interfaces/go2_interfaces/srv/detail/set_brightness__rosidl_typesupport_introspection_cpp.hpp
[9.856s] -- Symlinking: /home/jnu/go2_ws/install/go2_interfaces/include/go2_interfaces/go2_interfaces/srv/detail/set_switch__rosidl_typesupport_introspection_cpp.hpp
[9.862s] -- Symlinking: /home/jnu/go2_ws/install/go2_interfaces/include/go2_interfaces/go2_interfaces/srv/detail/set_switch_obstacles_avoidance__rosidl_typesupport_introspection_cpp.hpp
[9.868s] -- Symlinking: /home/jnu/go2_ws/install/go2_interfaces/include/go2_interfaces/go2_interfaces/srv/detail/set_volume__rosidl_typesupport_introspection_cpp.hpp
[9.872s] -- Symlinking: /home/jnu/go2_ws/install/go2_interfaces/include/go2_interfaces/go2_interfaces/srv/detail/speed_level__rosidl_typesupport_introspection_cpp.hpp
[9.877s] -- Symlinking: /home/jnu/go2_ws/install/go2_interfaces/include/go2_interfaces/go2_interfaces/srv/detail/switch_gait__rosidl_typesupport_introspection_cpp.hpp
[9.881s] -- Symlinking: /home/jnu/go2_ws/install/go2_interfaces/include/go2_interfaces/go2_interfaces/srv/detail/switch_joystick__rosidl_typesupport_introspection_cpp.hpp
[9.887s] -- Symlinking: /home/jnu/go2_ws/install/go2_interfaces/share/go2_interfaces/environment/pythonpath.sh
[9.891s] -- Symlinking: /home/jnu/go2_ws/install/go2_interfaces/share/go2_interfaces/environment/pythonpath.dsv
[9.897s] -- Symlinking: /home/jnu/go2_ws/install/go2_interfaces/local/lib/python3.10/dist-packages/go2_interfaces-1.0.0-py3.10.egg-info/PKG-INFO
[9.902s] -- Symlinking: /home/jnu/go2_ws/install/go2_interfaces/local/lib/python3.10/dist-packages/go2_interfaces-1.0.0-py3.10.egg-info/SOURCES.txt
[9.906s] -- Symlinking: /home/jnu/go2_ws/install/go2_interfaces/local/lib/python3.10/dist-packages/go2_interfaces-1.0.0-py3.10.egg-info/dependency_links.txt
[9.911s] -- Symlinking: /home/jnu/go2_ws/install/go2_interfaces/local/lib/python3.10/dist-packages/go2_interfaces-1.0.0-py3.10.egg-info/top_level.txt
[9.917s] -- Symlinking: /home/jnu/go2_ws/install/go2_interfaces/local/lib/python3.10/dist-packages/go2_interfaces/__init__.py
[9.922s] -- Symlinking: /home/jnu/go2_ws/install/go2_interfaces/local/lib/python3.10/dist-packages/go2_interfaces/_go2_interfaces_s.ep.rosidl_typesupport_c.c
[9.927s] -- Symlinking: /home/jnu/go2_ws/install/go2_interfaces/local/lib/python3.10/dist-packages/go2_interfaces/_go2_interfaces_s.ep.rosidl_typesupport_fastrtps_c.c
[9.932s] -- Symlinking: /home/jnu/go2_ws/install/go2_interfaces/local/lib/python3.10/dist-packages/go2_interfaces/_go2_interfaces_s.ep.rosidl_typesupport_introspection_c.c
[9.937s] -- Symlinking: /home/jnu/go2_ws/install/go2_interfaces/local/lib/python3.10/dist-packages/go2_interfaces/go2_interfaces_s__rosidl_typesupport_c.cpython-310-x86_64-linux-gnu.so
[9.943s] -- Symlinking: /home/jnu/go2_ws/install/go2_interfaces/local/lib/python3.10/dist-packages/go2_interfaces/go2_interfaces_s__rosidl_typesupport_fastrtps_c.cpython-310-x86_64-linux-gnu.so
[9.947s] -- Symlinking: /home/jnu/go2_ws/install/go2_interfaces/local/lib/python3.10/dist-packages/go2_interfaces/go2_interfaces_s__rosidl_typesupport_introspection_c.cpython-310-x86_64-linux-gnu.so
[9.952s] -- Symlinking: /home/jnu/go2_ws/install/go2_interfaces/local/lib/python3.10/dist-packages/go2_interfaces/libgo2_interfaces__rosidl_generator_py.so
[9.956s] -- Symlinking: /home/jnu/go2_ws/install/go2_interfaces/local/lib/python3.10/dist-packages/go2_interfaces/srv/__init__.py
[9.961s] -- Symlinking: /home/jnu/go2_ws/install/go2_interfaces/local/lib/python3.10/dist-packages/go2_interfaces/srv/_body_height.py
[9.965s] -- Symlinking: /home/jnu/go2_ws/install/go2_interfaces/local/lib/python3.10/dist-packages/go2_interfaces/srv/_body_height_s.c
[9.971s] -- Symlinking: /home/jnu/go2_ws/install/go2_interfaces/local/lib/python3.10/dist-packages/go2_interfaces/srv/_continuous_gait.py
[9.976s] -- Symlinking: /home/jnu/go2_ws/install/go2_interfaces/local/lib/python3.10/dist-packages/go2_interfaces/srv/_continuous_gait_s.c
[9.980s] -- Symlinking: /home/jnu/go2_ws/install/go2_interfaces/local/lib/python3.10/dist-packages/go2_interfaces/srv/_euler.py
[9.986s] -- Symlinking: /home/jnu/go2_ws/install/go2_interfaces/local/lib/python3.10/dist-packages/go2_interfaces/srv/_euler_s.c
[9.992s] -- Symlinking: /home/jnu/go2_ws/install/go2_interfaces/local/lib/python3.10/dist-packages/go2_interfaces/srv/_foot_raise_height.py
[9.996s] -- Symlinking: /home/jnu/go2_ws/install/go2_interfaces/local/lib/python3.10/dist-packages/go2_interfaces/srv/_foot_raise_height_s.c
[10.001s] -- Symlinking: /home/jnu/go2_ws/install/go2_interfaces/local/lib/python3.10/dist-packages/go2_interfaces/srv/_get_body_height.py
[10.006s] -- Symlinking: /home/jnu/go2_ws/install/go2_interfaces/local/lib/python3.10/dist-packages/go2_interfaces/srv/_get_body_height_s.c
[10.011s] -- Symlinking: /home/jnu/go2_ws/install/go2_interfaces/local/lib/python3.10/dist-packages/go2_interfaces/srv/_get_brightness.py
[10.016s] -- Symlinking: /home/jnu/go2_ws/install/go2_interfaces/local/lib/python3.10/dist-packages/go2_interfaces/srv/_get_brightness_s.c
[10.022s] -- Symlinking: /home/jnu/go2_ws/install/go2_interfaces/local/lib/python3.10/dist-packages/go2_interfaces/srv/_get_foot_raise_height.py
[10.027s] -- Symlinking: /home/jnu/go2_ws/install/go2_interfaces/local/lib/python3.10/dist-packages/go2_interfaces/srv/_get_foot_raise_height_s.c
[10.033s] -- Symlinking: /home/jnu/go2_ws/install/go2_interfaces/local/lib/python3.10/dist-packages/go2_interfaces/srv/_get_speed_level.py
[10.039s] -- Symlinking: /home/jnu/go2_ws/install/go2_interfaces/local/lib/python3.10/dist-packages/go2_interfaces/srv/_get_speed_level_s.c
[10.044s] -- Symlinking: /home/jnu/go2_ws/install/go2_interfaces/local/lib/python3.10/dist-packages/go2_interfaces/srv/_get_state.py
[10.048s] -- Symlinking: /home/jnu/go2_ws/install/go2_interfaces/local/lib/python3.10/dist-packages/go2_interfaces/srv/_get_state_s.c
[10.053s] -- Symlinking: /home/jnu/go2_ws/install/go2_interfaces/local/lib/python3.10/dist-packages/go2_interfaces/srv/_get_switch.py
[10.058s] -- Symlinking: /home/jnu/go2_ws/install/go2_interfaces/local/lib/python3.10/dist-packages/go2_interfaces/srv/_get_switch_obstacles_avoidance.py
[10.065s] -- Symlinking: /home/jnu/go2_ws/install/go2_interfaces/local/lib/python3.10/dist-packages/go2_interfaces/srv/_get_switch_obstacles_avoidance_s.c
[10.070s] -- Symlinking: /home/jnu/go2_ws/install/go2_interfaces/local/lib/python3.10/dist-packages/go2_interfaces/srv/_get_switch_s.c
[10.075s] -- Symlinking: /home/jnu/go2_ws/install/go2_interfaces/local/lib/python3.10/dist-packages/go2_interfaces/srv/_get_volume.py
[10.079s] -- Symlinking: /home/jnu/go2_ws/install/go2_interfaces/local/lib/python3.10/dist-packages/go2_interfaces/srv/_get_volume_s.c
[10.085s] -- Symlinking: /home/jnu/go2_ws/install/go2_interfaces/local/lib/python3.10/dist-packages/go2_interfaces/srv/_mode.py
[10.091s] -- Symlinking: /home/jnu/go2_ws/install/go2_interfaces/local/lib/python3.10/dist-packages/go2_interfaces/srv/_mode_s.c
[10.097s] -- Symlinking: /home/jnu/go2_ws/install/go2_interfaces/local/lib/python3.10/dist-packages/go2_interfaces/srv/_pose.py
[10.102s] -- Symlinking: /home/jnu/go2_ws/install/go2_interfaces/local/lib/python3.10/dist-packages/go2_interfaces/srv/_pose_s.c
[10.109s] -- Symlinking: /home/jnu/go2_ws/install/go2_interfaces/local/lib/python3.10/dist-packages/go2_interfaces/srv/_say.py
[10.116s] -- Symlinking: /home/jnu/go2_ws/install/go2_interfaces/local/lib/python3.10/dist-packages/go2_interfaces/srv/_say_s.c
[10.123s] -- Symlinking: /home/jnu/go2_ws/install/go2_interfaces/local/lib/python3.10/dist-packages/go2_interfaces/srv/_set_brightness.py
[10.132s] -- Symlinking: /home/jnu/go2_ws/install/go2_interfaces/local/lib/python3.10/dist-packages/go2_interfaces/srv/_set_brightness_s.c
[10.140s] -- Symlinking: /home/jnu/go2_ws/install/go2_interfaces/local/lib/python3.10/dist-packages/go2_interfaces/srv/_set_switch.py
[10.145s] -- Symlinking: /home/jnu/go2_ws/install/go2_interfaces/local/lib/python3.10/dist-packages/go2_interfaces/srv/_set_switch_obstacles_avoidance.py
[10.152s] -- Symlinking: /home/jnu/go2_ws/install/go2_interfaces/local/lib/python3.10/dist-packages/go2_interfaces/srv/_set_switch_obstacles_avoidance_s.c
[10.159s] -- Symlinking: /home/jnu/go2_ws/install/go2_interfaces/local/lib/python3.10/dist-packages/go2_interfaces/srv/_set_switch_s.c
[10.163s] -- Symlinking: /home/jnu/go2_ws/install/go2_interfaces/local/lib/python3.10/dist-packages/go2_interfaces/srv/_set_volume.py
[10.168s] -- Symlinking: /home/jnu/go2_ws/install/go2_interfaces/local/lib/python3.10/dist-packages/go2_interfaces/srv/_set_volume_s.c
[10.173s] -- Symlinking: /home/jnu/go2_ws/install/go2_interfaces/local/lib/python3.10/dist-packages/go2_interfaces/srv/_speed_level.py
[10.177s] -- Symlinking: /home/jnu/go2_ws/install/go2_interfaces/local/lib/python3.10/dist-packages/go2_interfaces/srv/_speed_level_s.c
[10.183s] -- Symlinking: /home/jnu/go2_ws/install/go2_interfaces/local/lib/python3.10/dist-packages/go2_interfaces/srv/_switch_gait.py
[10.187s] -- Symlinking: /home/jnu/go2_ws/install/go2_interfaces/local/lib/python3.10/dist-packages/go2_interfaces/srv/_switch_gait_s.c
[10.193s] -- Symlinking: /home/jnu/go2_ws/install/go2_interfaces/local/lib/python3.10/dist-packages/go2_interfaces/srv/_switch_joystick.py
[10.198s] -- Symlinking: /home/jnu/go2_ws/install/go2_interfaces/local/lib/python3.10/dist-packages/go2_interfaces/srv/_switch_joystick_s.c
[10.203s] -- Up-to-date symlink: /home/jnu/go2_ws/install/go2_interfaces/local/lib/python3.10/dist-packages/go2_interfaces/go2_interfaces_s__rosidl_typesupport_fastrtps_c.cpython-310-x86_64-linux-gnu.so
[10.203s] -- Up-to-date symlink: /home/jnu/go2_ws/install/go2_interfaces/local/lib/python3.10/dist-packages/go2_interfaces/go2_interfaces_s__rosidl_typesupport_introspection_c.cpython-310-x86_64-linux-gnu.so
[10.203s] -- Up-to-date symlink: /home/jnu/go2_ws/install/go2_interfaces/local/lib/python3.10/dist-packages/go2_interfaces/go2_interfaces_s__rosidl_typesupport_c.cpython-310-x86_64-linux-gnu.so
[10.203s] -- Symlinking: /home/jnu/go2_ws/install/go2_interfaces/share/go2_interfaces/srv/BodyHeight.idl
[10.209s] -- Symlinking: /home/jnu/go2_ws/install/go2_interfaces/share/go2_interfaces/srv/ContinuousGait.idl
[10.214s] -- Symlinking: /home/jnu/go2_ws/install/go2_interfaces/share/go2_interfaces/srv/Euler.idl
[10.220s] -- Symlinking: /home/jnu/go2_ws/install/go2_interfaces/share/go2_interfaces/srv/FootRaiseHeight.idl
[10.224s] -- Symlinking: /home/jnu/go2_ws/install/go2_interfaces/share/go2_interfaces/srv/GetBodyHeight.idl
[10.230s] -- Symlinking: /home/jnu/go2_ws/install/go2_interfaces/share/go2_interfaces/srv/GetBrightness.idl
[10.234s] -- Symlinking: /home/jnu/go2_ws/install/go2_interfaces/share/go2_interfaces/srv/GetFootRaiseHeight.idl
[10.238s] -- Symlinking: /home/jnu/go2_ws/install/go2_interfaces/share/go2_interfaces/srv/GetSpeedLevel.idl
[10.243s] -- Symlinking: /home/jnu/go2_ws/install/go2_interfaces/share/go2_interfaces/srv/GetState.idl
[10.248s] -- Symlinking: /home/jnu/go2_ws/install/go2_interfaces/share/go2_interfaces/srv/GetSwitch.idl
[10.253s] -- Symlinking: /home/jnu/go2_ws/install/go2_interfaces/share/go2_interfaces/srv/GetSwitchObstaclesAvoidance.idl
[10.258s] -- Symlinking: /home/jnu/go2_ws/install/go2_interfaces/share/go2_interfaces/srv/GetVolume.idl
[10.262s] -- Symlinking: /home/jnu/go2_ws/install/go2_interfaces/share/go2_interfaces/srv/Mode.idl
[10.266s] -- Symlinking: /home/jnu/go2_ws/install/go2_interfaces/share/go2_interfaces/srv/Pose.idl
[10.270s] -- Symlinking: /home/jnu/go2_ws/install/go2_interfaces/share/go2_interfaces/srv/Say.idl
[10.276s] -- Symlinking: /home/jnu/go2_ws/install/go2_interfaces/share/go2_interfaces/srv/SetBrightness.idl
[10.282s] -- Symlinking: /home/jnu/go2_ws/install/go2_interfaces/share/go2_interfaces/srv/SetSwitch.idl
[10.286s] -- Symlinking: /home/jnu/go2_ws/install/go2_interfaces/share/go2_interfaces/srv/SetSwitchObstaclesAvoidance.idl
[10.291s] -- Symlinking: /home/jnu/go2_ws/install/go2_interfaces/share/go2_interfaces/srv/SetVolume.idl
[10.295s] -- Symlinking: /home/jnu/go2_ws/install/go2_interfaces/share/go2_interfaces/srv/SpeedLevel.idl
[10.301s] -- Symlinking: /home/jnu/go2_ws/install/go2_interfaces/share/go2_interfaces/srv/SwitchGait.idl
[10.307s] -- Symlinking: /home/jnu/go2_ws/install/go2_interfaces/share/go2_interfaces/srv/SwitchJoystick.idl
[10.312s] -- Symlinking: /home/jnu/go2_ws/install/go2_interfaces/share/go2_interfaces/srv/BodyHeight.srv
[10.316s] -- Symlinking: /home/jnu/go2_ws/install/go2_interfaces/share/go2_interfaces/srv/BodyHeight_Request.msg
[10.321s] -- Symlinking: /home/jnu/go2_ws/install/go2_interfaces/share/go2_interfaces/srv/BodyHeight_Response.msg
[10.327s] -- Symlinking: /home/jnu/go2_ws/install/go2_interfaces/share/go2_interfaces/srv/ContinuousGait.srv
[10.332s] -- Symlinking: /home/jnu/go2_ws/install/go2_interfaces/share/go2_interfaces/srv/ContinuousGait_Request.msg
[10.337s] -- Symlinking: /home/jnu/go2_ws/install/go2_interfaces/share/go2_interfaces/srv/ContinuousGait_Response.msg
[10.342s] -- Symlinking: /home/jnu/go2_ws/install/go2_interfaces/share/go2_interfaces/srv/Euler.srv
[10.347s] -- Symlinking: /home/jnu/go2_ws/install/go2_interfaces/share/go2_interfaces/srv/Euler_Request.msg
[10.354s] -- Symlinking: /home/jnu/go2_ws/install/go2_interfaces/share/go2_interfaces/srv/Euler_Response.msg
[10.358s] -- Symlinking: /home/jnu/go2_ws/install/go2_interfaces/share/go2_interfaces/srv/FootRaiseHeight.srv
[10.363s] -- Symlinking: /home/jnu/go2_ws/install/go2_interfaces/share/go2_interfaces/srv/FootRaiseHeight_Request.msg
[10.369s] -- Symlinking: /home/jnu/go2_ws/install/go2_interfaces/share/go2_interfaces/srv/FootRaiseHeight_Response.msg
[10.375s] -- Symlinking: /home/jnu/go2_ws/install/go2_interfaces/share/go2_interfaces/srv/GetBodyHeight.srv
[10.381s] -- Symlinking: /home/jnu/go2_ws/install/go2_interfaces/share/go2_interfaces/srv/GetBodyHeight_Request.msg
[10.385s] -- Symlinking: /home/jnu/go2_ws/install/go2_interfaces/share/go2_interfaces/srv/GetBodyHeight_Response.msg
[10.389s] -- Symlinking: /home/jnu/go2_ws/install/go2_interfaces/share/go2_interfaces/srv/GetBrightness.srv
[10.394s] -- Symlinking: /home/jnu/go2_ws/install/go2_interfaces/share/go2_interfaces/srv/GetBrightness_Request.msg
[10.400s] -- Symlinking: /home/jnu/go2_ws/install/go2_interfaces/share/go2_interfaces/srv/GetBrightness_Response.msg
[10.405s] -- Symlinking: /home/jnu/go2_ws/install/go2_interfaces/share/go2_interfaces/srv/GetFootRaiseHeight.srv
[10.409s] -- Symlinking: /home/jnu/go2_ws/install/go2_interfaces/share/go2_interfaces/srv/GetFootRaiseHeight_Request.msg
[10.413s] -- Symlinking: /home/jnu/go2_ws/install/go2_interfaces/share/go2_interfaces/srv/GetFootRaiseHeight_Response.msg
[10.419s] -- Symlinking: /home/jnu/go2_ws/install/go2_interfaces/share/go2_interfaces/srv/GetSpeedLevel.srv
[10.425s] -- Symlinking: /home/jnu/go2_ws/install/go2_interfaces/share/go2_interfaces/srv/GetSpeedLevel_Request.msg
[10.429s] -- Symlinking: /home/jnu/go2_ws/install/go2_interfaces/share/go2_interfaces/srv/GetSpeedLevel_Response.msg
[10.433s] -- Symlinking: /home/jnu/go2_ws/install/go2_interfaces/share/go2_interfaces/srv/GetState.srv
[10.438s] -- Symlinking: /home/jnu/go2_ws/install/go2_interfaces/share/go2_interfaces/srv/GetState_Request.msg
[10.442s] -- Symlinking: /home/jnu/go2_ws/install/go2_interfaces/share/go2_interfaces/srv/GetState_Response.msg
[10.448s] -- Symlinking: /home/jnu/go2_ws/install/go2_interfaces/share/go2_interfaces/srv/GetSwitch.srv
[10.453s] -- Symlinking: /home/jnu/go2_ws/install/go2_interfaces/share/go2_interfaces/srv/GetSwitch_Request.msg
[10.462s] -- Symlinking: /home/jnu/go2_ws/install/go2_interfaces/share/go2_interfaces/srv/GetSwitch_Response.msg
[10.470s] -- Symlinking: /home/jnu/go2_ws/install/go2_interfaces/share/go2_interfaces/srv/GetSwitchObstaclesAvoidance.srv
[10.480s] -- Symlinking: /home/jnu/go2_ws/install/go2_interfaces/share/go2_interfaces/srv/GetSwitchObstaclesAvoidance_Request.msg
[10.494s] -- Symlinking: /home/jnu/go2_ws/install/go2_interfaces/share/go2_interfaces/srv/GetSwitchObstaclesAvoidance_Response.msg
[10.510s] -- Symlinking: /home/jnu/go2_ws/install/go2_interfaces/share/go2_interfaces/srv/GetVolume.srv
[10.521s] -- Symlinking: /home/jnu/go2_ws/install/go2_interfaces/share/go2_interfaces/srv/GetVolume_Request.msg
[10.527s] -- Symlinking: /home/jnu/go2_ws/install/go2_interfaces/share/go2_interfaces/srv/GetVolume_Response.msg
[10.536s] -- Symlinking: /home/jnu/go2_ws/install/go2_interfaces/share/go2_interfaces/srv/Mode.srv
[10.546s] -- Symlinking: /home/jnu/go2_ws/install/go2_interfaces/share/go2_interfaces/srv/Mode_Request.msg
[10.561s] -- Symlinking: /home/jnu/go2_ws/install/go2_interfaces/share/go2_interfaces/srv/Mode_Response.msg
[10.573s] -- Symlinking: /home/jnu/go2_ws/install/go2_interfaces/share/go2_interfaces/srv/Pose.srv
[10.591s] -- Symlinking: /home/jnu/go2_ws/install/go2_interfaces/share/go2_interfaces/srv/Pose_Request.msg
[10.603s] -- Symlinking: /home/jnu/go2_ws/install/go2_interfaces/share/go2_interfaces/srv/Pose_Response.msg
[10.617s] -- Symlinking: /home/jnu/go2_ws/install/go2_interfaces/share/go2_interfaces/srv/Say.srv
[10.629s] -- Symlinking: /home/jnu/go2_ws/install/go2_interfaces/share/go2_interfaces/srv/Say_Request.msg
[10.641s] -- Symlinking: /home/jnu/go2_ws/install/go2_interfaces/share/go2_interfaces/srv/Say_Response.msg
[10.647s] -- Symlinking: /home/jnu/go2_ws/install/go2_interfaces/share/go2_interfaces/srv/SetBrightness.srv
[10.658s] -- Symlinking: /home/jnu/go2_ws/install/go2_interfaces/share/go2_interfaces/srv/SetBrightness_Request.msg
[10.669s] -- Symlinking: /home/jnu/go2_ws/install/go2_interfaces/share/go2_interfaces/srv/SetBrightness_Response.msg
[10.680s] -- Symlinking: /home/jnu/go2_ws/install/go2_interfaces/share/go2_interfaces/srv/SetSwitch.srv
[10.689s] -- Symlinking: /home/jnu/go2_ws/install/go2_interfaces/share/go2_interfaces/srv/SetSwitch_Request.msg
[10.698s] -- Symlinking: /home/jnu/go2_ws/install/go2_interfaces/share/go2_interfaces/srv/SetSwitch_Response.msg
[10.709s] -- Symlinking: /home/jnu/go2_ws/install/go2_interfaces/share/go2_interfaces/srv/SetSwitchObstaclesAvoidance.srv
[10.724s] -- Symlinking: /home/jnu/go2_ws/install/go2_interfaces/share/go2_interfaces/srv/SetSwitchObstaclesAvoidance_Request.msg
[10.736s] -- Symlinking: /home/jnu/go2_ws/install/go2_interfaces/share/go2_interfaces/srv/SetSwitchObstaclesAvoidance_Response.msg
[10.748s] -- Symlinking: /home/jnu/go2_ws/install/go2_interfaces/share/go2_interfaces/srv/SetVolume.srv
[10.761s] -- Symlinking: /home/jnu/go2_ws/install/go2_interfaces/share/go2_interfaces/srv/SetVolume_Request.msg
[10.775s] -- Symlinking: /home/jnu/go2_ws/install/go2_interfaces/share/go2_interfaces/srv/SetVolume_Response.msg
[10.784s] -- Symlinking: /home/jnu/go2_ws/install/go2_interfaces/share/go2_interfaces/srv/SpeedLevel.srv
[10.796s] -- Symlinking: /home/jnu/go2_ws/install/go2_interfaces/share/go2_interfaces/srv/SpeedLevel_Request.msg
[10.809s] -- Symlinking: /home/jnu/go2_ws/install/go2_interfaces/share/go2_interfaces/srv/SpeedLevel_Response.msg
[10.817s] -- Symlinking: /home/jnu/go2_ws/install/go2_interfaces/share/go2_interfaces/srv/SwitchGait.srv
[10.825s] -- Symlinking: /home/jnu/go2_ws/install/go2_interfaces/share/go2_interfaces/srv/SwitchGait_Request.msg
[10.834s] -- Symlinking: /home/jnu/go2_ws/install/go2_interfaces/share/go2_interfaces/srv/SwitchGait_Response.msg
[10.839s] -- Symlinking: /home/jnu/go2_ws/install/go2_interfaces/share/go2_interfaces/srv/SwitchJoystick.srv
[10.845s] -- Symlinking: /home/jnu/go2_ws/install/go2_interfaces/share/go2_interfaces/srv/SwitchJoystick_Request.msg
[10.853s] -- Symlinking: /home/jnu/go2_ws/install/go2_interfaces/share/go2_interfaces/srv/SwitchJoystick_Response.msg
[10.859s] -- Symlinking: /home/jnu/go2_ws/install/go2_interfaces/share/ament_index/resource_index/package_run_dependencies/go2_interfaces
[10.864s] -- Symlinking: /home/jnu/go2_ws/install/go2_interfaces/share/ament_index/resource_index/parent_prefix_path/go2_interfaces
[10.869s] -- Symlinking: /home/jnu/go2_ws/install/go2_interfaces/share/go2_interfaces/environment/ament_prefix_path.sh
[10.874s] -- Symlinking: /home/jnu/go2_ws/install/go2_interfaces/share/go2_interfaces/environment/ament_prefix_path.dsv
[10.878s] -- Symlinking: /home/jnu/go2_ws/install/go2_interfaces/share/go2_interfaces/environment/path.sh
[10.882s] -- Symlinking: /home/jnu/go2_ws/install/go2_interfaces/share/go2_interfaces/environment/path.dsv
[10.887s] -- Symlinking: /home/jnu/go2_ws/install/go2_interfaces/share/go2_interfaces/local_setup.bash
[10.892s] -- Symlinking: /home/jnu/go2_ws/install/go2_interfaces/share/go2_interfaces/local_setup.sh
[10.897s] -- Symlinking: /home/jnu/go2_ws/install/go2_interfaces/share/go2_interfaces/local_setup.zsh
[10.902s] -- Symlinking: /home/jnu/go2_ws/install/go2_interfaces/share/go2_interfaces/local_setup.dsv
[10.907s] -- Symlinking: /home/jnu/go2_ws/install/go2_interfaces/share/go2_interfaces/package.dsv
[10.911s] -- Symlinking: /home/jnu/go2_ws/install/go2_interfaces/share/ament_index/resource_index/packages/go2_interfaces
[10.916s] -- Symlinking: /home/jnu/go2_ws/install/go2_interfaces/share/go2_interfaces/cmake/rosidl_cmake-extras.cmake
[10.921s] -- Symlinking: /home/jnu/go2_ws/install/go2_interfaces/share/go2_interfaces/cmake/ament_cmake_export_include_directories-extras.cmake
[10.925s] -- Symlinking: /home/jnu/go2_ws/install/go2_interfaces/share/go2_interfaces/cmake/ament_cmake_export_libraries-extras.cmake
[10.930s] -- Symlinking: /home/jnu/go2_ws/install/go2_interfaces/share/go2_interfaces/cmake/ament_cmake_export_targets-extras.cmake
[10.934s] -- Symlinking: /home/jnu/go2_ws/install/go2_interfaces/share/go2_interfaces/cmake/rosidl_cmake_export_typesupport_targets-extras.cmake
[10.940s] -- Symlinking: /home/jnu/go2_ws/install/go2_interfaces/share/go2_interfaces/cmake/ament_cmake_export_dependencies-extras.cmake
[10.948s] -- Symlinking: /home/jnu/go2_ws/install/go2_interfaces/share/go2_interfaces/cmake/rosidl_cmake_export_typesupport_libraries-extras.cmake
[10.961s] -- Symlinking: /home/jnu/go2_ws/install/go2_interfaces/share/go2_interfaces/cmake/go2_interfacesConfig.cmake
[10.968s] -- Symlinking: /home/jnu/go2_ws/install/go2_interfaces/share/go2_interfaces/cmake/go2_interfacesConfig-version.cmake
[10.979s] -- Symlinking: /home/jnu/go2_ws/install/go2_interfaces/share/go2_interfaces/package.xml
[10.992s] -- Installing: /home/jnu/go2_ws/install/go2_interfaces/lib/libgo2_interfaces__rosidl_generator_c.so
[10.992s] -- Set runtime path of "/home/jnu/go2_ws/install/go2_interfaces/lib/libgo2_interfaces__rosidl_generator_c.so" to ""
[10.992s] -- Installing: /home/jnu/go2_ws/install/go2_interfaces/lib/libgo2_interfaces__rosidl_typesupport_fastrtps_c.so
[10.992s] -- Set runtime path of "/home/jnu/go2_ws/install/go2_interfaces/lib/libgo2_interfaces__rosidl_typesupport_fastrtps_c.so" to ""
[10.993s] -- Installing: /home/jnu/go2_ws/install/go2_interfaces/lib/libgo2_interfaces__rosidl_typesupport_introspection_c.so
[10.993s] -- Set runtime path of "/home/jnu/go2_ws/install/go2_interfaces/lib/libgo2_interfaces__rosidl_typesupport_introspection_c.so" to ""
[10.993s] -- Installing: /home/jnu/go2_ws/install/go2_interfaces/lib/libgo2_interfaces__rosidl_typesupport_c.so
[10.993s] -- Set runtime path of "/home/jnu/go2_ws/install/go2_interfaces/lib/libgo2_interfaces__rosidl_typesupport_c.so" to ""
[10.993s] -- Installing: /home/jnu/go2_ws/install/go2_interfaces/lib/libgo2_interfaces__rosidl_typesupport_fastrtps_cpp.so
[10.994s] -- Set runtime path of "/home/jnu/go2_ws/install/go2_interfaces/lib/libgo2_interfaces__rosidl_typesupport_fastrtps_cpp.so" to ""
[10.994s] -- Installing: /home/jnu/go2_ws/install/go2_interfaces/lib/libgo2_interfaces__rosidl_typesupport_introspection_cpp.so
[10.994s] -- Set runtime path of "/home/jnu/go2_ws/install/go2_interfaces/lib/libgo2_interfaces__rosidl_typesupport_introspection_cpp.so" to ""
[10.994s] -- Installing: /home/jnu/go2_ws/install/go2_interfaces/lib/libgo2_interfaces__rosidl_typesupport_cpp.so
[10.995s] -- Set runtime path of "/home/jnu/go2_ws/install/go2_interfaces/lib/libgo2_interfaces__rosidl_typesupport_cpp.so" to ""
[11.038s] Listing '/home/jnu/go2_ws/install/go2_interfaces/local/lib/python3.10/dist-packages/go2_interfaces'...
[11.038s] Compiling '/home/jnu/go2_ws/install/go2_interfaces/local/lib/python3.10/dist-packages/go2_interfaces/__init__.py'...
[11.038s] Listing '/home/jnu/go2_ws/install/go2_interfaces/local/lib/python3.10/dist-packages/go2_interfaces/srv'...
[11.039s] Compiling '/home/jnu/go2_ws/install/go2_interfaces/local/lib/python3.10/dist-packages/go2_interfaces/srv/__init__.py'...
[11.039s] Compiling '/home/jnu/go2_ws/install/go2_interfaces/local/lib/python3.10/dist-packages/go2_interfaces/srv/_body_height.py'...
[11.039s] Compiling '/home/jnu/go2_ws/install/go2_interfaces/local/lib/python3.10/dist-packages/go2_interfaces/srv/_continuous_gait.py'...
[11.039s] Compiling '/home/jnu/go2_ws/install/go2_interfaces/local/lib/python3.10/dist-packages/go2_interfaces/srv/_euler.py'...
[11.039s] Compiling '/home/jnu/go2_ws/install/go2_interfaces/local/lib/python3.10/dist-packages/go2_interfaces/srv/_foot_raise_height.py'...
[11.039s] Compiling '/home/jnu/go2_ws/install/go2_interfaces/local/lib/python3.10/dist-packages/go2_interfaces/srv/_get_body_height.py'...
[11.039s] Compiling '/home/jnu/go2_ws/install/go2_interfaces/local/lib/python3.10/dist-packages/go2_interfaces/srv/_get_brightness.py'...
[11.039s] Compiling '/home/jnu/go2_ws/install/go2_interfaces/local/lib/python3.10/dist-packages/go2_interfaces/srv/_get_foot_raise_height.py'...
[11.039s] Compiling '/home/jnu/go2_ws/install/go2_interfaces/local/lib/python3.10/dist-packages/go2_interfaces/srv/_get_speed_level.py'...
[11.039s] Compiling '/home/jnu/go2_ws/install/go2_interfaces/local/lib/python3.10/dist-packages/go2_interfaces/srv/_get_state.py'...
[11.039s] Compiling '/home/jnu/go2_ws/install/go2_interfaces/local/lib/python3.10/dist-packages/go2_interfaces/srv/_get_switch.py'...
[11.039s] Compiling '/home/jnu/go2_ws/install/go2_interfaces/local/lib/python3.10/dist-packages/go2_interfaces/srv/_get_switch_obstacles_avoidance.py'...
[11.039s] Compiling '/home/jnu/go2_ws/install/go2_interfaces/local/lib/python3.10/dist-packages/go2_interfaces/srv/_get_volume.py'...
[11.039s] Compiling '/home/jnu/go2_ws/install/go2_interfaces/local/lib/python3.10/dist-packages/go2_interfaces/srv/_mode.py'...
[11.039s] Compiling '/home/jnu/go2_ws/install/go2_interfaces/local/lib/python3.10/dist-packages/go2_interfaces/srv/_pose.py'...
[11.039s] Compiling '/home/jnu/go2_ws/install/go2_interfaces/local/lib/python3.10/dist-packages/go2_interfaces/srv/_say.py'...
[11.039s] Compiling '/home/jnu/go2_ws/install/go2_interfaces/local/lib/python3.10/dist-packages/go2_interfaces/srv/_set_brightness.py'...
[11.039s] Compiling '/home/jnu/go2_ws/install/go2_interfaces/local/lib/python3.10/dist-packages/go2_interfaces/srv/_set_switch.py'...
[11.039s] Compiling '/home/jnu/go2_ws/install/go2_interfaces/local/lib/python3.10/dist-packages/go2_interfaces/srv/_set_switch_obstacles_avoidance.py'...
[11.039s] Compiling '/home/jnu/go2_ws/install/go2_interfaces/local/lib/python3.10/dist-packages/go2_interfaces/srv/_set_volume.py'...
[11.039s] Compiling '/home/jnu/go2_ws/install/go2_interfaces/local/lib/python3.10/dist-packages/go2_interfaces/srv/_speed_level.py'...
[11.039s] Compiling '/home/jnu/go2_ws/install/go2_interfaces/local/lib/python3.10/dist-packages/go2_interfaces/srv/_switch_gait.py'...
[11.039s] Compiling '/home/jnu/go2_ws/install/go2_interfaces/local/lib/python3.10/dist-packages/go2_interfaces/srv/_switch_joystick.py'...
[11.041s] -- Installing: /home/jnu/go2_ws/install/go2_interfaces/lib/libgo2_interfaces__rosidl_generator_py.so
[11.041s] -- Set runtime path of "/home/jnu/go2_ws/install/go2_interfaces/lib/libgo2_interfaces__rosidl_generator_py.so" to ""
[11.041s] -- Installing: /home/jnu/go2_ws/install/go2_interfaces/share/go2_interfaces/cmake/export_go2_interfaces__rosidl_generator_cExport.cmake
[11.041s] -- Installing: /home/jnu/go2_ws/install/go2_interfaces/share/go2_interfaces/cmake/export_go2_interfaces__rosidl_generator_cExport-noconfig.cmake
[11.041s] -- Installing: /home/jnu/go2_ws/install/go2_interfaces/share/go2_interfaces/cmake/export_go2_interfaces__rosidl_typesupport_fastrtps_cExport.cmake
[11.042s] -- Installing: /home/jnu/go2_ws/install/go2_interfaces/share/go2_interfaces/cmake/export_go2_interfaces__rosidl_typesupport_fastrtps_cExport-noconfig.cmake
[11.042s] -- Installing: /home/jnu/go2_ws/install/go2_interfaces/share/go2_interfaces/cmake/go2_interfaces__rosidl_typesupport_introspection_cExport.cmake
[11.042s] -- Installing: /home/jnu/go2_ws/install/go2_interfaces/share/go2_interfaces/cmake/go2_interfaces__rosidl_typesupport_introspection_cExport-noconfig.cmake
[11.042s] -- Installing: /home/jnu/go2_ws/install/go2_interfaces/share/go2_interfaces/cmake/go2_interfaces__rosidl_typesupport_cExport.cmake
[11.042s] -- Installing: /home/jnu/go2_ws/install/go2_interfaces/share/go2_interfaces/cmake/go2_interfaces__rosidl_typesupport_cExport-noconfig.cmake
[11.042s] -- Installing: /home/jnu/go2_ws/install/go2_interfaces/share/go2_interfaces/cmake/export_go2_interfaces__rosidl_generator_cppExport.cmake
[11.042s] -- Installing: /home/jnu/go2_ws/install/go2_interfaces/share/go2_interfaces/cmake/export_go2_interfaces__rosidl_typesupport_fastrtps_cppExport.cmake
[11.042s] -- Installing: /home/jnu/go2_ws/install/go2_interfaces/share/go2_interfaces/cmake/export_go2_interfaces__rosidl_typesupport_fastrtps_cppExport-noconfig.cmake
[11.042s] -- Installing: /home/jnu/go2_ws/install/go2_interfaces/share/go2_interfaces/cmake/go2_interfaces__rosidl_typesupport_introspection_cppExport.cmake
[11.042s] -- Installing: /home/jnu/go2_ws/install/go2_interfaces/share/go2_interfaces/cmake/go2_interfaces__rosidl_typesupport_introspection_cppExport-noconfig.cmake
[11.042s] -- Installing: /home/jnu/go2_ws/install/go2_interfaces/share/go2_interfaces/cmake/go2_interfaces__rosidl_typesupport_cppExport.cmake
[11.042s] -- Installing: /home/jnu/go2_ws/install/go2_interfaces/share/go2_interfaces/cmake/go2_interfaces__rosidl_typesupport_cppExport-noconfig.cmake
[11.042s] -- Installing: /home/jnu/go2_ws/install/go2_interfaces/share/go2_interfaces/cmake/export_go2_interfaces__rosidl_generator_pyExport.cmake
[11.042s] -- Installing: /home/jnu/go2_ws/install/go2_interfaces/share/go2_interfaces/cmake/export_go2_interfaces__rosidl_generator_pyExport-noconfig.cmake
[11.043s] Invoked command in '/home/jnu/go2_ws/build/go2_interfaces' returned '0': CMAKE_PREFIX_PATH=/opt/ros/humble /usr/bin/cmake --install /home/jnu/go2_ws/build/go2_interfaces
