[0.000000] (-) TimerEvent: {}
[0.000093] (go2_description) JobQueued: {'identifier': 'go2_description', 'dependencies': OrderedDict()}
[0.000146] (go2_interfaces) JobQueued: {'identifier': 'go2_interfaces', 'dependencies': OrderedDict()}
[0.000168] (go2_rviz) JobQueued: {'identifier': 'go2_rviz', 'dependencies': OrderedDict()}
[0.000182] (unitree_api) JobQueued: {'identifier': 'unitree_api', 'dependencies': OrderedDict()}
[0.000196] (unitree_go) JobQueued: {'identifier': 'unitree_go', 'dependencies': OrderedDict()}
[0.000210] (go2_driver) JobQueued: {'identifier': 'go2_driver', 'dependencies': OrderedDict([('go2_interfaces', '/home/jnu/go2_ws/install/go2_interfaces'), ('unitree_api', '/home/jnu/go2_ws/install/unitree_api'), ('unitree_go', '/home/jnu/go2_ws/install/unitree_go')])}
[0.000227] (go2_bringup) JobQueued: {'identifier': 'go2_bringup', 'dependencies': OrderedDict([('go2_description', '/home/jnu/go2_ws/install/go2_description'), ('go2_interfaces', '/home/jnu/go2_ws/install/go2_interfaces'), ('go2_rviz', '/home/jnu/go2_ws/install/go2_rviz'), ('unitree_api', '/home/jnu/go2_ws/install/unitree_api'), ('unitree_go', '/home/jnu/go2_ws/install/unitree_go'), ('go2_driver', '/home/jnu/go2_ws/install/go2_driver')])}
[0.000244] (go2_robot) JobQueued: {'identifier': 'go2_robot', 'dependencies': OrderedDict([('go2_description', '/home/jnu/go2_ws/install/go2_description'), ('go2_interfaces', '/home/jnu/go2_ws/install/go2_interfaces'), ('go2_rviz', '/home/jnu/go2_ws/install/go2_rviz'), ('unitree_api', '/home/jnu/go2_ws/install/unitree_api'), ('unitree_go', '/home/jnu/go2_ws/install/unitree_go'), ('go2_driver', '/home/jnu/go2_ws/install/go2_driver'), ('go2_bringup', '/home/jnu/go2_ws/install/go2_bringup')])}
[0.000265] (go2_interfaces) JobStarted: {'identifier': 'go2_interfaces'}
[0.002350] (unitree_api) JobStarted: {'identifier': 'unitree_api'}
[0.004025] (unitree_go) JobStarted: {'identifier': 'unitree_go'}
[0.005114] (go2_description) JobStarted: {'identifier': 'go2_description'}
[0.005992] (go2_rviz) JobStarted: {'identifier': 'go2_rviz'}
[0.007806] (go2_interfaces) JobProgress: {'identifier': 'go2_interfaces', 'progress': 'cmake'}
[0.008026] (go2_interfaces) Command: {'cmd': ['/usr/bin/cmake', '/home/jnu/go2_ws/src/go2_interfaces', '-DAMENT_CMAKE_SYMLINK_INSTALL=1', '-DCMAKE_INSTALL_PREFIX=/home/jnu/go2_ws/install/go2_interfaces'], 'cwd': '/home/jnu/go2_ws/build/go2_interfaces', 'env': OrderedDict([('LESSOPEN', '| /usr/bin/lesspipe %s'), ('LANGUAGE', 'ko:en'), ('USER', 'jnu'), ('LC_TIME', 'ko_KR.UTF-8'), ('XDG_SESSION_TYPE', 'x11'), ('SHLVL', '1'), ('LD_LIBRARY_PATH', '/opt/ros/humble/opt/rviz_ogre_vendor/lib:/opt/ros/humble/lib/x86_64-linux-gnu:/opt/ros/humble/lib:/usr/local/cuda-11.8/lib64:'), ('HOME', '/home/jnu'), ('CONDA_SHLVL', '0'), ('OLDPWD', '/home/jnu/go2_ws/src'), ('DESKTOP_SESSION', 'ubuntu'), ('ROS_PYTHON_VERSION', '3'), ('GNOME_SHELL_SESSION_MODE', 'ubuntu'), ('GTK_MODULES', 'gail:atk-bridge'), ('LC_MONETARY', 'ko_KR.UTF-8'), ('MANAGERPID', '1735'), ('SYSTEMD_EXEC_PID', '2210'), ('DBUS_SESSION_BUS_ADDRESS', 'unix:path=/run/user/1000/bus'), ('COLORTERM', 'truecolor'), ('_CE_M', ''), ('TERMINATOR_DBUS_NAME', 'net.tenshu.Terminator23558193cd9818af7fe4d2c2f5bd9d00f'), ('GIO_LAUNCHED_DESKTOP_FILE_PID', '50688'), ('IM_CONFIG_PHASE', '1'), ('ROS_DISTRO', 'humble'), ('GTK_IM_MODULE', 'ibus'), ('LOGNAME', 'jnu'), ('JOURNAL_STREAM', '8:13504'), ('_', '/usr/bin/colcon'), ('ROS_VERSION', '2'), ('XDG_SESSION_CLASS', 'user'), ('USERNAME', 'jnu'), ('TERM', 'xterm-256color'), ('GNOME_DESKTOP_SESSION_ID', 'this-is-deprecated'), ('_CE_CONDA', ''), ('ROS_LOCALHOST_ONLY', '0'), ('WINDOWPATH', '2'), ('PATH', '/opt/ros/humble/bin:/home/jnu/anaconda3/condabin:/usr/local/cuda-11.8/bin:/home/jnu/.local/bin:/usr/local/sbin:/usr/local/bin:/usr/sbin:/usr/bin:/sbin:/bin:/usr/games:/usr/local/games:/snap/bin:/snap/bin'), ('SESSION_MANAGER', 'local/JNU-1:@/tmp/.ICE-unix/1960,unix/JNU-1:/tmp/.ICE-unix/1960'), ('INVOCATION_ID', '626ef355527a45d284069bc1bba02c8f'), ('PAPERSIZE', 'a4'), ('XDG_MENU_PREFIX', 'gnome-'), ('LC_ADDRESS', 'ko_KR.UTF-8'), ('XDG_RUNTIME_DIR', '/run/user/1000'), ('DISPLAY', ':1'), ('TERMINATOR_DBUS_PATH', '/net/tenshu/Terminator2'), ('LANG', 'ko_KR.UTF-8'), ('XDG_CURRENT_DESKTOP', 'ubuntu:GNOME'), ('IBUS_DISABLE_SNOOPER', '1'), ('LC_TELEPHONE', 'ko_KR.UTF-8'), ('XMODIFIERS', '@im=ibus'), ('XDG_SESSION_DESKTOP', 'ubuntu'), ('XAUTHORITY', '/run/user/1000/gdm/Xauthority'), ('LS_COLORS', 'rs=0:di=01;34:ln=01;36:mh=00:pi=40;33:so=01;35:do=01;35:bd=40;33;01:cd=40;33;01:or=40;31;01:mi=00:su=37;41:sg=30;43:ca=30;41:tw=30;42:ow=34;42:st=37;44:ex=01;32:*.tar=01;31:*.tgz=01;31:*.arc=01;31:*.arj=01;31:*.taz=01;31:*.lha=01;31:*.lz4=01;31:*.lzh=01;31:*.lzma=01;31:*.tlz=01;31:*.txz=01;31:*.tzo=01;31:*.t7z=01;31:*.zip=01;31:*.z=01;31:*.dz=01;31:*.gz=01;31:*.lrz=01;31:*.lz=01;31:*.lzo=01;31:*.xz=01;31:*.zst=01;31:*.tzst=01;31:*.bz2=01;31:*.bz=01;31:*.tbz=01;31:*.tbz2=01;31:*.tz=01;31:*.deb=01;31:*.rpm=01;31:*.jar=01;31:*.war=01;31:*.ear=01;31:*.sar=01;31:*.rar=01;31:*.alz=01;31:*.ace=01;31:*.zoo=01;31:*.cpio=01;31:*.7z=01;31:*.rz=01;31:*.cab=01;31:*.wim=01;31:*.swm=01;31:*.dwm=01;31:*.esd=01;31:*.jpg=01;35:*.jpeg=01;35:*.mjpg=01;35:*.mjpeg=01;35:*.gif=01;35:*.bmp=01;35:*.pbm=01;35:*.pgm=01;35:*.ppm=01;35:*.tga=01;35:*.xbm=01;35:*.xpm=01;35:*.tif=01;35:*.tiff=01;35:*.png=01;35:*.svg=01;35:*.svgz=01;35:*.mng=01;35:*.pcx=01;35:*.mov=01;35:*.mpg=01;35:*.mpeg=01;35:*.m2v=01;35:*.mkv=01;35:*.webm=01;35:*.webp=01;35:*.ogm=01;35:*.mp4=01;35:*.m4v=01;35:*.mp4v=01;35:*.vob=01;35:*.qt=01;35:*.nuv=01;35:*.wmv=01;35:*.asf=01;35:*.rm=01;35:*.rmvb=01;35:*.flc=01;35:*.avi=01;35:*.fli=01;35:*.flv=01;35:*.gl=01;35:*.dl=01;35:*.xcf=01;35:*.xwd=01;35:*.yuv=01;35:*.cgm=01;35:*.emf=01;35:*.ogv=01;35:*.ogx=01;35:*.aac=00;36:*.au=00;36:*.flac=00;36:*.m4a=00;36:*.mid=00;36:*.midi=00;36:*.mka=00;36:*.mp3=00;36:*.mpc=00;36:*.ogg=00;36:*.ra=00;36:*.wav=00;36:*.oga=00;36:*.opus=00;36:*.spx=00;36:*.xspf=00;36:'), ('SSH_AGENT_LAUNCHER', 'gnome-keyring'), ('SSH_AUTH_SOCK', '/run/user/1000/keyring/ssh'), ('AMENT_PREFIX_PATH', '/opt/ros/humble'), ('CONDA_PYTHON_EXE', '/home/jnu/anaconda3/bin/python'), ('SHELL', '/bin/bash'), ('LC_NAME', 'ko_KR.UTF-8'), ('TERMINATOR_UUID', 'urn:uuid:9709fc55-99ce-401d-8324-b50ce6fb78e1'), ('QT_ACCESSIBILITY', '1'), ('GDMSESSION', 'ubuntu'), ('LESSCLOSE', '/usr/bin/lesspipe %s %s'), ('LC_MEASUREMENT', 'ko_KR.UTF-8'), ('GPG_AGENT_INFO', '/run/user/1000/gnupg/S.gpg-agent:0:1'), ('LC_IDENTIFICATION', 'ko_KR.UTF-8'), ('QT_IM_MODULE', 'ibus'), ('PWD', '/home/jnu/go2_ws/build/go2_interfaces'), ('CUDA_HOME', '/usr/local/cuda-11.8'), ('XDG_CONFIG_DIRS', '/etc/xdg/xdg-ubuntu:/etc/xdg'), ('CONDA_EXE', '/home/jnu/anaconda3/bin/conda'), ('XDG_DATA_DIRS', '/usr/share/ubuntu:/usr/share/gnome:/usr/local/share/:/usr/share/:/var/lib/snapd/desktop'), ('PYTHONPATH', '/opt/ros/humble/lib/python3.10/site-packages:/opt/ros/humble/local/lib/python3.10/dist-packages'), ('LC_NUMERIC', 'ko_KR.UTF-8'), ('LC_PAPER', 'ko_KR.UTF-8'), ('COLCON', '1'), ('VTE_VERSION', '6800'), ('CMAKE_PREFIX_PATH', '/opt/ros/humble')]), 'shell': False}
[0.008967] (unitree_api) JobProgress: {'identifier': 'unitree_api', 'progress': 'cmake'}
[0.009166] (unitree_api) Command: {'cmd': ['/usr/bin/cmake', '/home/jnu/go2_ws/src/unitree_api', '-DAMENT_CMAKE_SYMLINK_INSTALL=1', '-DCMAKE_INSTALL_PREFIX=/home/jnu/go2_ws/install/unitree_api'], 'cwd': '/home/jnu/go2_ws/build/unitree_api', 'env': OrderedDict([('LESSOPEN', '| /usr/bin/lesspipe %s'), ('LANGUAGE', 'ko:en'), ('USER', 'jnu'), ('LC_TIME', 'ko_KR.UTF-8'), ('XDG_SESSION_TYPE', 'x11'), ('SHLVL', '1'), ('LD_LIBRARY_PATH', '/opt/ros/humble/opt/rviz_ogre_vendor/lib:/opt/ros/humble/lib/x86_64-linux-gnu:/opt/ros/humble/lib:/usr/local/cuda-11.8/lib64:'), ('HOME', '/home/jnu'), ('CONDA_SHLVL', '0'), ('OLDPWD', '/home/jnu/go2_ws/src'), ('DESKTOP_SESSION', 'ubuntu'), ('ROS_PYTHON_VERSION', '3'), ('GNOME_SHELL_SESSION_MODE', 'ubuntu'), ('GTK_MODULES', 'gail:atk-bridge'), ('LC_MONETARY', 'ko_KR.UTF-8'), ('MANAGERPID', '1735'), ('SYSTEMD_EXEC_PID', '2210'), ('DBUS_SESSION_BUS_ADDRESS', 'unix:path=/run/user/1000/bus'), ('COLORTERM', 'truecolor'), ('_CE_M', ''), ('TERMINATOR_DBUS_NAME', 'net.tenshu.Terminator23558193cd9818af7fe4d2c2f5bd9d00f'), ('GIO_LAUNCHED_DESKTOP_FILE_PID', '50688'), ('IM_CONFIG_PHASE', '1'), ('ROS_DISTRO', 'humble'), ('GTK_IM_MODULE', 'ibus'), ('LOGNAME', 'jnu'), ('JOURNAL_STREAM', '8:13504'), ('_', '/usr/bin/colcon'), ('ROS_VERSION', '2'), ('XDG_SESSION_CLASS', 'user'), ('USERNAME', 'jnu'), ('TERM', 'xterm-256color'), ('GNOME_DESKTOP_SESSION_ID', 'this-is-deprecated'), ('_CE_CONDA', ''), ('ROS_LOCALHOST_ONLY', '0'), ('WINDOWPATH', '2'), ('PATH', '/opt/ros/humble/bin:/home/jnu/anaconda3/condabin:/usr/local/cuda-11.8/bin:/home/jnu/.local/bin:/usr/local/sbin:/usr/local/bin:/usr/sbin:/usr/bin:/sbin:/bin:/usr/games:/usr/local/games:/snap/bin:/snap/bin'), ('SESSION_MANAGER', 'local/JNU-1:@/tmp/.ICE-unix/1960,unix/JNU-1:/tmp/.ICE-unix/1960'), ('INVOCATION_ID', '626ef355527a45d284069bc1bba02c8f'), ('PAPERSIZE', 'a4'), ('XDG_MENU_PREFIX', 'gnome-'), ('LC_ADDRESS', 'ko_KR.UTF-8'), ('XDG_RUNTIME_DIR', '/run/user/1000'), ('DISPLAY', ':1'), ('TERMINATOR_DBUS_PATH', '/net/tenshu/Terminator2'), ('LANG', 'ko_KR.UTF-8'), ('XDG_CURRENT_DESKTOP', 'ubuntu:GNOME'), ('IBUS_DISABLE_SNOOPER', '1'), ('LC_TELEPHONE', 'ko_KR.UTF-8'), ('XMODIFIERS', '@im=ibus'), ('XDG_SESSION_DESKTOP', 'ubuntu'), ('XAUTHORITY', '/run/user/1000/gdm/Xauthority'), ('LS_COLORS', 'rs=0:di=01;34:ln=01;36:mh=00:pi=40;33:so=01;35:do=01;35:bd=40;33;01:cd=40;33;01:or=40;31;01:mi=00:su=37;41:sg=30;43:ca=30;41:tw=30;42:ow=34;42:st=37;44:ex=01;32:*.tar=01;31:*.tgz=01;31:*.arc=01;31:*.arj=01;31:*.taz=01;31:*.lha=01;31:*.lz4=01;31:*.lzh=01;31:*.lzma=01;31:*.tlz=01;31:*.txz=01;31:*.tzo=01;31:*.t7z=01;31:*.zip=01;31:*.z=01;31:*.dz=01;31:*.gz=01;31:*.lrz=01;31:*.lz=01;31:*.lzo=01;31:*.xz=01;31:*.zst=01;31:*.tzst=01;31:*.bz2=01;31:*.bz=01;31:*.tbz=01;31:*.tbz2=01;31:*.tz=01;31:*.deb=01;31:*.rpm=01;31:*.jar=01;31:*.war=01;31:*.ear=01;31:*.sar=01;31:*.rar=01;31:*.alz=01;31:*.ace=01;31:*.zoo=01;31:*.cpio=01;31:*.7z=01;31:*.rz=01;31:*.cab=01;31:*.wim=01;31:*.swm=01;31:*.dwm=01;31:*.esd=01;31:*.jpg=01;35:*.jpeg=01;35:*.mjpg=01;35:*.mjpeg=01;35:*.gif=01;35:*.bmp=01;35:*.pbm=01;35:*.pgm=01;35:*.ppm=01;35:*.tga=01;35:*.xbm=01;35:*.xpm=01;35:*.tif=01;35:*.tiff=01;35:*.png=01;35:*.svg=01;35:*.svgz=01;35:*.mng=01;35:*.pcx=01;35:*.mov=01;35:*.mpg=01;35:*.mpeg=01;35:*.m2v=01;35:*.mkv=01;35:*.webm=01;35:*.webp=01;35:*.ogm=01;35:*.mp4=01;35:*.m4v=01;35:*.mp4v=01;35:*.vob=01;35:*.qt=01;35:*.nuv=01;35:*.wmv=01;35:*.asf=01;35:*.rm=01;35:*.rmvb=01;35:*.flc=01;35:*.avi=01;35:*.fli=01;35:*.flv=01;35:*.gl=01;35:*.dl=01;35:*.xcf=01;35:*.xwd=01;35:*.yuv=01;35:*.cgm=01;35:*.emf=01;35:*.ogv=01;35:*.ogx=01;35:*.aac=00;36:*.au=00;36:*.flac=00;36:*.m4a=00;36:*.mid=00;36:*.midi=00;36:*.mka=00;36:*.mp3=00;36:*.mpc=00;36:*.ogg=00;36:*.ra=00;36:*.wav=00;36:*.oga=00;36:*.opus=00;36:*.spx=00;36:*.xspf=00;36:'), ('SSH_AGENT_LAUNCHER', 'gnome-keyring'), ('SSH_AUTH_SOCK', '/run/user/1000/keyring/ssh'), ('AMENT_PREFIX_PATH', '/opt/ros/humble'), ('CONDA_PYTHON_EXE', '/home/jnu/anaconda3/bin/python'), ('SHELL', '/bin/bash'), ('LC_NAME', 'ko_KR.UTF-8'), ('TERMINATOR_UUID', 'urn:uuid:9709fc55-99ce-401d-8324-b50ce6fb78e1'), ('QT_ACCESSIBILITY', '1'), ('GDMSESSION', 'ubuntu'), ('LESSCLOSE', '/usr/bin/lesspipe %s %s'), ('LC_MEASUREMENT', 'ko_KR.UTF-8'), ('GPG_AGENT_INFO', '/run/user/1000/gnupg/S.gpg-agent:0:1'), ('LC_IDENTIFICATION', 'ko_KR.UTF-8'), ('QT_IM_MODULE', 'ibus'), ('PWD', '/home/jnu/go2_ws/build/unitree_api'), ('CUDA_HOME', '/usr/local/cuda-11.8'), ('XDG_CONFIG_DIRS', '/etc/xdg/xdg-ubuntu:/etc/xdg'), ('CONDA_EXE', '/home/jnu/anaconda3/bin/conda'), ('XDG_DATA_DIRS', '/usr/share/ubuntu:/usr/share/gnome:/usr/local/share/:/usr/share/:/var/lib/snapd/desktop'), ('PYTHONPATH', '/opt/ros/humble/lib/python3.10/site-packages:/opt/ros/humble/local/lib/python3.10/dist-packages'), ('LC_NUMERIC', 'ko_KR.UTF-8'), ('LC_PAPER', 'ko_KR.UTF-8'), ('COLCON', '1'), ('VTE_VERSION', '6800'), ('CMAKE_PREFIX_PATH', '/opt/ros/humble')]), 'shell': False}
[0.009710] (unitree_go) JobProgress: {'identifier': 'unitree_go', 'progress': 'cmake'}
[0.009878] (unitree_go) Command: {'cmd': ['/usr/bin/cmake', '/home/jnu/go2_ws/src/unitree_go', '-DAMENT_CMAKE_SYMLINK_INSTALL=1', '-DCMAKE_INSTALL_PREFIX=/home/jnu/go2_ws/install/unitree_go'], 'cwd': '/home/jnu/go2_ws/build/unitree_go', 'env': OrderedDict([('LESSOPEN', '| /usr/bin/lesspipe %s'), ('LANGUAGE', 'ko:en'), ('USER', 'jnu'), ('LC_TIME', 'ko_KR.UTF-8'), ('XDG_SESSION_TYPE', 'x11'), ('SHLVL', '1'), ('LD_LIBRARY_PATH', '/opt/ros/humble/opt/rviz_ogre_vendor/lib:/opt/ros/humble/lib/x86_64-linux-gnu:/opt/ros/humble/lib:/usr/local/cuda-11.8/lib64:'), ('HOME', '/home/jnu'), ('CONDA_SHLVL', '0'), ('OLDPWD', '/home/jnu/go2_ws/src'), ('DESKTOP_SESSION', 'ubuntu'), ('ROS_PYTHON_VERSION', '3'), ('GNOME_SHELL_SESSION_MODE', 'ubuntu'), ('GTK_MODULES', 'gail:atk-bridge'), ('LC_MONETARY', 'ko_KR.UTF-8'), ('MANAGERPID', '1735'), ('SYSTEMD_EXEC_PID', '2210'), ('DBUS_SESSION_BUS_ADDRESS', 'unix:path=/run/user/1000/bus'), ('COLORTERM', 'truecolor'), ('_CE_M', ''), ('TERMINATOR_DBUS_NAME', 'net.tenshu.Terminator23558193cd9818af7fe4d2c2f5bd9d00f'), ('GIO_LAUNCHED_DESKTOP_FILE_PID', '50688'), ('IM_CONFIG_PHASE', '1'), ('ROS_DISTRO', 'humble'), ('GTK_IM_MODULE', 'ibus'), ('LOGNAME', 'jnu'), ('JOURNAL_STREAM', '8:13504'), ('_', '/usr/bin/colcon'), ('ROS_VERSION', '2'), ('XDG_SESSION_CLASS', 'user'), ('USERNAME', 'jnu'), ('TERM', 'xterm-256color'), ('GNOME_DESKTOP_SESSION_ID', 'this-is-deprecated'), ('_CE_CONDA', ''), ('ROS_LOCALHOST_ONLY', '0'), ('WINDOWPATH', '2'), ('PATH', '/opt/ros/humble/bin:/home/jnu/anaconda3/condabin:/usr/local/cuda-11.8/bin:/home/jnu/.local/bin:/usr/local/sbin:/usr/local/bin:/usr/sbin:/usr/bin:/sbin:/bin:/usr/games:/usr/local/games:/snap/bin:/snap/bin'), ('SESSION_MANAGER', 'local/JNU-1:@/tmp/.ICE-unix/1960,unix/JNU-1:/tmp/.ICE-unix/1960'), ('INVOCATION_ID', '626ef355527a45d284069bc1bba02c8f'), ('PAPERSIZE', 'a4'), ('XDG_MENU_PREFIX', 'gnome-'), ('LC_ADDRESS', 'ko_KR.UTF-8'), ('XDG_RUNTIME_DIR', '/run/user/1000'), ('DISPLAY', ':1'), ('TERMINATOR_DBUS_PATH', '/net/tenshu/Terminator2'), ('LANG', 'ko_KR.UTF-8'), ('XDG_CURRENT_DESKTOP', 'ubuntu:GNOME'), ('IBUS_DISABLE_SNOOPER', '1'), ('LC_TELEPHONE', 'ko_KR.UTF-8'), ('XMODIFIERS', '@im=ibus'), ('XDG_SESSION_DESKTOP', 'ubuntu'), ('XAUTHORITY', '/run/user/1000/gdm/Xauthority'), ('LS_COLORS', 'rs=0:di=01;34:ln=01;36:mh=00:pi=40;33:so=01;35:do=01;35:bd=40;33;01:cd=40;33;01:or=40;31;01:mi=00:su=37;41:sg=30;43:ca=30;41:tw=30;42:ow=34;42:st=37;44:ex=01;32:*.tar=01;31:*.tgz=01;31:*.arc=01;31:*.arj=01;31:*.taz=01;31:*.lha=01;31:*.lz4=01;31:*.lzh=01;31:*.lzma=01;31:*.tlz=01;31:*.txz=01;31:*.tzo=01;31:*.t7z=01;31:*.zip=01;31:*.z=01;31:*.dz=01;31:*.gz=01;31:*.lrz=01;31:*.lz=01;31:*.lzo=01;31:*.xz=01;31:*.zst=01;31:*.tzst=01;31:*.bz2=01;31:*.bz=01;31:*.tbz=01;31:*.tbz2=01;31:*.tz=01;31:*.deb=01;31:*.rpm=01;31:*.jar=01;31:*.war=01;31:*.ear=01;31:*.sar=01;31:*.rar=01;31:*.alz=01;31:*.ace=01;31:*.zoo=01;31:*.cpio=01;31:*.7z=01;31:*.rz=01;31:*.cab=01;31:*.wim=01;31:*.swm=01;31:*.dwm=01;31:*.esd=01;31:*.jpg=01;35:*.jpeg=01;35:*.mjpg=01;35:*.mjpeg=01;35:*.gif=01;35:*.bmp=01;35:*.pbm=01;35:*.pgm=01;35:*.ppm=01;35:*.tga=01;35:*.xbm=01;35:*.xpm=01;35:*.tif=01;35:*.tiff=01;35:*.png=01;35:*.svg=01;35:*.svgz=01;35:*.mng=01;35:*.pcx=01;35:*.mov=01;35:*.mpg=01;35:*.mpeg=01;35:*.m2v=01;35:*.mkv=01;35:*.webm=01;35:*.webp=01;35:*.ogm=01;35:*.mp4=01;35:*.m4v=01;35:*.mp4v=01;35:*.vob=01;35:*.qt=01;35:*.nuv=01;35:*.wmv=01;35:*.asf=01;35:*.rm=01;35:*.rmvb=01;35:*.flc=01;35:*.avi=01;35:*.fli=01;35:*.flv=01;35:*.gl=01;35:*.dl=01;35:*.xcf=01;35:*.xwd=01;35:*.yuv=01;35:*.cgm=01;35:*.emf=01;35:*.ogv=01;35:*.ogx=01;35:*.aac=00;36:*.au=00;36:*.flac=00;36:*.m4a=00;36:*.mid=00;36:*.midi=00;36:*.mka=00;36:*.mp3=00;36:*.mpc=00;36:*.ogg=00;36:*.ra=00;36:*.wav=00;36:*.oga=00;36:*.opus=00;36:*.spx=00;36:*.xspf=00;36:'), ('SSH_AGENT_LAUNCHER', 'gnome-keyring'), ('SSH_AUTH_SOCK', '/run/user/1000/keyring/ssh'), ('AMENT_PREFIX_PATH', '/opt/ros/humble'), ('CONDA_PYTHON_EXE', '/home/jnu/anaconda3/bin/python'), ('SHELL', '/bin/bash'), ('LC_NAME', 'ko_KR.UTF-8'), ('TERMINATOR_UUID', 'urn:uuid:9709fc55-99ce-401d-8324-b50ce6fb78e1'), ('QT_ACCESSIBILITY', '1'), ('GDMSESSION', 'ubuntu'), ('LESSCLOSE', '/usr/bin/lesspipe %s %s'), ('LC_MEASUREMENT', 'ko_KR.UTF-8'), ('GPG_AGENT_INFO', '/run/user/1000/gnupg/S.gpg-agent:0:1'), ('LC_IDENTIFICATION', 'ko_KR.UTF-8'), ('QT_IM_MODULE', 'ibus'), ('PWD', '/home/jnu/go2_ws/build/unitree_go'), ('CUDA_HOME', '/usr/local/cuda-11.8'), ('XDG_CONFIG_DIRS', '/etc/xdg/xdg-ubuntu:/etc/xdg'), ('CONDA_EXE', '/home/jnu/anaconda3/bin/conda'), ('XDG_DATA_DIRS', '/usr/share/ubuntu:/usr/share/gnome:/usr/local/share/:/usr/share/:/var/lib/snapd/desktop'), ('PYTHONPATH', '/opt/ros/humble/lib/python3.10/site-packages:/opt/ros/humble/local/lib/python3.10/dist-packages'), ('LC_NUMERIC', 'ko_KR.UTF-8'), ('LC_PAPER', 'ko_KR.UTF-8'), ('COLCON', '1'), ('VTE_VERSION', '6800'), ('CMAKE_PREFIX_PATH', '/opt/ros/humble')]), 'shell': False}
[0.010461] (go2_description) JobProgress: {'identifier': 'go2_description', 'progress': 'cmake'}
[0.010633] (go2_description) Command: {'cmd': ['/usr/bin/cmake', '/home/jnu/go2_ws/src/go2_description', '-DAMENT_CMAKE_SYMLINK_INSTALL=1', '-DCMAKE_INSTALL_PREFIX=/home/jnu/go2_ws/install/go2_description'], 'cwd': '/home/jnu/go2_ws/build/go2_description', 'env': OrderedDict([('LESSOPEN', '| /usr/bin/lesspipe %s'), ('LANGUAGE', 'ko:en'), ('USER', 'jnu'), ('LC_TIME', 'ko_KR.UTF-8'), ('XDG_SESSION_TYPE', 'x11'), ('SHLVL', '1'), ('LD_LIBRARY_PATH', '/opt/ros/humble/opt/rviz_ogre_vendor/lib:/opt/ros/humble/lib/x86_64-linux-gnu:/opt/ros/humble/lib:/usr/local/cuda-11.8/lib64:'), ('HOME', '/home/jnu'), ('CONDA_SHLVL', '0'), ('OLDPWD', '/home/jnu/go2_ws/src'), ('DESKTOP_SESSION', 'ubuntu'), ('ROS_PYTHON_VERSION', '3'), ('GNOME_SHELL_SESSION_MODE', 'ubuntu'), ('GTK_MODULES', 'gail:atk-bridge'), ('LC_MONETARY', 'ko_KR.UTF-8'), ('MANAGERPID', '1735'), ('SYSTEMD_EXEC_PID', '2210'), ('DBUS_SESSION_BUS_ADDRESS', 'unix:path=/run/user/1000/bus'), ('COLORTERM', 'truecolor'), ('_CE_M', ''), ('TERMINATOR_DBUS_NAME', 'net.tenshu.Terminator23558193cd9818af7fe4d2c2f5bd9d00f'), ('GIO_LAUNCHED_DESKTOP_FILE_PID', '50688'), ('IM_CONFIG_PHASE', '1'), ('ROS_DISTRO', 'humble'), ('GTK_IM_MODULE', 'ibus'), ('LOGNAME', 'jnu'), ('JOURNAL_STREAM', '8:13504'), ('_', '/usr/bin/colcon'), ('ROS_VERSION', '2'), ('XDG_SESSION_CLASS', 'user'), ('USERNAME', 'jnu'), ('TERM', 'xterm-256color'), ('GNOME_DESKTOP_SESSION_ID', 'this-is-deprecated'), ('_CE_CONDA', ''), ('ROS_LOCALHOST_ONLY', '0'), ('WINDOWPATH', '2'), ('PATH', '/opt/ros/humble/bin:/home/jnu/anaconda3/condabin:/usr/local/cuda-11.8/bin:/home/jnu/.local/bin:/usr/local/sbin:/usr/local/bin:/usr/sbin:/usr/bin:/sbin:/bin:/usr/games:/usr/local/games:/snap/bin:/snap/bin'), ('SESSION_MANAGER', 'local/JNU-1:@/tmp/.ICE-unix/1960,unix/JNU-1:/tmp/.ICE-unix/1960'), ('INVOCATION_ID', '626ef355527a45d284069bc1bba02c8f'), ('PAPERSIZE', 'a4'), ('XDG_MENU_PREFIX', 'gnome-'), ('LC_ADDRESS', 'ko_KR.UTF-8'), ('XDG_RUNTIME_DIR', '/run/user/1000'), ('DISPLAY', ':1'), ('TERMINATOR_DBUS_PATH', '/net/tenshu/Terminator2'), ('LANG', 'ko_KR.UTF-8'), ('XDG_CURRENT_DESKTOP', 'ubuntu:GNOME'), ('IBUS_DISABLE_SNOOPER', '1'), ('LC_TELEPHONE', 'ko_KR.UTF-8'), ('XMODIFIERS', '@im=ibus'), ('XDG_SESSION_DESKTOP', 'ubuntu'), ('XAUTHORITY', '/run/user/1000/gdm/Xauthority'), ('LS_COLORS', 'rs=0:di=01;34:ln=01;36:mh=00:pi=40;33:so=01;35:do=01;35:bd=40;33;01:cd=40;33;01:or=40;31;01:mi=00:su=37;41:sg=30;43:ca=30;41:tw=30;42:ow=34;42:st=37;44:ex=01;32:*.tar=01;31:*.tgz=01;31:*.arc=01;31:*.arj=01;31:*.taz=01;31:*.lha=01;31:*.lz4=01;31:*.lzh=01;31:*.lzma=01;31:*.tlz=01;31:*.txz=01;31:*.tzo=01;31:*.t7z=01;31:*.zip=01;31:*.z=01;31:*.dz=01;31:*.gz=01;31:*.lrz=01;31:*.lz=01;31:*.lzo=01;31:*.xz=01;31:*.zst=01;31:*.tzst=01;31:*.bz2=01;31:*.bz=01;31:*.tbz=01;31:*.tbz2=01;31:*.tz=01;31:*.deb=01;31:*.rpm=01;31:*.jar=01;31:*.war=01;31:*.ear=01;31:*.sar=01;31:*.rar=01;31:*.alz=01;31:*.ace=01;31:*.zoo=01;31:*.cpio=01;31:*.7z=01;31:*.rz=01;31:*.cab=01;31:*.wim=01;31:*.swm=01;31:*.dwm=01;31:*.esd=01;31:*.jpg=01;35:*.jpeg=01;35:*.mjpg=01;35:*.mjpeg=01;35:*.gif=01;35:*.bmp=01;35:*.pbm=01;35:*.pgm=01;35:*.ppm=01;35:*.tga=01;35:*.xbm=01;35:*.xpm=01;35:*.tif=01;35:*.tiff=01;35:*.png=01;35:*.svg=01;35:*.svgz=01;35:*.mng=01;35:*.pcx=01;35:*.mov=01;35:*.mpg=01;35:*.mpeg=01;35:*.m2v=01;35:*.mkv=01;35:*.webm=01;35:*.webp=01;35:*.ogm=01;35:*.mp4=01;35:*.m4v=01;35:*.mp4v=01;35:*.vob=01;35:*.qt=01;35:*.nuv=01;35:*.wmv=01;35:*.asf=01;35:*.rm=01;35:*.rmvb=01;35:*.flc=01;35:*.avi=01;35:*.fli=01;35:*.flv=01;35:*.gl=01;35:*.dl=01;35:*.xcf=01;35:*.xwd=01;35:*.yuv=01;35:*.cgm=01;35:*.emf=01;35:*.ogv=01;35:*.ogx=01;35:*.aac=00;36:*.au=00;36:*.flac=00;36:*.m4a=00;36:*.mid=00;36:*.midi=00;36:*.mka=00;36:*.mp3=00;36:*.mpc=00;36:*.ogg=00;36:*.ra=00;36:*.wav=00;36:*.oga=00;36:*.opus=00;36:*.spx=00;36:*.xspf=00;36:'), ('SSH_AGENT_LAUNCHER', 'gnome-keyring'), ('SSH_AUTH_SOCK', '/run/user/1000/keyring/ssh'), ('AMENT_PREFIX_PATH', '/opt/ros/humble'), ('CONDA_PYTHON_EXE', '/home/jnu/anaconda3/bin/python'), ('SHELL', '/bin/bash'), ('LC_NAME', 'ko_KR.UTF-8'), ('TERMINATOR_UUID', 'urn:uuid:9709fc55-99ce-401d-8324-b50ce6fb78e1'), ('QT_ACCESSIBILITY', '1'), ('GDMSESSION', 'ubuntu'), ('LESSCLOSE', '/usr/bin/lesspipe %s %s'), ('LC_MEASUREMENT', 'ko_KR.UTF-8'), ('GPG_AGENT_INFO', '/run/user/1000/gnupg/S.gpg-agent:0:1'), ('LC_IDENTIFICATION', 'ko_KR.UTF-8'), ('QT_IM_MODULE', 'ibus'), ('PWD', '/home/jnu/go2_ws/build/go2_description'), ('CUDA_HOME', '/usr/local/cuda-11.8'), ('XDG_CONFIG_DIRS', '/etc/xdg/xdg-ubuntu:/etc/xdg'), ('CONDA_EXE', '/home/jnu/anaconda3/bin/conda'), ('XDG_DATA_DIRS', '/usr/share/ubuntu:/usr/share/gnome:/usr/local/share/:/usr/share/:/var/lib/snapd/desktop'), ('PYTHONPATH', '/opt/ros/humble/lib/python3.10/site-packages:/opt/ros/humble/local/lib/python3.10/dist-packages'), ('LC_NUMERIC', 'ko_KR.UTF-8'), ('LC_PAPER', 'ko_KR.UTF-8'), ('COLCON', '1'), ('VTE_VERSION', '6800'), ('CMAKE_PREFIX_PATH', '/opt/ros/humble')]), 'shell': False}
[0.012394] (go2_rviz) JobProgress: {'identifier': 'go2_rviz', 'progress': 'cmake'}
[0.012607] (go2_rviz) Command: {'cmd': ['/usr/bin/cmake', '/home/jnu/go2_ws/src/go2_rviz', '-DAMENT_CMAKE_SYMLINK_INSTALL=1', '-DCMAKE_INSTALL_PREFIX=/home/jnu/go2_ws/install/go2_rviz'], 'cwd': '/home/jnu/go2_ws/build/go2_rviz', 'env': OrderedDict([('LESSOPEN', '| /usr/bin/lesspipe %s'), ('LANGUAGE', 'ko:en'), ('USER', 'jnu'), ('LC_TIME', 'ko_KR.UTF-8'), ('XDG_SESSION_TYPE', 'x11'), ('SHLVL', '1'), ('LD_LIBRARY_PATH', '/opt/ros/humble/opt/rviz_ogre_vendor/lib:/opt/ros/humble/lib/x86_64-linux-gnu:/opt/ros/humble/lib:/usr/local/cuda-11.8/lib64:'), ('HOME', '/home/jnu'), ('CONDA_SHLVL', '0'), ('OLDPWD', '/home/jnu/go2_ws/src'), ('DESKTOP_SESSION', 'ubuntu'), ('ROS_PYTHON_VERSION', '3'), ('GNOME_SHELL_SESSION_MODE', 'ubuntu'), ('GTK_MODULES', 'gail:atk-bridge'), ('LC_MONETARY', 'ko_KR.UTF-8'), ('MANAGERPID', '1735'), ('SYSTEMD_EXEC_PID', '2210'), ('DBUS_SESSION_BUS_ADDRESS', 'unix:path=/run/user/1000/bus'), ('COLORTERM', 'truecolor'), ('_CE_M', ''), ('TERMINATOR_DBUS_NAME', 'net.tenshu.Terminator23558193cd9818af7fe4d2c2f5bd9d00f'), ('GIO_LAUNCHED_DESKTOP_FILE_PID', '50688'), ('IM_CONFIG_PHASE', '1'), ('ROS_DISTRO', 'humble'), ('GTK_IM_MODULE', 'ibus'), ('LOGNAME', 'jnu'), ('JOURNAL_STREAM', '8:13504'), ('_', '/usr/bin/colcon'), ('ROS_VERSION', '2'), ('XDG_SESSION_CLASS', 'user'), ('USERNAME', 'jnu'), ('TERM', 'xterm-256color'), ('GNOME_DESKTOP_SESSION_ID', 'this-is-deprecated'), ('_CE_CONDA', ''), ('ROS_LOCALHOST_ONLY', '0'), ('WINDOWPATH', '2'), ('PATH', '/opt/ros/humble/bin:/home/jnu/anaconda3/condabin:/usr/local/cuda-11.8/bin:/home/jnu/.local/bin:/usr/local/sbin:/usr/local/bin:/usr/sbin:/usr/bin:/sbin:/bin:/usr/games:/usr/local/games:/snap/bin:/snap/bin'), ('SESSION_MANAGER', 'local/JNU-1:@/tmp/.ICE-unix/1960,unix/JNU-1:/tmp/.ICE-unix/1960'), ('INVOCATION_ID', '626ef355527a45d284069bc1bba02c8f'), ('PAPERSIZE', 'a4'), ('XDG_MENU_PREFIX', 'gnome-'), ('LC_ADDRESS', 'ko_KR.UTF-8'), ('XDG_RUNTIME_DIR', '/run/user/1000'), ('DISPLAY', ':1'), ('TERMINATOR_DBUS_PATH', '/net/tenshu/Terminator2'), ('LANG', 'ko_KR.UTF-8'), ('XDG_CURRENT_DESKTOP', 'ubuntu:GNOME'), ('IBUS_DISABLE_SNOOPER', '1'), ('LC_TELEPHONE', 'ko_KR.UTF-8'), ('XMODIFIERS', '@im=ibus'), ('XDG_SESSION_DESKTOP', 'ubuntu'), ('XAUTHORITY', '/run/user/1000/gdm/Xauthority'), ('LS_COLORS', 'rs=0:di=01;34:ln=01;36:mh=00:pi=40;33:so=01;35:do=01;35:bd=40;33;01:cd=40;33;01:or=40;31;01:mi=00:su=37;41:sg=30;43:ca=30;41:tw=30;42:ow=34;42:st=37;44:ex=01;32:*.tar=01;31:*.tgz=01;31:*.arc=01;31:*.arj=01;31:*.taz=01;31:*.lha=01;31:*.lz4=01;31:*.lzh=01;31:*.lzma=01;31:*.tlz=01;31:*.txz=01;31:*.tzo=01;31:*.t7z=01;31:*.zip=01;31:*.z=01;31:*.dz=01;31:*.gz=01;31:*.lrz=01;31:*.lz=01;31:*.lzo=01;31:*.xz=01;31:*.zst=01;31:*.tzst=01;31:*.bz2=01;31:*.bz=01;31:*.tbz=01;31:*.tbz2=01;31:*.tz=01;31:*.deb=01;31:*.rpm=01;31:*.jar=01;31:*.war=01;31:*.ear=01;31:*.sar=01;31:*.rar=01;31:*.alz=01;31:*.ace=01;31:*.zoo=01;31:*.cpio=01;31:*.7z=01;31:*.rz=01;31:*.cab=01;31:*.wim=01;31:*.swm=01;31:*.dwm=01;31:*.esd=01;31:*.jpg=01;35:*.jpeg=01;35:*.mjpg=01;35:*.mjpeg=01;35:*.gif=01;35:*.bmp=01;35:*.pbm=01;35:*.pgm=01;35:*.ppm=01;35:*.tga=01;35:*.xbm=01;35:*.xpm=01;35:*.tif=01;35:*.tiff=01;35:*.png=01;35:*.svg=01;35:*.svgz=01;35:*.mng=01;35:*.pcx=01;35:*.mov=01;35:*.mpg=01;35:*.mpeg=01;35:*.m2v=01;35:*.mkv=01;35:*.webm=01;35:*.webp=01;35:*.ogm=01;35:*.mp4=01;35:*.m4v=01;35:*.mp4v=01;35:*.vob=01;35:*.qt=01;35:*.nuv=01;35:*.wmv=01;35:*.asf=01;35:*.rm=01;35:*.rmvb=01;35:*.flc=01;35:*.avi=01;35:*.fli=01;35:*.flv=01;35:*.gl=01;35:*.dl=01;35:*.xcf=01;35:*.xwd=01;35:*.yuv=01;35:*.cgm=01;35:*.emf=01;35:*.ogv=01;35:*.ogx=01;35:*.aac=00;36:*.au=00;36:*.flac=00;36:*.m4a=00;36:*.mid=00;36:*.midi=00;36:*.mka=00;36:*.mp3=00;36:*.mpc=00;36:*.ogg=00;36:*.ra=00;36:*.wav=00;36:*.oga=00;36:*.opus=00;36:*.spx=00;36:*.xspf=00;36:'), ('SSH_AGENT_LAUNCHER', 'gnome-keyring'), ('SSH_AUTH_SOCK', '/run/user/1000/keyring/ssh'), ('AMENT_PREFIX_PATH', '/opt/ros/humble'), ('CONDA_PYTHON_EXE', '/home/jnu/anaconda3/bin/python'), ('SHELL', '/bin/bash'), ('LC_NAME', 'ko_KR.UTF-8'), ('TERMINATOR_UUID', 'urn:uuid:9709fc55-99ce-401d-8324-b50ce6fb78e1'), ('QT_ACCESSIBILITY', '1'), ('GDMSESSION', 'ubuntu'), ('LESSCLOSE', '/usr/bin/lesspipe %s %s'), ('LC_MEASUREMENT', 'ko_KR.UTF-8'), ('GPG_AGENT_INFO', '/run/user/1000/gnupg/S.gpg-agent:0:1'), ('LC_IDENTIFICATION', 'ko_KR.UTF-8'), ('QT_IM_MODULE', 'ibus'), ('PWD', '/home/jnu/go2_ws/build/go2_rviz'), ('CUDA_HOME', '/usr/local/cuda-11.8'), ('XDG_CONFIG_DIRS', '/etc/xdg/xdg-ubuntu:/etc/xdg'), ('CONDA_EXE', '/home/jnu/anaconda3/bin/conda'), ('XDG_DATA_DIRS', '/usr/share/ubuntu:/usr/share/gnome:/usr/local/share/:/usr/share/:/var/lib/snapd/desktop'), ('PYTHONPATH', '/opt/ros/humble/lib/python3.10/site-packages:/opt/ros/humble/local/lib/python3.10/dist-packages'), ('LC_NUMERIC', 'ko_KR.UTF-8'), ('LC_PAPER', 'ko_KR.UTF-8'), ('COLCON', '1'), ('VTE_VERSION', '6800'), ('CMAKE_PREFIX_PATH', '/opt/ros/humble')]), 'shell': False}
[0.035626] (go2_interfaces) StdoutLine: {'line': b'-- The C compiler identification is GNU 11.4.0\n'}
[0.042240] (unitree_api) StdoutLine: {'line': b'-- The C compiler identification is GNU 11.4.0\n'}
[0.042449] (unitree_go) StdoutLine: {'line': b'-- The C compiler identification is GNU 11.4.0\n'}
[0.044324] (go2_description) StdoutLine: {'line': b'-- The C compiler identification is GNU 11.4.0\n'}
[0.044446] (go2_rviz) StdoutLine: {'line': b'-- The C compiler identification is GNU 11.4.0\n'}
[0.064973] (go2_interfaces) StdoutLine: {'line': b'-- The CXX compiler identification is GNU 11.4.0\n'}
[0.068618] (go2_interfaces) StdoutLine: {'line': b'-- Detecting C compiler ABI info\n'}
[0.070853] (go2_rviz) StdoutLine: {'line': b'-- The CXX compiler identification is GNU 11.4.0\n'}
[0.072277] (unitree_go) StdoutLine: {'line': b'-- The CXX compiler identification is GNU 11.4.0\n'}
[0.074361] (unitree_api) StdoutLine: {'line': b'-- The CXX compiler identification is GNU 11.4.0\n'}
[0.075425] (go2_rviz) StdoutLine: {'line': b'-- Detecting C compiler ABI info\n'}
[0.075520] (go2_description) StdoutLine: {'line': b'-- The CXX compiler identification is GNU 11.4.0\n'}
[0.075964] (unitree_go) StdoutLine: {'line': b'-- Detecting C compiler ABI info\n'}
[0.079203] (go2_description) StdoutLine: {'line': b'-- Detecting C compiler ABI info\n'}
[0.079306] (unitree_api) StdoutLine: {'line': b'-- Detecting C compiler ABI info\n'}
[0.099627] (-) TimerEvent: {}
[0.112658] (go2_description) StdoutLine: {'line': b'-- Detecting C compiler ABI info - done\n'}
[0.113765] (go2_interfaces) StdoutLine: {'line': b'-- Detecting C compiler ABI info - done\n'}
[0.115889] (go2_rviz) StdoutLine: {'line': b'-- Detecting C compiler ABI info - done\n'}
[0.116064] (unitree_go) StdoutLine: {'line': b'-- Detecting C compiler ABI info - done\n'}
[0.116272] (go2_description) StdoutLine: {'line': b'-- Check for working C compiler: /usr/bin/cc - skipped\n'}
[0.116458] (go2_description) StdoutLine: {'line': b'-- Detecting C compile features\n'}
[0.116705] (go2_description) StdoutLine: {'line': b'-- Detecting C compile features - done\n'}
[0.118052] (go2_interfaces) StdoutLine: {'line': b'-- Check for working C compiler: /usr/bin/cc - skipped\n'}
[0.118125] (go2_description) StdoutLine: {'line': b'-- Detecting CXX compiler ABI info\n'}
[0.118192] (go2_interfaces) StdoutLine: {'line': b'-- Detecting C compile features\n'}
[0.118375] (go2_interfaces) StdoutLine: {'line': b'-- Detecting C compile features - done\n'}
[0.119429] (go2_rviz) StdoutLine: {'line': b'-- Check for working C compiler: /usr/bin/cc - skipped\n'}
[0.119576] (go2_rviz) StdoutLine: {'line': b'-- Detecting C compile features\n'}
[0.119758] (go2_rviz) StdoutLine: {'line': b'-- Detecting C compile features - done\n'}
[0.119830] (go2_interfaces) StdoutLine: {'line': b'-- Detecting CXX compiler ABI info\n'}
[0.119896] (unitree_go) StdoutLine: {'line': b'-- Check for working C compiler: /usr/bin/cc - skipped\n'}
[0.119956] (unitree_go) StdoutLine: {'line': b'-- Detecting C compile features\n'}
[0.120081] (unitree_go) StdoutLine: {'line': b'-- Detecting C compile features - done\n'}
[0.120753] (unitree_api) StdoutLine: {'line': b'-- Detecting C compiler ABI info - done\n'}
[0.121150] (go2_rviz) StdoutLine: {'line': b'-- Detecting CXX compiler ABI info\n'}
[0.121509] (unitree_go) StdoutLine: {'line': b'-- Detecting CXX compiler ABI info\n'}
[0.126555] (unitree_api) StdoutLine: {'line': b'-- Check for working C compiler: /usr/bin/cc - skipped\n'}
[0.126693] (unitree_api) StdoutLine: {'line': b'-- Detecting C compile features\n'}
[0.126986] (unitree_api) StdoutLine: {'line': b'-- Detecting C compile features - done\n'}
[0.128789] (unitree_api) StdoutLine: {'line': b'-- Detecting CXX compiler ABI info\n'}
[0.162121] (go2_interfaces) StdoutLine: {'line': b'-- Detecting CXX compiler ABI info - done\n'}
[0.162398] (go2_description) StdoutLine: {'line': b'-- Detecting CXX compiler ABI info - done\n'}
[0.165295] (unitree_go) StdoutLine: {'line': b'-- Detecting CXX compiler ABI info - done\n'}
[0.165841] (go2_interfaces) StdoutLine: {'line': b'-- Check for working CXX compiler: /usr/bin/c++ - skipped\n'}
[0.165989] (go2_interfaces) StdoutLine: {'line': b'-- Detecting CXX compile features\n'}
[0.166229] (go2_interfaces) StdoutLine: {'line': b'-- Detecting CXX compile features - done\n'}
[0.166806] (go2_rviz) StdoutLine: {'line': b'-- Detecting CXX compiler ABI info - done\n'}
[0.167360] (go2_interfaces) StdoutLine: {'line': b'-- Found rosidl_default_generators: 1.2.0 (/opt/ros/humble/share/rosidl_default_generators/cmake)\n'}
[0.167918] (go2_interfaces) StdoutLine: {'line': b'-- Found ament_cmake_core: 1.3.12 (/opt/ros/humble/share/ament_cmake_core/cmake)\n'}
[0.168320] (go2_description) StdoutLine: {'line': b'-- Check for working CXX compiler: /usr/bin/c++ - skipped\n'}
[0.168553] (go2_description) StdoutLine: {'line': b'-- Detecting CXX compile features\n'}
[0.168811] (unitree_api) StdoutLine: {'line': b'-- Detecting CXX compiler ABI info - done\n'}
[0.168908] (unitree_go) StdoutLine: {'line': b'-- Check for working CXX compiler: /usr/bin/c++ - skipped\n'}
[0.168974] (go2_description) StdoutLine: {'line': b'-- Detecting CXX compile features - done\n'}
[0.169064] (unitree_go) StdoutLine: {'line': b'-- Detecting CXX compile features\n'}
[0.169284] (unitree_go) StdoutLine: {'line': b'-- Detecting CXX compile features - done\n'}
[0.170172] (unitree_go) StdoutLine: {'line': b'-- Found ament_cmake: 1.3.12 (/opt/ros/humble/share/ament_cmake/cmake)\n'}
[0.170455] (go2_description) StdoutLine: {'line': b'-- Found ament_cmake: 1.3.12 (/opt/ros/humble/share/ament_cmake/cmake)\n'}
[0.171926] (go2_rviz) StdoutLine: {'line': b'-- Check for working CXX compiler: /usr/bin/c++ - skipped\n'}
[0.172087] (go2_rviz) StdoutLine: {'line': b'-- Detecting CXX compile features\n'}
[0.172313] (go2_rviz) StdoutLine: {'line': b'-- Detecting CXX compile features - done\n'}
[0.172395] (unitree_api) StdoutLine: {'line': b'-- Check for working CXX compiler: /usr/bin/c++ - skipped\n'}
[0.172546] (unitree_api) StdoutLine: {'line': b'-- Detecting CXX compile features\n'}
[0.172775] (unitree_api) StdoutLine: {'line': b'-- Detecting CXX compile features - done\n'}
[0.173135] (go2_rviz) StdoutLine: {'line': b'-- Found ament_cmake: 1.3.12 (/opt/ros/humble/share/ament_cmake/cmake)\n'}
[0.173611] (unitree_api) StdoutLine: {'line': b'-- Found ament_cmake: 1.3.12 (/opt/ros/humble/share/ament_cmake/cmake)\n'}
[0.199707] (-) TimerEvent: {}
[0.251756] (go2_rviz) StdoutLine: {'line': b'-- Found Python3: /usr/bin/python3 (found version "3.10.12") found components: Interpreter \n'}
[0.253146] (unitree_go) StdoutLine: {'line': b'-- Found Python3: /usr/bin/python3 (found version "3.10.12") found components: Interpreter \n'}
[0.253865] (go2_interfaces) StdoutLine: {'line': b'-- Found Python3: /usr/bin/python3 (found version "3.10.12") found components: Interpreter \n'}
[0.255762] (go2_description) StdoutLine: {'line': b'-- Found Python3: /usr/bin/python3 (found version "3.10.12") found components: Interpreter \n'}
[0.259299] (unitree_api) StdoutLine: {'line': b'-- Found Python3: /usr/bin/python3 (found version "3.10.12") found components: Interpreter \n'}
[0.284658] (go2_rviz) StdoutLine: {'line': b'-- Override CMake install command with custom implementation using symlinks instead of copying resources\n'}
[0.285230] (go2_interfaces) StdoutLine: {'line': b'-- Override CMake install command with custom implementation using symlinks instead of copying resources\n'}
[0.285585] (go2_description) StdoutLine: {'line': b'-- Override CMake install command with custom implementation using symlinks instead of copying resources\n'}
[0.287990] (go2_interfaces) StdoutLine: {'line': b'-- Using all available rosidl_typesupport_c: rosidl_typesupport_fastrtps_c;rosidl_typesupport_introspection_c\n'}
[0.289618] (unitree_go) StdoutLine: {'line': b'-- Override CMake install command with custom implementation using symlinks instead of copying resources\n'}
[0.290842] (go2_interfaces) StdoutLine: {'line': b'-- Found rosidl_adapter: 3.1.7 (/opt/ros/humble/share/rosidl_adapter/cmake)\n'}
[0.292161] (unitree_api) StdoutLine: {'line': b'-- Override CMake install command with custom implementation using symlinks instead of copying resources\n'}
[0.294963] (go2_rviz) StdoutLine: {'line': b'-- Found ament_lint_auto: 0.12.14 (/opt/ros/humble/share/ament_lint_auto/cmake)\n'}
[0.295344] (go2_description) StdoutLine: {'line': b'-- Found ament_lint_auto: 0.12.14 (/opt/ros/humble/share/ament_lint_auto/cmake)\n'}
[0.299767] (-) TimerEvent: {}
[0.305063] (unitree_go) StdoutLine: {'line': b'-- Found rosidl_default_generators: 1.2.0 (/opt/ros/humble/share/rosidl_default_generators/cmake)\n'}
[0.306754] (unitree_go) StdoutLine: {'line': b'-- Using all available rosidl_typesupport_c: rosidl_typesupport_fastrtps_c;rosidl_typesupport_introspection_c\n'}
[0.307135] (unitree_api) StdoutLine: {'line': b'-- Found geometry_msgs: 4.9.0 (/opt/ros/humble/share/geometry_msgs/cmake)\n'}
[0.309910] (unitree_go) StdoutLine: {'line': b'-- Found rosidl_adapter: 3.1.7 (/opt/ros/humble/share/rosidl_adapter/cmake)\n'}
[0.318315] (go2_interfaces) StdoutLine: {'line': b'-- Using all available rosidl_typesupport_cpp: rosidl_typesupport_fastrtps_cpp;rosidl_typesupport_introspection_cpp\n'}
[0.326562] (unitree_api) StdoutLine: {'line': b'-- Found rosidl_generator_c: 3.1.7 (/opt/ros/humble/share/rosidl_generator_c/cmake)\n'}
[0.327806] (unitree_go) StdoutLine: {'line': b'-- Using all available rosidl_typesupport_cpp: rosidl_typesupport_fastrtps_cpp;rosidl_typesupport_introspection_cpp\n'}
[0.328457] (unitree_api) StdoutLine: {'line': b'-- Found rosidl_adapter: 3.1.7 (/opt/ros/humble/share/rosidl_adapter/cmake)\n'}
[0.331897] (unitree_api) StdoutLine: {'line': b'-- Found rosidl_generator_cpp: 3.1.7 (/opt/ros/humble/share/rosidl_generator_cpp/cmake)\n'}
[0.334551] (go2_interfaces) StdoutLine: {'line': b'-- Found std_msgs: 4.9.0 (/opt/ros/humble/share/std_msgs/cmake)\n'}
[0.336088] (go2_rviz) StdoutLine: {'line': b"-- Added test 'flake8' to check Python code syntax and style conventions\n"}
[0.336268] (go2_description) StdoutLine: {'line': b"-- Added test 'flake8' to check Python code syntax and style conventions\n"}
[0.336555] (go2_rviz) StdoutLine: {'line': b"-- Added test 'lint_cmake' to check CMake code style\n"}
[0.336739] (go2_description) StdoutLine: {'line': b"-- Added test 'lint_cmake' to check CMake code style\n"}
[0.336855] (go2_rviz) StdoutLine: {'line': b"-- Added test 'pep257' to check Python code against some of the docstring style conventions in PEP 257\n"}
[0.336920] (unitree_api) StdoutLine: {'line': b'-- Using all available rosidl_typesupport_c: rosidl_typesupport_fastrtps_c;rosidl_typesupport_introspection_c\n'}
[0.337036] (go2_description) StdoutLine: {'line': b"-- Added test 'pep257' to check Python code against some of the docstring style conventions in PEP 257\n"}
[0.338121] (go2_rviz) StdoutLine: {'line': b"-- Added test 'xmllint' to check XML markup files\n"}
[0.338613] (go2_description) StdoutLine: {'line': b"-- Added test 'xmllint' to check XML markup files\n"}
[0.338686] (go2_rviz) StdoutLine: {'line': b'-- Configuring done\n'}
[0.339175] (go2_description) StdoutLine: {'line': b'-- Configuring done\n'}
[0.339675] (go2_rviz) StdoutLine: {'line': b'-- Generating done\n'}
[0.340158] (go2_description) StdoutLine: {'line': b'-- Generating done\n'}
[0.340277] (go2_rviz) StdoutLine: {'line': b'-- Build files have been written to: /home/jnu/go2_ws/build/go2_rviz\n'}
[0.340765] (go2_description) StdoutLine: {'line': b'-- Build files have been written to: /home/jnu/go2_ws/build/go2_description\n'}
[0.341909] (unitree_go) StdoutLine: {'line': b'-- Found rosidl_generator_dds_idl: 0.8.1 (/opt/ros/humble/share/rosidl_generator_dds_idl/cmake)\n'}
[0.342889] (go2_rviz) CommandEnded: {'returncode': 0}
[0.343306] (go2_rviz) JobProgress: {'identifier': 'go2_rviz', 'progress': 'build'}
[0.343928] (go2_rviz) Command: {'cmd': ['/usr/bin/cmake', '--build', '/home/jnu/go2_ws/build/go2_rviz', '--', '-j24', '-l24'], 'cwd': '/home/jnu/go2_ws/build/go2_rviz', 'env': OrderedDict([('LESSOPEN', '| /usr/bin/lesspipe %s'), ('LANGUAGE', 'ko:en'), ('USER', 'jnu'), ('LC_TIME', 'ko_KR.UTF-8'), ('XDG_SESSION_TYPE', 'x11'), ('SHLVL', '1'), ('LD_LIBRARY_PATH', '/opt/ros/humble/opt/rviz_ogre_vendor/lib:/opt/ros/humble/lib/x86_64-linux-gnu:/opt/ros/humble/lib:/usr/local/cuda-11.8/lib64:'), ('HOME', '/home/jnu'), ('CONDA_SHLVL', '0'), ('OLDPWD', '/home/jnu/go2_ws/src'), ('DESKTOP_SESSION', 'ubuntu'), ('ROS_PYTHON_VERSION', '3'), ('GNOME_SHELL_SESSION_MODE', 'ubuntu'), ('GTK_MODULES', 'gail:atk-bridge'), ('LC_MONETARY', 'ko_KR.UTF-8'), ('MANAGERPID', '1735'), ('SYSTEMD_EXEC_PID', '2210'), ('DBUS_SESSION_BUS_ADDRESS', 'unix:path=/run/user/1000/bus'), ('COLORTERM', 'truecolor'), ('_CE_M', ''), ('TERMINATOR_DBUS_NAME', 'net.tenshu.Terminator23558193cd9818af7fe4d2c2f5bd9d00f'), ('GIO_LAUNCHED_DESKTOP_FILE_PID', '50688'), ('IM_CONFIG_PHASE', '1'), ('ROS_DISTRO', 'humble'), ('GTK_IM_MODULE', 'ibus'), ('LOGNAME', 'jnu'), ('JOURNAL_STREAM', '8:13504'), ('_', '/usr/bin/colcon'), ('ROS_VERSION', '2'), ('XDG_SESSION_CLASS', 'user'), ('USERNAME', 'jnu'), ('TERM', 'xterm-256color'), ('GNOME_DESKTOP_SESSION_ID', 'this-is-deprecated'), ('_CE_CONDA', ''), ('ROS_LOCALHOST_ONLY', '0'), ('WINDOWPATH', '2'), ('PATH', '/opt/ros/humble/bin:/home/jnu/anaconda3/condabin:/usr/local/cuda-11.8/bin:/home/jnu/.local/bin:/usr/local/sbin:/usr/local/bin:/usr/sbin:/usr/bin:/sbin:/bin:/usr/games:/usr/local/games:/snap/bin:/snap/bin'), ('SESSION_MANAGER', 'local/JNU-1:@/tmp/.ICE-unix/1960,unix/JNU-1:/tmp/.ICE-unix/1960'), ('INVOCATION_ID', '626ef355527a45d284069bc1bba02c8f'), ('PAPERSIZE', 'a4'), ('XDG_MENU_PREFIX', 'gnome-'), ('LC_ADDRESS', 'ko_KR.UTF-8'), ('XDG_RUNTIME_DIR', '/run/user/1000'), ('DISPLAY', ':1'), ('TERMINATOR_DBUS_PATH', '/net/tenshu/Terminator2'), ('LANG', 'ko_KR.UTF-8'), ('XDG_CURRENT_DESKTOP', 'ubuntu:GNOME'), ('IBUS_DISABLE_SNOOPER', '1'), ('LC_TELEPHONE', 'ko_KR.UTF-8'), ('XMODIFIERS', '@im=ibus'), ('XDG_SESSION_DESKTOP', 'ubuntu'), ('XAUTHORITY', '/run/user/1000/gdm/Xauthority'), ('LS_COLORS', 'rs=0:di=01;34:ln=01;36:mh=00:pi=40;33:so=01;35:do=01;35:bd=40;33;01:cd=40;33;01:or=40;31;01:mi=00:su=37;41:sg=30;43:ca=30;41:tw=30;42:ow=34;42:st=37;44:ex=01;32:*.tar=01;31:*.tgz=01;31:*.arc=01;31:*.arj=01;31:*.taz=01;31:*.lha=01;31:*.lz4=01;31:*.lzh=01;31:*.lzma=01;31:*.tlz=01;31:*.txz=01;31:*.tzo=01;31:*.t7z=01;31:*.zip=01;31:*.z=01;31:*.dz=01;31:*.gz=01;31:*.lrz=01;31:*.lz=01;31:*.lzo=01;31:*.xz=01;31:*.zst=01;31:*.tzst=01;31:*.bz2=01;31:*.bz=01;31:*.tbz=01;31:*.tbz2=01;31:*.tz=01;31:*.deb=01;31:*.rpm=01;31:*.jar=01;31:*.war=01;31:*.ear=01;31:*.sar=01;31:*.rar=01;31:*.alz=01;31:*.ace=01;31:*.zoo=01;31:*.cpio=01;31:*.7z=01;31:*.rz=01;31:*.cab=01;31:*.wim=01;31:*.swm=01;31:*.dwm=01;31:*.esd=01;31:*.jpg=01;35:*.jpeg=01;35:*.mjpg=01;35:*.mjpeg=01;35:*.gif=01;35:*.bmp=01;35:*.pbm=01;35:*.pgm=01;35:*.ppm=01;35:*.tga=01;35:*.xbm=01;35:*.xpm=01;35:*.tif=01;35:*.tiff=01;35:*.png=01;35:*.svg=01;35:*.svgz=01;35:*.mng=01;35:*.pcx=01;35:*.mov=01;35:*.mpg=01;35:*.mpeg=01;35:*.m2v=01;35:*.mkv=01;35:*.webm=01;35:*.webp=01;35:*.ogm=01;35:*.mp4=01;35:*.m4v=01;35:*.mp4v=01;35:*.vob=01;35:*.qt=01;35:*.nuv=01;35:*.wmv=01;35:*.asf=01;35:*.rm=01;35:*.rmvb=01;35:*.flc=01;35:*.avi=01;35:*.fli=01;35:*.flv=01;35:*.gl=01;35:*.dl=01;35:*.xcf=01;35:*.xwd=01;35:*.yuv=01;35:*.cgm=01;35:*.emf=01;35:*.ogv=01;35:*.ogx=01;35:*.aac=00;36:*.au=00;36:*.flac=00;36:*.m4a=00;36:*.mid=00;36:*.midi=00;36:*.mka=00;36:*.mp3=00;36:*.mpc=00;36:*.ogg=00;36:*.ra=00;36:*.wav=00;36:*.oga=00;36:*.opus=00;36:*.spx=00;36:*.xspf=00;36:'), ('SSH_AGENT_LAUNCHER', 'gnome-keyring'), ('SSH_AUTH_SOCK', '/run/user/1000/keyring/ssh'), ('AMENT_PREFIX_PATH', '/opt/ros/humble'), ('CONDA_PYTHON_EXE', '/home/jnu/anaconda3/bin/python'), ('SHELL', '/bin/bash'), ('LC_NAME', 'ko_KR.UTF-8'), ('TERMINATOR_UUID', 'urn:uuid:9709fc55-99ce-401d-8324-b50ce6fb78e1'), ('QT_ACCESSIBILITY', '1'), ('GDMSESSION', 'ubuntu'), ('LESSCLOSE', '/usr/bin/lesspipe %s %s'), ('LC_MEASUREMENT', 'ko_KR.UTF-8'), ('GPG_AGENT_INFO', '/run/user/1000/gnupg/S.gpg-agent:0:1'), ('LC_IDENTIFICATION', 'ko_KR.UTF-8'), ('QT_IM_MODULE', 'ibus'), ('PWD', '/home/jnu/go2_ws/build/go2_rviz'), ('CUDA_HOME', '/usr/local/cuda-11.8'), ('XDG_CONFIG_DIRS', '/etc/xdg/xdg-ubuntu:/etc/xdg'), ('CONDA_EXE', '/home/jnu/anaconda3/bin/conda'), ('XDG_DATA_DIRS', '/usr/share/ubuntu:/usr/share/gnome:/usr/local/share/:/usr/share/:/var/lib/snapd/desktop'), ('PYTHONPATH', '/opt/ros/humble/lib/python3.10/site-packages:/opt/ros/humble/local/lib/python3.10/dist-packages'), ('LC_NUMERIC', 'ko_KR.UTF-8'), ('LC_PAPER', 'ko_KR.UTF-8'), ('COLCON', '1'), ('VTE_VERSION', '6800'), ('CMAKE_PREFIX_PATH', '/opt/ros/humble')]), 'shell': False}
[0.344647] (unitree_api) StdoutLine: {'line': b'-- Using all available rosidl_typesupport_cpp: rosidl_typesupport_fastrtps_cpp;rosidl_typesupport_introspection_cpp\n'}
[0.345109] (go2_description) CommandEnded: {'returncode': 0}
[0.345404] (go2_description) JobProgress: {'identifier': 'go2_description', 'progress': 'build'}
[0.345600] (go2_description) Command: {'cmd': ['/usr/bin/cmake', '--build', '/home/jnu/go2_ws/build/go2_description', '--', '-j24', '-l24'], 'cwd': '/home/jnu/go2_ws/build/go2_description', 'env': OrderedDict([('LESSOPEN', '| /usr/bin/lesspipe %s'), ('LANGUAGE', 'ko:en'), ('USER', 'jnu'), ('LC_TIME', 'ko_KR.UTF-8'), ('XDG_SESSION_TYPE', 'x11'), ('SHLVL', '1'), ('LD_LIBRARY_PATH', '/opt/ros/humble/opt/rviz_ogre_vendor/lib:/opt/ros/humble/lib/x86_64-linux-gnu:/opt/ros/humble/lib:/usr/local/cuda-11.8/lib64:'), ('HOME', '/home/jnu'), ('CONDA_SHLVL', '0'), ('OLDPWD', '/home/jnu/go2_ws/src'), ('DESKTOP_SESSION', 'ubuntu'), ('ROS_PYTHON_VERSION', '3'), ('GNOME_SHELL_SESSION_MODE', 'ubuntu'), ('GTK_MODULES', 'gail:atk-bridge'), ('LC_MONETARY', 'ko_KR.UTF-8'), ('MANAGERPID', '1735'), ('SYSTEMD_EXEC_PID', '2210'), ('DBUS_SESSION_BUS_ADDRESS', 'unix:path=/run/user/1000/bus'), ('COLORTERM', 'truecolor'), ('_CE_M', ''), ('TERMINATOR_DBUS_NAME', 'net.tenshu.Terminator23558193cd9818af7fe4d2c2f5bd9d00f'), ('GIO_LAUNCHED_DESKTOP_FILE_PID', '50688'), ('IM_CONFIG_PHASE', '1'), ('ROS_DISTRO', 'humble'), ('GTK_IM_MODULE', 'ibus'), ('LOGNAME', 'jnu'), ('JOURNAL_STREAM', '8:13504'), ('_', '/usr/bin/colcon'), ('ROS_VERSION', '2'), ('XDG_SESSION_CLASS', 'user'), ('USERNAME', 'jnu'), ('TERM', 'xterm-256color'), ('GNOME_DESKTOP_SESSION_ID', 'this-is-deprecated'), ('_CE_CONDA', ''), ('ROS_LOCALHOST_ONLY', '0'), ('WINDOWPATH', '2'), ('PATH', '/opt/ros/humble/bin:/home/jnu/anaconda3/condabin:/usr/local/cuda-11.8/bin:/home/jnu/.local/bin:/usr/local/sbin:/usr/local/bin:/usr/sbin:/usr/bin:/sbin:/bin:/usr/games:/usr/local/games:/snap/bin:/snap/bin'), ('SESSION_MANAGER', 'local/JNU-1:@/tmp/.ICE-unix/1960,unix/JNU-1:/tmp/.ICE-unix/1960'), ('INVOCATION_ID', '626ef355527a45d284069bc1bba02c8f'), ('PAPERSIZE', 'a4'), ('XDG_MENU_PREFIX', 'gnome-'), ('LC_ADDRESS', 'ko_KR.UTF-8'), ('XDG_RUNTIME_DIR', '/run/user/1000'), ('DISPLAY', ':1'), ('TERMINATOR_DBUS_PATH', '/net/tenshu/Terminator2'), ('LANG', 'ko_KR.UTF-8'), ('XDG_CURRENT_DESKTOP', 'ubuntu:GNOME'), ('IBUS_DISABLE_SNOOPER', '1'), ('LC_TELEPHONE', 'ko_KR.UTF-8'), ('XMODIFIERS', '@im=ibus'), ('XDG_SESSION_DESKTOP', 'ubuntu'), ('XAUTHORITY', '/run/user/1000/gdm/Xauthority'), ('LS_COLORS', 'rs=0:di=01;34:ln=01;36:mh=00:pi=40;33:so=01;35:do=01;35:bd=40;33;01:cd=40;33;01:or=40;31;01:mi=00:su=37;41:sg=30;43:ca=30;41:tw=30;42:ow=34;42:st=37;44:ex=01;32:*.tar=01;31:*.tgz=01;31:*.arc=01;31:*.arj=01;31:*.taz=01;31:*.lha=01;31:*.lz4=01;31:*.lzh=01;31:*.lzma=01;31:*.tlz=01;31:*.txz=01;31:*.tzo=01;31:*.t7z=01;31:*.zip=01;31:*.z=01;31:*.dz=01;31:*.gz=01;31:*.lrz=01;31:*.lz=01;31:*.lzo=01;31:*.xz=01;31:*.zst=01;31:*.tzst=01;31:*.bz2=01;31:*.bz=01;31:*.tbz=01;31:*.tbz2=01;31:*.tz=01;31:*.deb=01;31:*.rpm=01;31:*.jar=01;31:*.war=01;31:*.ear=01;31:*.sar=01;31:*.rar=01;31:*.alz=01;31:*.ace=01;31:*.zoo=01;31:*.cpio=01;31:*.7z=01;31:*.rz=01;31:*.cab=01;31:*.wim=01;31:*.swm=01;31:*.dwm=01;31:*.esd=01;31:*.jpg=01;35:*.jpeg=01;35:*.mjpg=01;35:*.mjpeg=01;35:*.gif=01;35:*.bmp=01;35:*.pbm=01;35:*.pgm=01;35:*.ppm=01;35:*.tga=01;35:*.xbm=01;35:*.xpm=01;35:*.tif=01;35:*.tiff=01;35:*.png=01;35:*.svg=01;35:*.svgz=01;35:*.mng=01;35:*.pcx=01;35:*.mov=01;35:*.mpg=01;35:*.mpeg=01;35:*.m2v=01;35:*.mkv=01;35:*.webm=01;35:*.webp=01;35:*.ogm=01;35:*.mp4=01;35:*.m4v=01;35:*.mp4v=01;35:*.vob=01;35:*.qt=01;35:*.nuv=01;35:*.wmv=01;35:*.asf=01;35:*.rm=01;35:*.rmvb=01;35:*.flc=01;35:*.avi=01;35:*.fli=01;35:*.flv=01;35:*.gl=01;35:*.dl=01;35:*.xcf=01;35:*.xwd=01;35:*.yuv=01;35:*.cgm=01;35:*.emf=01;35:*.ogv=01;35:*.ogx=01;35:*.aac=00;36:*.au=00;36:*.flac=00;36:*.m4a=00;36:*.mid=00;36:*.midi=00;36:*.mka=00;36:*.mp3=00;36:*.mpc=00;36:*.ogg=00;36:*.ra=00;36:*.wav=00;36:*.oga=00;36:*.opus=00;36:*.spx=00;36:*.xspf=00;36:'), ('SSH_AGENT_LAUNCHER', 'gnome-keyring'), ('SSH_AUTH_SOCK', '/run/user/1000/keyring/ssh'), ('AMENT_PREFIX_PATH', '/opt/ros/humble'), ('CONDA_PYTHON_EXE', '/home/jnu/anaconda3/bin/python'), ('SHELL', '/bin/bash'), ('LC_NAME', 'ko_KR.UTF-8'), ('TERMINATOR_UUID', 'urn:uuid:9709fc55-99ce-401d-8324-b50ce6fb78e1'), ('QT_ACCESSIBILITY', '1'), ('GDMSESSION', 'ubuntu'), ('LESSCLOSE', '/usr/bin/lesspipe %s %s'), ('LC_MEASUREMENT', 'ko_KR.UTF-8'), ('GPG_AGENT_INFO', '/run/user/1000/gnupg/S.gpg-agent:0:1'), ('LC_IDENTIFICATION', 'ko_KR.UTF-8'), ('QT_IM_MODULE', 'ibus'), ('PWD', '/home/jnu/go2_ws/build/go2_description'), ('CUDA_HOME', '/usr/local/cuda-11.8'), ('XDG_CONFIG_DIRS', '/etc/xdg/xdg-ubuntu:/etc/xdg'), ('CONDA_EXE', '/home/jnu/anaconda3/bin/conda'), ('XDG_DATA_DIRS', '/usr/share/ubuntu:/usr/share/gnome:/usr/local/share/:/usr/share/:/var/lib/snapd/desktop'), ('PYTHONPATH', '/opt/ros/humble/lib/python3.10/site-packages:/opt/ros/humble/local/lib/python3.10/dist-packages'), ('LC_NUMERIC', 'ko_KR.UTF-8'), ('LC_PAPER', 'ko_KR.UTF-8'), ('COLCON', '1'), ('VTE_VERSION', '6800'), ('CMAKE_PREFIX_PATH', '/opt/ros/humble')]), 'shell': False}
[0.361503] (unitree_api) StdoutLine: {'line': b'-- Found rosidl_default_generators: 1.2.0 (/opt/ros/humble/share/rosidl_default_generators/cmake)\n'}
[0.365281] (unitree_api) StdoutLine: {'line': b'-- Found rosidl_generator_dds_idl: 0.8.1 (/opt/ros/humble/share/rosidl_generator_dds_idl/cmake)\n'}
[0.367214] (go2_rviz) CommandEnded: {'returncode': 0}
[0.367778] (go2_rviz) JobProgress: {'identifier': 'go2_rviz', 'progress': 'install'}
[0.372720] (go2_rviz) Command: {'cmd': ['/usr/bin/cmake', '--install', '/home/jnu/go2_ws/build/go2_rviz'], 'cwd': '/home/jnu/go2_ws/build/go2_rviz', 'env': OrderedDict([('LESSOPEN', '| /usr/bin/lesspipe %s'), ('LANGUAGE', 'ko:en'), ('USER', 'jnu'), ('LC_TIME', 'ko_KR.UTF-8'), ('XDG_SESSION_TYPE', 'x11'), ('SHLVL', '1'), ('LD_LIBRARY_PATH', '/opt/ros/humble/opt/rviz_ogre_vendor/lib:/opt/ros/humble/lib/x86_64-linux-gnu:/opt/ros/humble/lib:/usr/local/cuda-11.8/lib64:'), ('HOME', '/home/jnu'), ('CONDA_SHLVL', '0'), ('OLDPWD', '/home/jnu/go2_ws/src'), ('DESKTOP_SESSION', 'ubuntu'), ('ROS_PYTHON_VERSION', '3'), ('GNOME_SHELL_SESSION_MODE', 'ubuntu'), ('GTK_MODULES', 'gail:atk-bridge'), ('LC_MONETARY', 'ko_KR.UTF-8'), ('MANAGERPID', '1735'), ('SYSTEMD_EXEC_PID', '2210'), ('DBUS_SESSION_BUS_ADDRESS', 'unix:path=/run/user/1000/bus'), ('COLORTERM', 'truecolor'), ('_CE_M', ''), ('TERMINATOR_DBUS_NAME', 'net.tenshu.Terminator23558193cd9818af7fe4d2c2f5bd9d00f'), ('GIO_LAUNCHED_DESKTOP_FILE_PID', '50688'), ('IM_CONFIG_PHASE', '1'), ('ROS_DISTRO', 'humble'), ('GTK_IM_MODULE', 'ibus'), ('LOGNAME', 'jnu'), ('JOURNAL_STREAM', '8:13504'), ('_', '/usr/bin/colcon'), ('ROS_VERSION', '2'), ('XDG_SESSION_CLASS', 'user'), ('USERNAME', 'jnu'), ('TERM', 'xterm-256color'), ('GNOME_DESKTOP_SESSION_ID', 'this-is-deprecated'), ('_CE_CONDA', ''), ('ROS_LOCALHOST_ONLY', '0'), ('WINDOWPATH', '2'), ('PATH', '/opt/ros/humble/bin:/home/jnu/anaconda3/condabin:/usr/local/cuda-11.8/bin:/home/jnu/.local/bin:/usr/local/sbin:/usr/local/bin:/usr/sbin:/usr/bin:/sbin:/bin:/usr/games:/usr/local/games:/snap/bin:/snap/bin'), ('SESSION_MANAGER', 'local/JNU-1:@/tmp/.ICE-unix/1960,unix/JNU-1:/tmp/.ICE-unix/1960'), ('INVOCATION_ID', '626ef355527a45d284069bc1bba02c8f'), ('PAPERSIZE', 'a4'), ('XDG_MENU_PREFIX', 'gnome-'), ('LC_ADDRESS', 'ko_KR.UTF-8'), ('XDG_RUNTIME_DIR', '/run/user/1000'), ('DISPLAY', ':1'), ('TERMINATOR_DBUS_PATH', '/net/tenshu/Terminator2'), ('LANG', 'ko_KR.UTF-8'), ('XDG_CURRENT_DESKTOP', 'ubuntu:GNOME'), ('IBUS_DISABLE_SNOOPER', '1'), ('LC_TELEPHONE', 'ko_KR.UTF-8'), ('XMODIFIERS', '@im=ibus'), ('XDG_SESSION_DESKTOP', 'ubuntu'), ('XAUTHORITY', '/run/user/1000/gdm/Xauthority'), ('LS_COLORS', 'rs=0:di=01;34:ln=01;36:mh=00:pi=40;33:so=01;35:do=01;35:bd=40;33;01:cd=40;33;01:or=40;31;01:mi=00:su=37;41:sg=30;43:ca=30;41:tw=30;42:ow=34;42:st=37;44:ex=01;32:*.tar=01;31:*.tgz=01;31:*.arc=01;31:*.arj=01;31:*.taz=01;31:*.lha=01;31:*.lz4=01;31:*.lzh=01;31:*.lzma=01;31:*.tlz=01;31:*.txz=01;31:*.tzo=01;31:*.t7z=01;31:*.zip=01;31:*.z=01;31:*.dz=01;31:*.gz=01;31:*.lrz=01;31:*.lz=01;31:*.lzo=01;31:*.xz=01;31:*.zst=01;31:*.tzst=01;31:*.bz2=01;31:*.bz=01;31:*.tbz=01;31:*.tbz2=01;31:*.tz=01;31:*.deb=01;31:*.rpm=01;31:*.jar=01;31:*.war=01;31:*.ear=01;31:*.sar=01;31:*.rar=01;31:*.alz=01;31:*.ace=01;31:*.zoo=01;31:*.cpio=01;31:*.7z=01;31:*.rz=01;31:*.cab=01;31:*.wim=01;31:*.swm=01;31:*.dwm=01;31:*.esd=01;31:*.jpg=01;35:*.jpeg=01;35:*.mjpg=01;35:*.mjpeg=01;35:*.gif=01;35:*.bmp=01;35:*.pbm=01;35:*.pgm=01;35:*.ppm=01;35:*.tga=01;35:*.xbm=01;35:*.xpm=01;35:*.tif=01;35:*.tiff=01;35:*.png=01;35:*.svg=01;35:*.svgz=01;35:*.mng=01;35:*.pcx=01;35:*.mov=01;35:*.mpg=01;35:*.mpeg=01;35:*.m2v=01;35:*.mkv=01;35:*.webm=01;35:*.webp=01;35:*.ogm=01;35:*.mp4=01;35:*.m4v=01;35:*.mp4v=01;35:*.vob=01;35:*.qt=01;35:*.nuv=01;35:*.wmv=01;35:*.asf=01;35:*.rm=01;35:*.rmvb=01;35:*.flc=01;35:*.avi=01;35:*.fli=01;35:*.flv=01;35:*.gl=01;35:*.dl=01;35:*.xcf=01;35:*.xwd=01;35:*.yuv=01;35:*.cgm=01;35:*.emf=01;35:*.ogv=01;35:*.ogx=01;35:*.aac=00;36:*.au=00;36:*.flac=00;36:*.m4a=00;36:*.mid=00;36:*.midi=00;36:*.mka=00;36:*.mp3=00;36:*.mpc=00;36:*.ogg=00;36:*.ra=00;36:*.wav=00;36:*.oga=00;36:*.opus=00;36:*.spx=00;36:*.xspf=00;36:'), ('SSH_AGENT_LAUNCHER', 'gnome-keyring'), ('SSH_AUTH_SOCK', '/run/user/1000/keyring/ssh'), ('AMENT_PREFIX_PATH', '/opt/ros/humble'), ('CONDA_PYTHON_EXE', '/home/jnu/anaconda3/bin/python'), ('SHELL', '/bin/bash'), ('LC_NAME', 'ko_KR.UTF-8'), ('TERMINATOR_UUID', 'urn:uuid:9709fc55-99ce-401d-8324-b50ce6fb78e1'), ('QT_ACCESSIBILITY', '1'), ('GDMSESSION', 'ubuntu'), ('LESSCLOSE', '/usr/bin/lesspipe %s %s'), ('LC_MEASUREMENT', 'ko_KR.UTF-8'), ('GPG_AGENT_INFO', '/run/user/1000/gnupg/S.gpg-agent:0:1'), ('LC_IDENTIFICATION', 'ko_KR.UTF-8'), ('QT_IM_MODULE', 'ibus'), ('PWD', '/home/jnu/go2_ws/build/go2_rviz'), ('CUDA_HOME', '/usr/local/cuda-11.8'), ('XDG_CONFIG_DIRS', '/etc/xdg/xdg-ubuntu:/etc/xdg'), ('CONDA_EXE', '/home/jnu/anaconda3/bin/conda'), ('XDG_DATA_DIRS', '/usr/share/ubuntu:/usr/share/gnome:/usr/local/share/:/usr/share/:/var/lib/snapd/desktop'), ('PYTHONPATH', '/opt/ros/humble/lib/python3.10/site-packages:/opt/ros/humble/local/lib/python3.10/dist-packages'), ('LC_NUMERIC', 'ko_KR.UTF-8'), ('LC_PAPER', 'ko_KR.UTF-8'), ('COLCON', '1'), ('VTE_VERSION', '6800'), ('CMAKE_PREFIX_PATH', '/opt/ros/humble')]), 'shell': False}
[0.373930] (go2_description) CommandEnded: {'returncode': 0}
[0.374311] (go2_description) JobProgress: {'identifier': 'go2_description', 'progress': 'install'}
[0.374514] (go2_description) Command: {'cmd': ['/usr/bin/cmake', '--install', '/home/jnu/go2_ws/build/go2_description'], 'cwd': '/home/jnu/go2_ws/build/go2_description', 'env': OrderedDict([('LESSOPEN', '| /usr/bin/lesspipe %s'), ('LANGUAGE', 'ko:en'), ('USER', 'jnu'), ('LC_TIME', 'ko_KR.UTF-8'), ('XDG_SESSION_TYPE', 'x11'), ('SHLVL', '1'), ('LD_LIBRARY_PATH', '/opt/ros/humble/opt/rviz_ogre_vendor/lib:/opt/ros/humble/lib/x86_64-linux-gnu:/opt/ros/humble/lib:/usr/local/cuda-11.8/lib64:'), ('HOME', '/home/jnu'), ('CONDA_SHLVL', '0'), ('OLDPWD', '/home/jnu/go2_ws/src'), ('DESKTOP_SESSION', 'ubuntu'), ('ROS_PYTHON_VERSION', '3'), ('GNOME_SHELL_SESSION_MODE', 'ubuntu'), ('GTK_MODULES', 'gail:atk-bridge'), ('LC_MONETARY', 'ko_KR.UTF-8'), ('MANAGERPID', '1735'), ('SYSTEMD_EXEC_PID', '2210'), ('DBUS_SESSION_BUS_ADDRESS', 'unix:path=/run/user/1000/bus'), ('COLORTERM', 'truecolor'), ('_CE_M', ''), ('TERMINATOR_DBUS_NAME', 'net.tenshu.Terminator23558193cd9818af7fe4d2c2f5bd9d00f'), ('GIO_LAUNCHED_DESKTOP_FILE_PID', '50688'), ('IM_CONFIG_PHASE', '1'), ('ROS_DISTRO', 'humble'), ('GTK_IM_MODULE', 'ibus'), ('LOGNAME', 'jnu'), ('JOURNAL_STREAM', '8:13504'), ('_', '/usr/bin/colcon'), ('ROS_VERSION', '2'), ('XDG_SESSION_CLASS', 'user'), ('USERNAME', 'jnu'), ('TERM', 'xterm-256color'), ('GNOME_DESKTOP_SESSION_ID', 'this-is-deprecated'), ('_CE_CONDA', ''), ('ROS_LOCALHOST_ONLY', '0'), ('WINDOWPATH', '2'), ('PATH', '/opt/ros/humble/bin:/home/jnu/anaconda3/condabin:/usr/local/cuda-11.8/bin:/home/jnu/.local/bin:/usr/local/sbin:/usr/local/bin:/usr/sbin:/usr/bin:/sbin:/bin:/usr/games:/usr/local/games:/snap/bin:/snap/bin'), ('SESSION_MANAGER', 'local/JNU-1:@/tmp/.ICE-unix/1960,unix/JNU-1:/tmp/.ICE-unix/1960'), ('INVOCATION_ID', '626ef355527a45d284069bc1bba02c8f'), ('PAPERSIZE', 'a4'), ('XDG_MENU_PREFIX', 'gnome-'), ('LC_ADDRESS', 'ko_KR.UTF-8'), ('XDG_RUNTIME_DIR', '/run/user/1000'), ('DISPLAY', ':1'), ('TERMINATOR_DBUS_PATH', '/net/tenshu/Terminator2'), ('LANG', 'ko_KR.UTF-8'), ('XDG_CURRENT_DESKTOP', 'ubuntu:GNOME'), ('IBUS_DISABLE_SNOOPER', '1'), ('LC_TELEPHONE', 'ko_KR.UTF-8'), ('XMODIFIERS', '@im=ibus'), ('XDG_SESSION_DESKTOP', 'ubuntu'), ('XAUTHORITY', '/run/user/1000/gdm/Xauthority'), ('LS_COLORS', 'rs=0:di=01;34:ln=01;36:mh=00:pi=40;33:so=01;35:do=01;35:bd=40;33;01:cd=40;33;01:or=40;31;01:mi=00:su=37;41:sg=30;43:ca=30;41:tw=30;42:ow=34;42:st=37;44:ex=01;32:*.tar=01;31:*.tgz=01;31:*.arc=01;31:*.arj=01;31:*.taz=01;31:*.lha=01;31:*.lz4=01;31:*.lzh=01;31:*.lzma=01;31:*.tlz=01;31:*.txz=01;31:*.tzo=01;31:*.t7z=01;31:*.zip=01;31:*.z=01;31:*.dz=01;31:*.gz=01;31:*.lrz=01;31:*.lz=01;31:*.lzo=01;31:*.xz=01;31:*.zst=01;31:*.tzst=01;31:*.bz2=01;31:*.bz=01;31:*.tbz=01;31:*.tbz2=01;31:*.tz=01;31:*.deb=01;31:*.rpm=01;31:*.jar=01;31:*.war=01;31:*.ear=01;31:*.sar=01;31:*.rar=01;31:*.alz=01;31:*.ace=01;31:*.zoo=01;31:*.cpio=01;31:*.7z=01;31:*.rz=01;31:*.cab=01;31:*.wim=01;31:*.swm=01;31:*.dwm=01;31:*.esd=01;31:*.jpg=01;35:*.jpeg=01;35:*.mjpg=01;35:*.mjpeg=01;35:*.gif=01;35:*.bmp=01;35:*.pbm=01;35:*.pgm=01;35:*.ppm=01;35:*.tga=01;35:*.xbm=01;35:*.xpm=01;35:*.tif=01;35:*.tiff=01;35:*.png=01;35:*.svg=01;35:*.svgz=01;35:*.mng=01;35:*.pcx=01;35:*.mov=01;35:*.mpg=01;35:*.mpeg=01;35:*.m2v=01;35:*.mkv=01;35:*.webm=01;35:*.webp=01;35:*.ogm=01;35:*.mp4=01;35:*.m4v=01;35:*.mp4v=01;35:*.vob=01;35:*.qt=01;35:*.nuv=01;35:*.wmv=01;35:*.asf=01;35:*.rm=01;35:*.rmvb=01;35:*.flc=01;35:*.avi=01;35:*.fli=01;35:*.flv=01;35:*.gl=01;35:*.dl=01;35:*.xcf=01;35:*.xwd=01;35:*.yuv=01;35:*.cgm=01;35:*.emf=01;35:*.ogv=01;35:*.ogx=01;35:*.aac=00;36:*.au=00;36:*.flac=00;36:*.m4a=00;36:*.mid=00;36:*.midi=00;36:*.mka=00;36:*.mp3=00;36:*.mpc=00;36:*.ogg=00;36:*.ra=00;36:*.wav=00;36:*.oga=00;36:*.opus=00;36:*.spx=00;36:*.xspf=00;36:'), ('SSH_AGENT_LAUNCHER', 'gnome-keyring'), ('SSH_AUTH_SOCK', '/run/user/1000/keyring/ssh'), ('AMENT_PREFIX_PATH', '/opt/ros/humble'), ('CONDA_PYTHON_EXE', '/home/jnu/anaconda3/bin/python'), ('SHELL', '/bin/bash'), ('LC_NAME', 'ko_KR.UTF-8'), ('TERMINATOR_UUID', 'urn:uuid:9709fc55-99ce-401d-8324-b50ce6fb78e1'), ('QT_ACCESSIBILITY', '1'), ('GDMSESSION', 'ubuntu'), ('LESSCLOSE', '/usr/bin/lesspipe %s %s'), ('LC_MEASUREMENT', 'ko_KR.UTF-8'), ('GPG_AGENT_INFO', '/run/user/1000/gnupg/S.gpg-agent:0:1'), ('LC_IDENTIFICATION', 'ko_KR.UTF-8'), ('QT_IM_MODULE', 'ibus'), ('PWD', '/home/jnu/go2_ws/build/go2_description'), ('CUDA_HOME', '/usr/local/cuda-11.8'), ('XDG_CONFIG_DIRS', '/etc/xdg/xdg-ubuntu:/etc/xdg'), ('CONDA_EXE', '/home/jnu/anaconda3/bin/conda'), ('XDG_DATA_DIRS', '/usr/share/ubuntu:/usr/share/gnome:/usr/local/share/:/usr/share/:/var/lib/snapd/desktop'), ('PYTHONPATH', '/opt/ros/humble/lib/python3.10/site-packages:/opt/ros/humble/local/lib/python3.10/dist-packages'), ('LC_NUMERIC', 'ko_KR.UTF-8'), ('LC_PAPER', 'ko_KR.UTF-8'), ('COLCON', '1'), ('VTE_VERSION', '6800'), ('CMAKE_PREFIX_PATH', '/opt/ros/humble')]), 'shell': False}
[0.376608] (go2_rviz) StdoutLine: {'line': b'-- Install configuration: ""\n'}
[0.376848] (go2_rviz) StdoutLine: {'line': b'-- Execute custom install script\n'}
[0.377059] (go2_rviz) StdoutLine: {'line': b'-- Symlinking: /home/jnu/go2_ws/install/go2_rviz/share/go2_rviz/launch/rviz.launch.py\n'}
[0.379325] (go2_description) StdoutLine: {'line': b'-- Install configuration: ""\n'}
[0.379543] (go2_description) StdoutLine: {'line': b'-- Execute custom install script\n'}
[0.379699] (go2_description) StdoutLine: {'line': b'-- Symlinking: /home/jnu/go2_ws/install/go2_description/share/go2_description/launch/robot.launch.py\n'}
[0.383332] (go2_rviz) StdoutLine: {'line': b'-- Symlinking: /home/jnu/go2_ws/install/go2_rviz/share/go2_rviz/config/go2_rviz.rviz\n'}
[0.385792] (go2_description) StdoutLine: {'line': b'-- Symlinking: /home/jnu/go2_ws/install/go2_description/share/go2_description/urdf/gazebo.urdf.xacro\n'}
[0.389262] (go2_rviz) StdoutLine: {'line': b'-- Symlinking: /home/jnu/go2_ws/install/go2_rviz/share/ament_index/resource_index/package_run_dependencies/go2_rviz\n'}
[0.391442] (go2_description) StdoutLine: {'line': b'-- Symlinking: /home/jnu/go2_ws/install/go2_description/share/go2_description/urdf/go2_description.urdf\n'}
[0.395508] (go2_rviz) StdoutLine: {'line': b'-- Symlinking: /home/jnu/go2_ws/install/go2_rviz/share/ament_index/resource_index/parent_prefix_path/go2_rviz\n'}
[0.395983] (go2_description) StdoutLine: {'line': b'-- Symlinking: /home/jnu/go2_ws/install/go2_description/share/go2_description/urdf/go2_description.urdf.xacro\n'}
[0.399850] (-) TimerEvent: {}
[0.400214] (go2_rviz) StdoutLine: {'line': b'-- Symlinking: /home/jnu/go2_ws/install/go2_rviz/share/go2_rviz/environment/ament_prefix_path.sh\n'}
[0.401355] (go2_description) StdoutLine: {'line': b'-- Symlinking: /home/jnu/go2_ws/install/go2_description/share/go2_description/urdf/leg.urdf.xacro\n'}
[0.404405] (go2_rviz) StdoutLine: {'line': b'-- Symlinking: /home/jnu/go2_ws/install/go2_rviz/share/go2_rviz/environment/ament_prefix_path.dsv\n'}
[0.407009] (go2_description) StdoutLine: {'line': b'-- Symlinking: /home/jnu/go2_ws/install/go2_description/share/go2_description/urdf/transmission.urdf.xacro\n'}
[0.410418] (go2_rviz) StdoutLine: {'line': b'-- Symlinking: /home/jnu/go2_ws/install/go2_rviz/share/go2_rviz/environment/path.sh\n'}
[0.411645] (go2_description) StdoutLine: {'line': b'-- Symlinking: /home/jnu/go2_ws/install/go2_description/share/go2_description/dae/base.dae\n'}
[0.416233] (go2_rviz) StdoutLine: {'line': b'-- Symlinking: /home/jnu/go2_ws/install/go2_rviz/share/go2_rviz/environment/path.dsv\n'}
[0.417302] (go2_description) StdoutLine: {'line': b'-- Symlinking: /home/jnu/go2_ws/install/go2_description/share/go2_description/dae/calf.dae\n'}
[0.420497] (go2_rviz) StdoutLine: {'line': b'-- Symlinking: /home/jnu/go2_ws/install/go2_rviz/share/go2_rviz/local_setup.bash\n'}
[0.421810] (go2_description) StdoutLine: {'line': b'-- Symlinking: /home/jnu/go2_ws/install/go2_description/share/go2_description/dae/calf_mirror.dae\n'}
[0.424490] (go2_rviz) StdoutLine: {'line': b'-- Symlinking: /home/jnu/go2_ws/install/go2_rviz/share/go2_rviz/local_setup.sh\n'}
[0.427419] (go2_description) StdoutLine: {'line': b'-- Symlinking: /home/jnu/go2_ws/install/go2_description/share/go2_description/dae/foot.dae\n'}
[0.430180] (go2_rviz) StdoutLine: {'line': b'-- Symlinking: /home/jnu/go2_ws/install/go2_rviz/share/go2_rviz/local_setup.zsh\n'}
[0.432894] (go2_description) StdoutLine: {'line': b'-- Symlinking: /home/jnu/go2_ws/install/go2_description/share/go2_description/dae/hip.dae\n'}
[0.435586] (go2_rviz) StdoutLine: {'line': b'-- Symlinking: /home/jnu/go2_ws/install/go2_rviz/share/go2_rviz/local_setup.dsv\n'}
[0.438252] (go2_description) StdoutLine: {'line': b'-- Symlinking: /home/jnu/go2_ws/install/go2_description/share/go2_description/dae/thigh.dae\n'}
[0.441012] (go2_rviz) StdoutLine: {'line': b'-- Symlinking: /home/jnu/go2_ws/install/go2_rviz/share/go2_rviz/package.dsv\n'}
[0.443699] (go2_description) StdoutLine: {'line': b'-- Symlinking: /home/jnu/go2_ws/install/go2_description/share/go2_description/dae/thigh_mirror.dae\n'}
[0.446533] (go2_rviz) StdoutLine: {'line': b'-- Symlinking: /home/jnu/go2_ws/install/go2_rviz/share/ament_index/resource_index/packages/go2_rviz\n'}
[0.448093] (go2_description) StdoutLine: {'line': b'-- Symlinking: /home/jnu/go2_ws/install/go2_description/share/go2_description/config/go2_description.rviz\n'}
[0.450583] (go2_rviz) StdoutLine: {'line': b'-- Symlinking: /home/jnu/go2_ws/install/go2_rviz/share/go2_rviz/cmake/go2_rvizConfig.cmake\n'}
[0.452534] (go2_description) StdoutLine: {'line': b'-- Symlinking: /home/jnu/go2_ws/install/go2_description/share/go2_description/config/ros_control/ros_control.yaml\n'}
[0.456043] (go2_rviz) StdoutLine: {'line': b'-- Symlinking: /home/jnu/go2_ws/install/go2_rviz/share/go2_rviz/cmake/go2_rvizConfig-version.cmake\n'}
[0.457981] (go2_description) StdoutLine: {'line': b'-- Symlinking: /home/jnu/go2_ws/install/go2_description/share/ament_index/resource_index/package_run_dependencies/go2_description\n'}
[0.459965] (go2_rviz) StdoutLine: {'line': b'-- Symlinking: /home/jnu/go2_ws/install/go2_rviz/share/go2_rviz/package.xml\n'}
[0.463749] (go2_description) StdoutLine: {'line': b'-- Symlinking: /home/jnu/go2_ws/install/go2_description/share/ament_index/resource_index/parent_prefix_path/go2_description\n'}
[0.466729] (go2_rviz) CommandEnded: {'returncode': 0}
[0.469296] (go2_description) StdoutLine: {'line': b'-- Symlinking: /home/jnu/go2_ws/install/go2_description/share/go2_description/environment/ament_prefix_path.sh\n'}
[0.473590] (go2_description) StdoutLine: {'line': b'-- Symlinking: /home/jnu/go2_ws/install/go2_description/share/go2_description/environment/ament_prefix_path.dsv\n'}
[0.473816] (go2_rviz) JobEnded: {'identifier': 'go2_rviz', 'rc': 0}
[0.477860] (go2_description) StdoutLine: {'line': b'-- Symlinking: /home/jnu/go2_ws/install/go2_description/share/go2_description/environment/path.sh\n'}
[0.484155] (go2_description) StdoutLine: {'line': b'-- Symlinking: /home/jnu/go2_ws/install/go2_description/share/go2_description/environment/path.dsv\n'}
[0.488890] (go2_description) StdoutLine: {'line': b'-- Symlinking: /home/jnu/go2_ws/install/go2_description/share/go2_description/local_setup.bash\n'}
[0.494390] (go2_description) StdoutLine: {'line': b'-- Symlinking: /home/jnu/go2_ws/install/go2_description/share/go2_description/local_setup.sh\n'}
[0.498723] (go2_description) StdoutLine: {'line': b'-- Symlinking: /home/jnu/go2_ws/install/go2_description/share/go2_description/local_setup.zsh\n'}
[0.499956] (-) TimerEvent: {}
[0.505112] (go2_description) StdoutLine: {'line': b'-- Symlinking: /home/jnu/go2_ws/install/go2_description/share/go2_description/local_setup.dsv\n'}
[0.511455] (go2_description) StdoutLine: {'line': b'-- Symlinking: /home/jnu/go2_ws/install/go2_description/share/go2_description/package.dsv\n'}
[0.516255] (go2_description) StdoutLine: {'line': b'-- Symlinking: /home/jnu/go2_ws/install/go2_description/share/ament_index/resource_index/packages/go2_description\n'}
[0.520906] (go2_description) StdoutLine: {'line': b'-- Symlinking: /home/jnu/go2_ws/install/go2_description/share/go2_description/cmake/go2_descriptionConfig.cmake\n'}
[0.526265] (go2_description) StdoutLine: {'line': b'-- Symlinking: /home/jnu/go2_ws/install/go2_description/share/go2_description/cmake/go2_descriptionConfig-version.cmake\n'}
[0.528560] (unitree_go) StdoutLine: {'line': b'-- Found ament_cmake_ros: 0.10.0 (/opt/ros/humble/share/ament_cmake_ros/cmake)\n'}
[0.531628] (unitree_api) StdoutLine: {'line': b'-- Found ament_cmake_ros: 0.10.0 (/opt/ros/humble/share/ament_cmake_ros/cmake)\n'}
[0.532550] (go2_description) StdoutLine: {'line': b'-- Symlinking: /home/jnu/go2_ws/install/go2_description/share/go2_description/package.xml\n'}
[0.538182] (go2_description) CommandEnded: {'returncode': 0}
[0.544576] (go2_description) JobEnded: {'identifier': 'go2_description', 'rc': 0}
[0.550551] (go2_interfaces) StdoutLine: {'line': b'-- Found ament_cmake_ros: 0.10.0 (/opt/ros/humble/share/ament_cmake_ros/cmake)\n'}
[0.600084] (-) TimerEvent: {}
[0.632097] (unitree_go) StdoutLine: {'line': b'-- Using all available rosidl_typesupport_c: rosidl_typesupport_fastrtps_c;rosidl_typesupport_introspection_c\n'}
[0.658912] (go2_interfaces) StdoutLine: {'line': b'-- Using all available rosidl_typesupport_c: rosidl_typesupport_fastrtps_c;rosidl_typesupport_introspection_c\n'}
[0.700207] (-) TimerEvent: {}
[0.747880] (unitree_api) StdoutLine: {'line': b'-- Using all available rosidl_typesupport_c: rosidl_typesupport_fastrtps_c;rosidl_typesupport_introspection_c\n'}
[0.763308] (unitree_go) StdoutLine: {'line': b'-- Using all available rosidl_typesupport_cpp: rosidl_typesupport_fastrtps_cpp;rosidl_typesupport_introspection_cpp\n'}
[0.775725] (unitree_go) StdoutLine: {'line': b'-- Found PythonInterp: /usr/bin/python3 (found suitable version "3.10.12", minimum required is "3.6") \n'}
[0.776617] (unitree_go) StdoutLine: {'line': b'-- Found python_cmake_module: 0.10.0 (/opt/ros/humble/share/python_cmake_module/cmake)\n'}
[0.789348] (go2_interfaces) StdoutLine: {'line': b'-- Using all available rosidl_typesupport_cpp: rosidl_typesupport_fastrtps_cpp;rosidl_typesupport_introspection_cpp\n'}
[0.792456] (unitree_go) StdoutLine: {'line': b'-- Found PythonLibs: /usr/lib/x86_64-linux-gnu/libpython3.10.so (found suitable version "3.10.12", minimum required is "3.5") \n'}
[0.792561] (unitree_go) StdoutLine: {'line': b'-- Using PYTHON_EXECUTABLE: /usr/bin/python3\n'}
[0.792598] (unitree_go) StdoutLine: {'line': b'-- Using PYTHON_INCLUDE_DIRS: /usr/include/python3.10\n'}
[0.792629] (unitree_go) StdoutLine: {'line': b'-- Using PYTHON_LIBRARIES: /usr/lib/x86_64-linux-gnu/libpython3.10.so\n'}
[0.800266] (-) TimerEvent: {}
[0.801802] (go2_interfaces) StdoutLine: {'line': b'-- Found PythonInterp: /usr/bin/python3 (found suitable version "3.10.12", minimum required is "3.6") \n'}
[0.802329] (go2_interfaces) StdoutLine: {'line': b'-- Found python_cmake_module: 0.10.0 (/opt/ros/humble/share/python_cmake_module/cmake)\n'}
[0.803802] (unitree_go) StdoutLine: {'line': b'-- Found PythonExtra: .so  \n'}
[0.814931] (go2_interfaces) StdoutLine: {'line': b'-- Found PythonLibs: /usr/lib/x86_64-linux-gnu/libpython3.10.so (found suitable version "3.10.12", minimum required is "3.5") \n'}
[0.814990] (go2_interfaces) StdoutLine: {'line': b'-- Using PYTHON_EXECUTABLE: /usr/bin/python3\n'}
[0.815013] (go2_interfaces) StdoutLine: {'line': b'-- Using PYTHON_INCLUDE_DIRS: /usr/include/python3.10\n'}
[0.815034] (go2_interfaces) StdoutLine: {'line': b'-- Using PYTHON_LIBRARIES: /usr/lib/x86_64-linux-gnu/libpython3.10.so\n'}
[0.826863] (go2_interfaces) StdoutLine: {'line': b'-- Found PythonExtra: .so  \n'}
[0.828279] (unitree_go) StdoutLine: {'line': b'-- Configuring done\n'}
[0.830365] (unitree_api) StdoutLine: {'line': b'-- Using all available rosidl_typesupport_cpp: rosidl_typesupport_fastrtps_cpp;rosidl_typesupport_introspection_cpp\n'}
[0.842348] (unitree_api) StdoutLine: {'line': b'-- Found PythonInterp: /usr/bin/python3 (found suitable version "3.10.12", minimum required is "3.6") \n'}
[0.842870] (unitree_api) StdoutLine: {'line': b'-- Found python_cmake_module: 0.10.0 (/opt/ros/humble/share/python_cmake_module/cmake)\n'}
[0.848416] (go2_interfaces) StdoutLine: {'line': b'-- Found ament_lint_auto: 0.12.14 (/opt/ros/humble/share/ament_lint_auto/cmake)\n'}
[0.857252] (unitree_go) StdoutLine: {'line': b'-- Generating done\n'}
[0.857446] (go2_interfaces) StdoutLine: {'line': b"-- Added test 'lint_cmake' to check CMake code style\n"}
[0.857609] (unitree_api) StdoutLine: {'line': b'-- Found PythonLibs: /usr/lib/x86_64-linux-gnu/libpython3.10.so (found suitable version "3.10.12", minimum required is "3.5") \n'}
[0.857656] (unitree_api) StdoutLine: {'line': b'-- Using PYTHON_EXECUTABLE: /usr/bin/python3\n'}
[0.857678] (unitree_api) StdoutLine: {'line': b'-- Using PYTHON_INCLUDE_DIRS: /usr/include/python3.10\n'}
[0.857698] (unitree_api) StdoutLine: {'line': b'-- Using PYTHON_LIBRARIES: /usr/lib/x86_64-linux-gnu/libpython3.10.so\n'}
[0.858919] (go2_interfaces) StdoutLine: {'line': b"-- Added test 'xmllint' to check XML markup files\n"}
[0.860205] (go2_interfaces) StdoutLine: {'line': b'-- Configuring done\n'}
[0.862795] (unitree_go) StdoutLine: {'line': b'-- Build files have been written to: /home/jnu/go2_ws/build/unitree_go\n'}
[0.868424] (unitree_api) StdoutLine: {'line': b'-- Found PythonExtra: .so  \n'}
[0.868458] (unitree_go) CommandEnded: {'returncode': 0}
[0.868710] (unitree_go) JobProgress: {'identifier': 'unitree_go', 'progress': 'build'}
[0.868810] (unitree_go) Command: {'cmd': ['/usr/bin/cmake', '--build', '/home/jnu/go2_ws/build/unitree_go', '--', '-j24', '-l24'], 'cwd': '/home/jnu/go2_ws/build/unitree_go', 'env': OrderedDict([('LESSOPEN', '| /usr/bin/lesspipe %s'), ('LANGUAGE', 'ko:en'), ('USER', 'jnu'), ('LC_TIME', 'ko_KR.UTF-8'), ('XDG_SESSION_TYPE', 'x11'), ('SHLVL', '1'), ('LD_LIBRARY_PATH', '/opt/ros/humble/opt/rviz_ogre_vendor/lib:/opt/ros/humble/lib/x86_64-linux-gnu:/opt/ros/humble/lib:/usr/local/cuda-11.8/lib64:'), ('HOME', '/home/jnu'), ('CONDA_SHLVL', '0'), ('OLDPWD', '/home/jnu/go2_ws/src'), ('DESKTOP_SESSION', 'ubuntu'), ('ROS_PYTHON_VERSION', '3'), ('GNOME_SHELL_SESSION_MODE', 'ubuntu'), ('GTK_MODULES', 'gail:atk-bridge'), ('LC_MONETARY', 'ko_KR.UTF-8'), ('MANAGERPID', '1735'), ('SYSTEMD_EXEC_PID', '2210'), ('DBUS_SESSION_BUS_ADDRESS', 'unix:path=/run/user/1000/bus'), ('COLORTERM', 'truecolor'), ('_CE_M', ''), ('TERMINATOR_DBUS_NAME', 'net.tenshu.Terminator23558193cd9818af7fe4d2c2f5bd9d00f'), ('GIO_LAUNCHED_DESKTOP_FILE_PID', '50688'), ('IM_CONFIG_PHASE', '1'), ('ROS_DISTRO', 'humble'), ('GTK_IM_MODULE', 'ibus'), ('LOGNAME', 'jnu'), ('JOURNAL_STREAM', '8:13504'), ('_', '/usr/bin/colcon'), ('ROS_VERSION', '2'), ('XDG_SESSION_CLASS', 'user'), ('USERNAME', 'jnu'), ('TERM', 'xterm-256color'), ('GNOME_DESKTOP_SESSION_ID', 'this-is-deprecated'), ('_CE_CONDA', ''), ('ROS_LOCALHOST_ONLY', '0'), ('WINDOWPATH', '2'), ('PATH', '/opt/ros/humble/bin:/home/jnu/anaconda3/condabin:/usr/local/cuda-11.8/bin:/home/jnu/.local/bin:/usr/local/sbin:/usr/local/bin:/usr/sbin:/usr/bin:/sbin:/bin:/usr/games:/usr/local/games:/snap/bin:/snap/bin'), ('SESSION_MANAGER', 'local/JNU-1:@/tmp/.ICE-unix/1960,unix/JNU-1:/tmp/.ICE-unix/1960'), ('INVOCATION_ID', '626ef355527a45d284069bc1bba02c8f'), ('PAPERSIZE', 'a4'), ('XDG_MENU_PREFIX', 'gnome-'), ('LC_ADDRESS', 'ko_KR.UTF-8'), ('XDG_RUNTIME_DIR', '/run/user/1000'), ('DISPLAY', ':1'), ('TERMINATOR_DBUS_PATH', '/net/tenshu/Terminator2'), ('LANG', 'ko_KR.UTF-8'), ('XDG_CURRENT_DESKTOP', 'ubuntu:GNOME'), ('IBUS_DISABLE_SNOOPER', '1'), ('LC_TELEPHONE', 'ko_KR.UTF-8'), ('XMODIFIERS', '@im=ibus'), ('XDG_SESSION_DESKTOP', 'ubuntu'), ('XAUTHORITY', '/run/user/1000/gdm/Xauthority'), ('LS_COLORS', 'rs=0:di=01;34:ln=01;36:mh=00:pi=40;33:so=01;35:do=01;35:bd=40;33;01:cd=40;33;01:or=40;31;01:mi=00:su=37;41:sg=30;43:ca=30;41:tw=30;42:ow=34;42:st=37;44:ex=01;32:*.tar=01;31:*.tgz=01;31:*.arc=01;31:*.arj=01;31:*.taz=01;31:*.lha=01;31:*.lz4=01;31:*.lzh=01;31:*.lzma=01;31:*.tlz=01;31:*.txz=01;31:*.tzo=01;31:*.t7z=01;31:*.zip=01;31:*.z=01;31:*.dz=01;31:*.gz=01;31:*.lrz=01;31:*.lz=01;31:*.lzo=01;31:*.xz=01;31:*.zst=01;31:*.tzst=01;31:*.bz2=01;31:*.bz=01;31:*.tbz=01;31:*.tbz2=01;31:*.tz=01;31:*.deb=01;31:*.rpm=01;31:*.jar=01;31:*.war=01;31:*.ear=01;31:*.sar=01;31:*.rar=01;31:*.alz=01;31:*.ace=01;31:*.zoo=01;31:*.cpio=01;31:*.7z=01;31:*.rz=01;31:*.cab=01;31:*.wim=01;31:*.swm=01;31:*.dwm=01;31:*.esd=01;31:*.jpg=01;35:*.jpeg=01;35:*.mjpg=01;35:*.mjpeg=01;35:*.gif=01;35:*.bmp=01;35:*.pbm=01;35:*.pgm=01;35:*.ppm=01;35:*.tga=01;35:*.xbm=01;35:*.xpm=01;35:*.tif=01;35:*.tiff=01;35:*.png=01;35:*.svg=01;35:*.svgz=01;35:*.mng=01;35:*.pcx=01;35:*.mov=01;35:*.mpg=01;35:*.mpeg=01;35:*.m2v=01;35:*.mkv=01;35:*.webm=01;35:*.webp=01;35:*.ogm=01;35:*.mp4=01;35:*.m4v=01;35:*.mp4v=01;35:*.vob=01;35:*.qt=01;35:*.nuv=01;35:*.wmv=01;35:*.asf=01;35:*.rm=01;35:*.rmvb=01;35:*.flc=01;35:*.avi=01;35:*.fli=01;35:*.flv=01;35:*.gl=01;35:*.dl=01;35:*.xcf=01;35:*.xwd=01;35:*.yuv=01;35:*.cgm=01;35:*.emf=01;35:*.ogv=01;35:*.ogx=01;35:*.aac=00;36:*.au=00;36:*.flac=00;36:*.m4a=00;36:*.mid=00;36:*.midi=00;36:*.mka=00;36:*.mp3=00;36:*.mpc=00;36:*.ogg=00;36:*.ra=00;36:*.wav=00;36:*.oga=00;36:*.opus=00;36:*.spx=00;36:*.xspf=00;36:'), ('SSH_AGENT_LAUNCHER', 'gnome-keyring'), ('SSH_AUTH_SOCK', '/run/user/1000/keyring/ssh'), ('AMENT_PREFIX_PATH', '/opt/ros/humble'), ('CONDA_PYTHON_EXE', '/home/jnu/anaconda3/bin/python'), ('SHELL', '/bin/bash'), ('LC_NAME', 'ko_KR.UTF-8'), ('TERMINATOR_UUID', 'urn:uuid:9709fc55-99ce-401d-8324-b50ce6fb78e1'), ('QT_ACCESSIBILITY', '1'), ('GDMSESSION', 'ubuntu'), ('LESSCLOSE', '/usr/bin/lesspipe %s %s'), ('LC_MEASUREMENT', 'ko_KR.UTF-8'), ('GPG_AGENT_INFO', '/run/user/1000/gnupg/S.gpg-agent:0:1'), ('LC_IDENTIFICATION', 'ko_KR.UTF-8'), ('QT_IM_MODULE', 'ibus'), ('PWD', '/home/jnu/go2_ws/build/unitree_go'), ('CUDA_HOME', '/usr/local/cuda-11.8'), ('XDG_CONFIG_DIRS', '/etc/xdg/xdg-ubuntu:/etc/xdg'), ('CONDA_EXE', '/home/jnu/anaconda3/bin/conda'), ('XDG_DATA_DIRS', '/usr/share/ubuntu:/usr/share/gnome:/usr/local/share/:/usr/share/:/var/lib/snapd/desktop'), ('PYTHONPATH', '/opt/ros/humble/lib/python3.10/site-packages:/opt/ros/humble/local/lib/python3.10/dist-packages'), ('LC_NUMERIC', 'ko_KR.UTF-8'), ('LC_PAPER', 'ko_KR.UTF-8'), ('COLCON', '1'), ('VTE_VERSION', '6800'), ('CMAKE_PREFIX_PATH', '/opt/ros/humble')]), 'shell': False}
[0.886929] (go2_interfaces) StdoutLine: {'line': b'-- Generating done\n'}
[0.892384] (go2_interfaces) StdoutLine: {'line': b'-- Build files have been written to: /home/jnu/go2_ws/build/go2_interfaces\n'}
[0.896984] (go2_interfaces) CommandEnded: {'returncode': 0}
[0.897311] (go2_interfaces) JobProgress: {'identifier': 'go2_interfaces', 'progress': 'build'}
[0.897513] (go2_interfaces) Command: {'cmd': ['/usr/bin/cmake', '--build', '/home/jnu/go2_ws/build/go2_interfaces', '--', '-j24', '-l24'], 'cwd': '/home/jnu/go2_ws/build/go2_interfaces', 'env': OrderedDict([('LESSOPEN', '| /usr/bin/lesspipe %s'), ('LANGUAGE', 'ko:en'), ('USER', 'jnu'), ('LC_TIME', 'ko_KR.UTF-8'), ('XDG_SESSION_TYPE', 'x11'), ('SHLVL', '1'), ('LD_LIBRARY_PATH', '/opt/ros/humble/opt/rviz_ogre_vendor/lib:/opt/ros/humble/lib/x86_64-linux-gnu:/opt/ros/humble/lib:/usr/local/cuda-11.8/lib64:'), ('HOME', '/home/jnu'), ('CONDA_SHLVL', '0'), ('OLDPWD', '/home/jnu/go2_ws/src'), ('DESKTOP_SESSION', 'ubuntu'), ('ROS_PYTHON_VERSION', '3'), ('GNOME_SHELL_SESSION_MODE', 'ubuntu'), ('GTK_MODULES', 'gail:atk-bridge'), ('LC_MONETARY', 'ko_KR.UTF-8'), ('MANAGERPID', '1735'), ('SYSTEMD_EXEC_PID', '2210'), ('DBUS_SESSION_BUS_ADDRESS', 'unix:path=/run/user/1000/bus'), ('COLORTERM', 'truecolor'), ('_CE_M', ''), ('TERMINATOR_DBUS_NAME', 'net.tenshu.Terminator23558193cd9818af7fe4d2c2f5bd9d00f'), ('GIO_LAUNCHED_DESKTOP_FILE_PID', '50688'), ('IM_CONFIG_PHASE', '1'), ('ROS_DISTRO', 'humble'), ('GTK_IM_MODULE', 'ibus'), ('LOGNAME', 'jnu'), ('JOURNAL_STREAM', '8:13504'), ('_', '/usr/bin/colcon'), ('ROS_VERSION', '2'), ('XDG_SESSION_CLASS', 'user'), ('USERNAME', 'jnu'), ('TERM', 'xterm-256color'), ('GNOME_DESKTOP_SESSION_ID', 'this-is-deprecated'), ('_CE_CONDA', ''), ('ROS_LOCALHOST_ONLY', '0'), ('WINDOWPATH', '2'), ('PATH', '/opt/ros/humble/bin:/home/jnu/anaconda3/condabin:/usr/local/cuda-11.8/bin:/home/jnu/.local/bin:/usr/local/sbin:/usr/local/bin:/usr/sbin:/usr/bin:/sbin:/bin:/usr/games:/usr/local/games:/snap/bin:/snap/bin'), ('SESSION_MANAGER', 'local/JNU-1:@/tmp/.ICE-unix/1960,unix/JNU-1:/tmp/.ICE-unix/1960'), ('INVOCATION_ID', '626ef355527a45d284069bc1bba02c8f'), ('PAPERSIZE', 'a4'), ('XDG_MENU_PREFIX', 'gnome-'), ('LC_ADDRESS', 'ko_KR.UTF-8'), ('XDG_RUNTIME_DIR', '/run/user/1000'), ('DISPLAY', ':1'), ('TERMINATOR_DBUS_PATH', '/net/tenshu/Terminator2'), ('LANG', 'ko_KR.UTF-8'), ('XDG_CURRENT_DESKTOP', 'ubuntu:GNOME'), ('IBUS_DISABLE_SNOOPER', '1'), ('LC_TELEPHONE', 'ko_KR.UTF-8'), ('XMODIFIERS', '@im=ibus'), ('XDG_SESSION_DESKTOP', 'ubuntu'), ('XAUTHORITY', '/run/user/1000/gdm/Xauthority'), ('LS_COLORS', 'rs=0:di=01;34:ln=01;36:mh=00:pi=40;33:so=01;35:do=01;35:bd=40;33;01:cd=40;33;01:or=40;31;01:mi=00:su=37;41:sg=30;43:ca=30;41:tw=30;42:ow=34;42:st=37;44:ex=01;32:*.tar=01;31:*.tgz=01;31:*.arc=01;31:*.arj=01;31:*.taz=01;31:*.lha=01;31:*.lz4=01;31:*.lzh=01;31:*.lzma=01;31:*.tlz=01;31:*.txz=01;31:*.tzo=01;31:*.t7z=01;31:*.zip=01;31:*.z=01;31:*.dz=01;31:*.gz=01;31:*.lrz=01;31:*.lz=01;31:*.lzo=01;31:*.xz=01;31:*.zst=01;31:*.tzst=01;31:*.bz2=01;31:*.bz=01;31:*.tbz=01;31:*.tbz2=01;31:*.tz=01;31:*.deb=01;31:*.rpm=01;31:*.jar=01;31:*.war=01;31:*.ear=01;31:*.sar=01;31:*.rar=01;31:*.alz=01;31:*.ace=01;31:*.zoo=01;31:*.cpio=01;31:*.7z=01;31:*.rz=01;31:*.cab=01;31:*.wim=01;31:*.swm=01;31:*.dwm=01;31:*.esd=01;31:*.jpg=01;35:*.jpeg=01;35:*.mjpg=01;35:*.mjpeg=01;35:*.gif=01;35:*.bmp=01;35:*.pbm=01;35:*.pgm=01;35:*.ppm=01;35:*.tga=01;35:*.xbm=01;35:*.xpm=01;35:*.tif=01;35:*.tiff=01;35:*.png=01;35:*.svg=01;35:*.svgz=01;35:*.mng=01;35:*.pcx=01;35:*.mov=01;35:*.mpg=01;35:*.mpeg=01;35:*.m2v=01;35:*.mkv=01;35:*.webm=01;35:*.webp=01;35:*.ogm=01;35:*.mp4=01;35:*.m4v=01;35:*.mp4v=01;35:*.vob=01;35:*.qt=01;35:*.nuv=01;35:*.wmv=01;35:*.asf=01;35:*.rm=01;35:*.rmvb=01;35:*.flc=01;35:*.avi=01;35:*.fli=01;35:*.flv=01;35:*.gl=01;35:*.dl=01;35:*.xcf=01;35:*.xwd=01;35:*.yuv=01;35:*.cgm=01;35:*.emf=01;35:*.ogv=01;35:*.ogx=01;35:*.aac=00;36:*.au=00;36:*.flac=00;36:*.m4a=00;36:*.mid=00;36:*.midi=00;36:*.mka=00;36:*.mp3=00;36:*.mpc=00;36:*.ogg=00;36:*.ra=00;36:*.wav=00;36:*.oga=00;36:*.opus=00;36:*.spx=00;36:*.xspf=00;36:'), ('SSH_AGENT_LAUNCHER', 'gnome-keyring'), ('SSH_AUTH_SOCK', '/run/user/1000/keyring/ssh'), ('AMENT_PREFIX_PATH', '/opt/ros/humble'), ('CONDA_PYTHON_EXE', '/home/jnu/anaconda3/bin/python'), ('SHELL', '/bin/bash'), ('LC_NAME', 'ko_KR.UTF-8'), ('TERMINATOR_UUID', 'urn:uuid:9709fc55-99ce-401d-8324-b50ce6fb78e1'), ('QT_ACCESSIBILITY', '1'), ('GDMSESSION', 'ubuntu'), ('LESSCLOSE', '/usr/bin/lesspipe %s %s'), ('LC_MEASUREMENT', 'ko_KR.UTF-8'), ('GPG_AGENT_INFO', '/run/user/1000/gnupg/S.gpg-agent:0:1'), ('LC_IDENTIFICATION', 'ko_KR.UTF-8'), ('QT_IM_MODULE', 'ibus'), ('PWD', '/home/jnu/go2_ws/build/go2_interfaces'), ('CUDA_HOME', '/usr/local/cuda-11.8'), ('XDG_CONFIG_DIRS', '/etc/xdg/xdg-ubuntu:/etc/xdg'), ('CONDA_EXE', '/home/jnu/anaconda3/bin/conda'), ('XDG_DATA_DIRS', '/usr/share/ubuntu:/usr/share/gnome:/usr/local/share/:/usr/share/:/var/lib/snapd/desktop'), ('PYTHONPATH', '/opt/ros/humble/lib/python3.10/site-packages:/opt/ros/humble/local/lib/python3.10/dist-packages'), ('LC_NUMERIC', 'ko_KR.UTF-8'), ('LC_PAPER', 'ko_KR.UTF-8'), ('COLCON', '1'), ('VTE_VERSION', '6800'), ('CMAKE_PREFIX_PATH', '/opt/ros/humble')]), 'shell': False}
[0.898773] (unitree_go) StdoutLine: {'line': b'[  0%] \x1b[34m\x1b[1mGenerating C code for ROS interfaces\x1b[0m\n'}
[0.900345] (-) TimerEvent: {}
[0.905276] (unitree_go) StdoutLine: {'line': b'[  0%] \x1b[34m\x1b[1mGenerating DDS interfaces\x1b[0m\n'}
[0.905902] (unitree_go) StdoutLine: {'line': b'[  0%] \x1b[34m\x1b[1mGenerating C++ code for ROS interfaces\x1b[0m\n'}
[0.908543] (unitree_go) StdoutLine: {'line': b'[  0%] Built target ament_cmake_python_symlink_unitree_go\n'}
[0.910653] (unitree_api) StdoutLine: {'line': b'-- Configuring done\n'}
[0.930003] (go2_interfaces) StdoutLine: {'line': b'[  0%] \x1b[34m\x1b[1mGenerating C code for ROS interfaces\x1b[0m\n'}
[0.930375] (unitree_api) StdoutLine: {'line': b'-- Generating done\n'}
[0.936219] (unitree_api) StdoutLine: {'line': b'-- Build files have been written to: /home/jnu/go2_ws/build/unitree_api\n'}
[0.938378] (go2_interfaces) StdoutLine: {'line': b'[  0%] \x1b[34m\x1b[1mGenerating C++ code for ROS interfaces\x1b[0m\n'}
[0.942442] (unitree_api) CommandEnded: {'returncode': 0}
[0.943334] (unitree_api) JobProgress: {'identifier': 'unitree_api', 'progress': 'build'}
[0.943359] (unitree_api) Command: {'cmd': ['/usr/bin/cmake', '--build', '/home/jnu/go2_ws/build/unitree_api', '--', '-j24', '-l24'], 'cwd': '/home/jnu/go2_ws/build/unitree_api', 'env': OrderedDict([('LESSOPEN', '| /usr/bin/lesspipe %s'), ('LANGUAGE', 'ko:en'), ('USER', 'jnu'), ('LC_TIME', 'ko_KR.UTF-8'), ('XDG_SESSION_TYPE', 'x11'), ('SHLVL', '1'), ('LD_LIBRARY_PATH', '/opt/ros/humble/opt/rviz_ogre_vendor/lib:/opt/ros/humble/lib/x86_64-linux-gnu:/opt/ros/humble/lib:/usr/local/cuda-11.8/lib64:'), ('HOME', '/home/jnu'), ('CONDA_SHLVL', '0'), ('OLDPWD', '/home/jnu/go2_ws/src'), ('DESKTOP_SESSION', 'ubuntu'), ('ROS_PYTHON_VERSION', '3'), ('GNOME_SHELL_SESSION_MODE', 'ubuntu'), ('GTK_MODULES', 'gail:atk-bridge'), ('LC_MONETARY', 'ko_KR.UTF-8'), ('MANAGERPID', '1735'), ('SYSTEMD_EXEC_PID', '2210'), ('DBUS_SESSION_BUS_ADDRESS', 'unix:path=/run/user/1000/bus'), ('COLORTERM', 'truecolor'), ('_CE_M', ''), ('TERMINATOR_DBUS_NAME', 'net.tenshu.Terminator23558193cd9818af7fe4d2c2f5bd9d00f'), ('GIO_LAUNCHED_DESKTOP_FILE_PID', '50688'), ('IM_CONFIG_PHASE', '1'), ('ROS_DISTRO', 'humble'), ('GTK_IM_MODULE', 'ibus'), ('LOGNAME', 'jnu'), ('JOURNAL_STREAM', '8:13504'), ('_', '/usr/bin/colcon'), ('ROS_VERSION', '2'), ('XDG_SESSION_CLASS', 'user'), ('USERNAME', 'jnu'), ('TERM', 'xterm-256color'), ('GNOME_DESKTOP_SESSION_ID', 'this-is-deprecated'), ('_CE_CONDA', ''), ('ROS_LOCALHOST_ONLY', '0'), ('WINDOWPATH', '2'), ('PATH', '/opt/ros/humble/bin:/home/jnu/anaconda3/condabin:/usr/local/cuda-11.8/bin:/home/jnu/.local/bin:/usr/local/sbin:/usr/local/bin:/usr/sbin:/usr/bin:/sbin:/bin:/usr/games:/usr/local/games:/snap/bin:/snap/bin'), ('SESSION_MANAGER', 'local/JNU-1:@/tmp/.ICE-unix/1960,unix/JNU-1:/tmp/.ICE-unix/1960'), ('INVOCATION_ID', '626ef355527a45d284069bc1bba02c8f'), ('PAPERSIZE', 'a4'), ('XDG_MENU_PREFIX', 'gnome-'), ('LC_ADDRESS', 'ko_KR.UTF-8'), ('XDG_RUNTIME_DIR', '/run/user/1000'), ('DISPLAY', ':1'), ('TERMINATOR_DBUS_PATH', '/net/tenshu/Terminator2'), ('LANG', 'ko_KR.UTF-8'), ('XDG_CURRENT_DESKTOP', 'ubuntu:GNOME'), ('IBUS_DISABLE_SNOOPER', '1'), ('LC_TELEPHONE', 'ko_KR.UTF-8'), ('XMODIFIERS', '@im=ibus'), ('XDG_SESSION_DESKTOP', 'ubuntu'), ('XAUTHORITY', '/run/user/1000/gdm/Xauthority'), ('LS_COLORS', 'rs=0:di=01;34:ln=01;36:mh=00:pi=40;33:so=01;35:do=01;35:bd=40;33;01:cd=40;33;01:or=40;31;01:mi=00:su=37;41:sg=30;43:ca=30;41:tw=30;42:ow=34;42:st=37;44:ex=01;32:*.tar=01;31:*.tgz=01;31:*.arc=01;31:*.arj=01;31:*.taz=01;31:*.lha=01;31:*.lz4=01;31:*.lzh=01;31:*.lzma=01;31:*.tlz=01;31:*.txz=01;31:*.tzo=01;31:*.t7z=01;31:*.zip=01;31:*.z=01;31:*.dz=01;31:*.gz=01;31:*.lrz=01;31:*.lz=01;31:*.lzo=01;31:*.xz=01;31:*.zst=01;31:*.tzst=01;31:*.bz2=01;31:*.bz=01;31:*.tbz=01;31:*.tbz2=01;31:*.tz=01;31:*.deb=01;31:*.rpm=01;31:*.jar=01;31:*.war=01;31:*.ear=01;31:*.sar=01;31:*.rar=01;31:*.alz=01;31:*.ace=01;31:*.zoo=01;31:*.cpio=01;31:*.7z=01;31:*.rz=01;31:*.cab=01;31:*.wim=01;31:*.swm=01;31:*.dwm=01;31:*.esd=01;31:*.jpg=01;35:*.jpeg=01;35:*.mjpg=01;35:*.mjpeg=01;35:*.gif=01;35:*.bmp=01;35:*.pbm=01;35:*.pgm=01;35:*.ppm=01;35:*.tga=01;35:*.xbm=01;35:*.xpm=01;35:*.tif=01;35:*.tiff=01;35:*.png=01;35:*.svg=01;35:*.svgz=01;35:*.mng=01;35:*.pcx=01;35:*.mov=01;35:*.mpg=01;35:*.mpeg=01;35:*.m2v=01;35:*.mkv=01;35:*.webm=01;35:*.webp=01;35:*.ogm=01;35:*.mp4=01;35:*.m4v=01;35:*.mp4v=01;35:*.vob=01;35:*.qt=01;35:*.nuv=01;35:*.wmv=01;35:*.asf=01;35:*.rm=01;35:*.rmvb=01;35:*.flc=01;35:*.avi=01;35:*.fli=01;35:*.flv=01;35:*.gl=01;35:*.dl=01;35:*.xcf=01;35:*.xwd=01;35:*.yuv=01;35:*.cgm=01;35:*.emf=01;35:*.ogv=01;35:*.ogx=01;35:*.aac=00;36:*.au=00;36:*.flac=00;36:*.m4a=00;36:*.mid=00;36:*.midi=00;36:*.mka=00;36:*.mp3=00;36:*.mpc=00;36:*.ogg=00;36:*.ra=00;36:*.wav=00;36:*.oga=00;36:*.opus=00;36:*.spx=00;36:*.xspf=00;36:'), ('SSH_AGENT_LAUNCHER', 'gnome-keyring'), ('SSH_AUTH_SOCK', '/run/user/1000/keyring/ssh'), ('AMENT_PREFIX_PATH', '/opt/ros/humble'), ('CONDA_PYTHON_EXE', '/home/jnu/anaconda3/bin/python'), ('SHELL', '/bin/bash'), ('LC_NAME', 'ko_KR.UTF-8'), ('TERMINATOR_UUID', 'urn:uuid:9709fc55-99ce-401d-8324-b50ce6fb78e1'), ('QT_ACCESSIBILITY', '1'), ('GDMSESSION', 'ubuntu'), ('LESSCLOSE', '/usr/bin/lesspipe %s %s'), ('LC_MEASUREMENT', 'ko_KR.UTF-8'), ('GPG_AGENT_INFO', '/run/user/1000/gnupg/S.gpg-agent:0:1'), ('LC_IDENTIFICATION', 'ko_KR.UTF-8'), ('QT_IM_MODULE', 'ibus'), ('PWD', '/home/jnu/go2_ws/build/unitree_api'), ('CUDA_HOME', '/usr/local/cuda-11.8'), ('XDG_CONFIG_DIRS', '/etc/xdg/xdg-ubuntu:/etc/xdg'), ('CONDA_EXE', '/home/jnu/anaconda3/bin/conda'), ('XDG_DATA_DIRS', '/usr/share/ubuntu:/usr/share/gnome:/usr/local/share/:/usr/share/:/var/lib/snapd/desktop'), ('PYTHONPATH', '/opt/ros/humble/lib/python3.10/site-packages:/opt/ros/humble/local/lib/python3.10/dist-packages'), ('LC_NUMERIC', 'ko_KR.UTF-8'), ('LC_PAPER', 'ko_KR.UTF-8'), ('COLCON', '1'), ('VTE_VERSION', '6800'), ('CMAKE_PREFIX_PATH', '/opt/ros/humble')]), 'shell': False}
[0.943871] (go2_interfaces) StdoutLine: {'line': b'[  0%] Built target ament_cmake_python_symlink_go2_interfaces\n'}
[0.973112] (unitree_api) StdoutLine: {'line': b'[  1%] \x1b[34m\x1b[1mGenerating C code for ROS interfaces\x1b[0m\n'}
[0.981204] (unitree_api) StdoutLine: {'line': b'[  3%] Built target ament_cmake_python_symlink_unitree_api\n'}
[0.981360] (unitree_api) StdoutLine: {'line': b'[  3%] \x1b[34m\x1b[1mGenerating DDS interfaces\x1b[0m\n'}
[0.981436] (unitree_api) StdoutLine: {'line': b'[  3%] \x1b[34m\x1b[1mGenerating C++ code for ROS interfaces\x1b[0m\n'}
[1.000419] (-) TimerEvent: {}
[1.018356] (unitree_go) StdoutLine: {'line': b'running egg_info\n'}
[1.018617] (unitree_go) StdoutLine: {'line': b'creating unitree_go.egg-info\n'}
[1.018698] (unitree_go) StdoutLine: {'line': b'writing unitree_go.egg-info/PKG-INFO\n'}
[1.018770] (unitree_go) StdoutLine: {'line': b'writing dependency_links to unitree_go.egg-info/dependency_links.txt\n'}
[1.018838] (unitree_go) StdoutLine: {'line': b'writing top-level names to unitree_go.egg-info/top_level.txt\n'}
[1.018901] (unitree_go) StdoutLine: {'line': b"writing manifest file 'unitree_go.egg-info/SOURCES.txt'\n"}
[1.019702] (unitree_go) StdoutLine: {'line': b"reading manifest file 'unitree_go.egg-info/SOURCES.txt'\n"}
[1.019969] (unitree_go) StdoutLine: {'line': b"writing manifest file 'unitree_go.egg-info/SOURCES.txt'\n"}
[1.036113] (unitree_go) StdoutLine: {'line': b'[  0%] Built target ament_cmake_python_build_unitree_go_egg\n'}
[1.059394] (go2_interfaces) StdoutLine: {'line': b'running egg_info\n'}
[1.059625] (go2_interfaces) StdoutLine: {'line': b'creating go2_interfaces.egg-info\n'}
[1.059705] (go2_interfaces) StdoutLine: {'line': b'writing go2_interfaces.egg-info/PKG-INFO\n'}
[1.059775] (go2_interfaces) StdoutLine: {'line': b'writing dependency_links to go2_interfaces.egg-info/dependency_links.txt\n'}
[1.059847] (go2_interfaces) StdoutLine: {'line': b'writing top-level names to go2_interfaces.egg-info/top_level.txt\n'}
[1.059912] (go2_interfaces) StdoutLine: {'line': b"writing manifest file 'go2_interfaces.egg-info/SOURCES.txt'\n"}
[1.060681] (go2_interfaces) StdoutLine: {'line': b"reading manifest file 'go2_interfaces.egg-info/SOURCES.txt'\n"}
[1.060945] (go2_interfaces) StdoutLine: {'line': b"writing manifest file 'go2_interfaces.egg-info/SOURCES.txt'\n"}
[1.076305] (go2_interfaces) StdoutLine: {'line': b'[  0%] Built target ament_cmake_python_build_go2_interfaces_egg\n'}
[1.093915] (unitree_api) StdoutLine: {'line': b'running egg_info\n'}
[1.094171] (unitree_api) StdoutLine: {'line': b'creating unitree_api.egg-info\n'}
[1.094264] (unitree_api) StdoutLine: {'line': b'writing unitree_api.egg-info/PKG-INFO\n'}
[1.094337] (unitree_api) StdoutLine: {'line': b'writing dependency_links to unitree_api.egg-info/dependency_links.txt\n'}
[1.094416] (unitree_api) StdoutLine: {'line': b'writing top-level names to unitree_api.egg-info/top_level.txt\n'}
[1.094484] (unitree_api) StdoutLine: {'line': b"writing manifest file 'unitree_api.egg-info/SOURCES.txt'\n"}
[1.095179] (unitree_api) StdoutLine: {'line': b"reading manifest file 'unitree_api.egg-info/SOURCES.txt'\n"}
[1.095466] (unitree_api) StdoutLine: {'line': b"writing manifest file 'unitree_api.egg-info/SOURCES.txt'\n"}
[1.100489] (-) TimerEvent: {}
[1.111320] (unitree_api) StdoutLine: {'line': b'[  3%] Built target ament_cmake_python_build_unitree_api_egg\n'}
[1.123744] (unitree_api) StdoutLine: {'line': b'[  3%] Built target unitree_api__dds_connext_idl\n'}
[1.200585] (-) TimerEvent: {}
[1.239736] (unitree_api) StdoutLine: {'line': b'[  5%] \x1b[32mBuilding C object CMakeFiles/unitree_api__rosidl_generator_c.dir/rosidl_generator_c/unitree_api/msg/detail/response_status__functions.c.o\x1b[0m\n'}
[1.239913] (unitree_api) StdoutLine: {'line': b'[  5%] \x1b[32mBuilding C object CMakeFiles/unitree_api__rosidl_generator_c.dir/rosidl_generator_c/unitree_api/msg/detail/response__functions.c.o\x1b[0m\n'}
[1.240450] (unitree_api) StdoutLine: {'line': b'[  6%] \x1b[32mBuilding C object CMakeFiles/unitree_api__rosidl_generator_c.dir/rosidl_generator_c/unitree_api/msg/detail/request__functions.c.o\x1b[0m\n'}
[1.240697] (unitree_api) StdoutLine: {'line': b'[  7%] \x1b[32mBuilding C object CMakeFiles/unitree_api__rosidl_generator_c.dir/rosidl_generator_c/unitree_api/msg/detail/request_identity__functions.c.o\x1b[0m\n'}
[1.241050] (unitree_api) StdoutLine: {'line': b'[  9%] \x1b[32mBuilding C object CMakeFiles/unitree_api__rosidl_generator_c.dir/rosidl_generator_c/unitree_api/msg/detail/request_header__functions.c.o\x1b[0m\n'}
[1.241324] (unitree_api) StdoutLine: {'line': b'[ 10%] \x1b[32mBuilding C object CMakeFiles/unitree_api__rosidl_generator_c.dir/rosidl_generator_c/unitree_api/msg/detail/request_lease__functions.c.o\x1b[0m\n'}
[1.241447] (unitree_api) StdoutLine: {'line': b'[ 11%] \x1b[32mBuilding C object CMakeFiles/unitree_api__rosidl_generator_c.dir/rosidl_generator_c/unitree_api/msg/detail/request_policy__functions.c.o\x1b[0m\n'}
[1.241768] (unitree_api) StdoutLine: {'line': b'[ 12%] \x1b[32mBuilding C object CMakeFiles/unitree_api__rosidl_generator_c.dir/rosidl_generator_c/unitree_api/msg/detail/response_header__functions.c.o\x1b[0m\n'}
[1.277395] (unitree_api) StdoutLine: {'line': b'[ 13%] \x1b[32m\x1b[1mLinking C shared library libunitree_api__rosidl_generator_c.so\x1b[0m\n'}
[1.294745] (unitree_api) StdoutLine: {'line': b'[ 13%] Built target unitree_api__cpp\n'}
[1.300374] (unitree_api) StdoutLine: {'line': b'[ 14%] \x1b[34m\x1b[1mGenerating C++ type support dispatch for ROS interfaces\x1b[0m\n'}
[1.300497] (unitree_api) StdoutLine: {'line': b'[ 14%] Built target unitree_api__rosidl_generator_c\n'}
[1.300632] (-) TimerEvent: {}
[1.302027] (unitree_api) StdoutLine: {'line': b'[ 17%] \x1b[34m\x1b[1mGenerating C++ type support for eProsima Fast-RTPS\x1b[0m\n'}
[1.302130] (unitree_api) StdoutLine: {'line': b'[ 17%] \x1b[34m\x1b[1mGenerating C++ introspection for ROS interfaces\x1b[0m\n'}
[1.305693] (unitree_api) StdoutLine: {'line': b'[ 19%] \x1b[34m\x1b[1mGenerating C introspection for ROS interfaces\x1b[0m\n'}
[1.305807] (unitree_api) StdoutLine: {'line': b'[ 19%] \x1b[34m\x1b[1mGenerating C type support dispatch for ROS interfaces\x1b[0m\n'}
[1.307769] (unitree_api) StdoutLine: {'line': b'[ 20%] \x1b[34m\x1b[1mGenerating C type support for eProsima Fast-RTPS\x1b[0m\n'}
[1.400732] (-) TimerEvent: {}
[1.454231] (unitree_go) StdoutLine: {'line': b'[  0%] Built target unitree_go__dds_connext_idl\n'}
[1.500828] (-) TimerEvent: {}
[1.516425] (unitree_api) StdoutLine: {'line': b'[ 22%] \x1b[32mBuilding C object CMakeFiles/unitree_api__rosidl_typesupport_introspection_c.dir/rosidl_typesupport_introspection_c/unitree_api/msg/detail/request_header__type_support.c.o\x1b[0m\n'}
[1.516665] (unitree_api) StdoutLine: {'line': b'[ 22%] \x1b[32mBuilding C object CMakeFiles/unitree_api__rosidl_typesupport_introspection_c.dir/rosidl_typesupport_introspection_c/unitree_api/msg/detail/request__type_support.c.o\x1b[0m\n'}
[1.516732] (unitree_api) StdoutLine: {'line': b'[ 23%] \x1b[32mBuilding C object CMakeFiles/unitree_api__rosidl_typesupport_introspection_c.dir/rosidl_typesupport_introspection_c/unitree_api/msg/detail/request_identity__type_support.c.o\x1b[0m\n'}
[1.516789] (unitree_api) StdoutLine: {'line': b'[ 25%] \x1b[32mBuilding C object CMakeFiles/unitree_api__rosidl_typesupport_introspection_c.dir/rosidl_typesupport_introspection_c/unitree_api/msg/detail/response__type_support.c.o\x1b[0m\n'}
[1.516843] (unitree_api) StdoutLine: {'line': b'[ 26%] \x1b[32mBuilding C object CMakeFiles/unitree_api__rosidl_typesupport_introspection_c.dir/rosidl_typesupport_introspection_c/unitree_api/msg/detail/request_lease__type_support.c.o\x1b[0m\n'}
[1.516895] (unitree_api) StdoutLine: {'line': b'[ 27%] \x1b[32mBuilding C object CMakeFiles/unitree_api__rosidl_typesupport_introspection_c.dir/rosidl_typesupport_introspection_c/unitree_api/msg/detail/response_header__type_support.c.o\x1b[0m\n'}
[1.517638] (unitree_api) StdoutLine: {'line': b'[ 28%] \x1b[32mBuilding C object CMakeFiles/unitree_api__rosidl_typesupport_introspection_c.dir/rosidl_typesupport_introspection_c/unitree_api/msg/detail/request_policy__type_support.c.o\x1b[0m\n'}
[1.521708] (unitree_api) StdoutLine: {'line': b'[ 29%] \x1b[32mBuilding C object CMakeFiles/unitree_api__rosidl_typesupport_introspection_c.dir/rosidl_typesupport_introspection_c/unitree_api/msg/detail/response_status__type_support.c.o\x1b[0m\n'}
[1.530617] (unitree_api) StdoutLine: {'line': b'[ 30%] \x1b[32mBuilding CXX object CMakeFiles/unitree_api__rosidl_typesupport_cpp.dir/rosidl_typesupport_cpp/unitree_api/msg/request__type_support.cpp.o\x1b[0m\n'}
[1.530802] (unitree_api) StdoutLine: {'line': b'[ 31%] \x1b[32mBuilding CXX object CMakeFiles/unitree_api__rosidl_typesupport_cpp.dir/rosidl_typesupport_cpp/unitree_api/msg/request_header__type_support.cpp.o\x1b[0m\n'}
[1.530912] (unitree_api) StdoutLine: {'line': b'[ 32%] \x1b[32mBuilding CXX object CMakeFiles/unitree_api__rosidl_typesupport_cpp.dir/rosidl_typesupport_cpp/unitree_api/msg/request_identity__type_support.cpp.o\x1b[0m\n'}
[1.532001] (unitree_api) StdoutLine: {'line': b'[ 34%] \x1b[32mBuilding CXX object CMakeFiles/unitree_api__rosidl_typesupport_cpp.dir/rosidl_typesupport_cpp/unitree_api/msg/response__type_support.cpp.o\x1b[0m\n'}
[1.532100] (unitree_api) StdoutLine: {'line': b'[ 35%] \x1b[32mBuilding CXX object CMakeFiles/unitree_api__rosidl_typesupport_cpp.dir/rosidl_typesupport_cpp/unitree_api/msg/request_lease__type_support.cpp.o\x1b[0m\n'}
[1.532139] (unitree_api) StdoutLine: {'line': b'[ 36%] \x1b[32mBuilding CXX object CMakeFiles/unitree_api__rosidl_typesupport_cpp.dir/rosidl_typesupport_cpp/unitree_api/msg/request_policy__type_support.cpp.o\x1b[0m\n'}
[1.533149] (unitree_api) StdoutLine: {'line': b'[ 37%] \x1b[32mBuilding CXX object CMakeFiles/unitree_api__rosidl_typesupport_cpp.dir/rosidl_typesupport_cpp/unitree_api/msg/response_header__type_support.cpp.o\x1b[0m\n'}
[1.534812] (unitree_api) StdoutLine: {'line': b'[ 38%] \x1b[32mBuilding CXX object CMakeFiles/unitree_api__rosidl_typesupport_cpp.dir/rosidl_typesupport_cpp/unitree_api/msg/response_status__type_support.cpp.o\x1b[0m\n'}
[1.545592] (unitree_api) StdoutLine: {'line': b'[ 42%] \x1b[32mBuilding CXX object CMakeFiles/unitree_api__rosidl_typesupport_fastrtps_cpp.dir/rosidl_typesupport_fastrtps_cpp/unitree_api/msg/detail/dds_fastrtps/request_header__type_support.cpp.o\x1b[0m\n'}
[1.545864] (unitree_api) StdoutLine: {'line': b'[ 42%] \x1b[32mBuilding CXX object CMakeFiles/unitree_api__rosidl_typesupport_fastrtps_c.dir/rosidl_typesupport_fastrtps_c/unitree_api/msg/detail/request__type_support_c.cpp.o\x1b[0m\n'}
[1.545929] (unitree_api) StdoutLine: {'line': b'[ 42%] \x1b[32mBuilding CXX object CMakeFiles/unitree_api__rosidl_typesupport_fastrtps_cpp.dir/rosidl_typesupport_fastrtps_cpp/unitree_api/msg/detail/dds_fastrtps/request_identity__type_support.cpp.o\x1b[0m\n'}
[1.545996] (unitree_api) StdoutLine: {'line': b'[ 43%] \x1b[32mBuilding CXX object CMakeFiles/unitree_api__rosidl_typesupport_fastrtps_c.dir/rosidl_typesupport_fastrtps_c/unitree_api/msg/detail/request_header__type_support_c.cpp.o\x1b[0m\n'}
[1.546052] (unitree_api) StdoutLine: {'line': b'[ 44%] \x1b[32mBuilding CXX object CMakeFiles/unitree_api__rosidl_typesupport_fastrtps_c.dir/rosidl_typesupport_fastrtps_c/unitree_api/msg/detail/request_lease__type_support_c.cpp.o\x1b[0m\n'}
[1.546103] (unitree_api) StdoutLine: {'line': b'[ 45%] \x1b[32mBuilding CXX object CMakeFiles/unitree_api__rosidl_typesupport_fastrtps_c.dir/rosidl_typesupport_fastrtps_c/unitree_api/msg/detail/request_identity__type_support_c.cpp.o\x1b[0m\n'}
[1.546870] (unitree_api) StdoutLine: {'line': b'[ 46%] \x1b[32mBuilding CXX object CMakeFiles/unitree_api__rosidl_typesupport_fastrtps_c.dir/rosidl_typesupport_fastrtps_c/unitree_api/msg/detail/response__type_support_c.cpp.o\x1b[0m\n'}
[1.547816] (unitree_api) StdoutLine: {'line': b'[ 47%] \x1b[32mBuilding CXX object CMakeFiles/unitree_api__rosidl_typesupport_fastrtps_c.dir/rosidl_typesupport_fastrtps_c/unitree_api/msg/detail/response_header__type_support_c.cpp.o\x1b[0m\n'}
[1.547933] (unitree_api) StdoutLine: {'line': b'[ 48%] \x1b[32mBuilding CXX object CMakeFiles/unitree_api__rosidl_typesupport_fastrtps_cpp.dir/rosidl_typesupport_fastrtps_cpp/unitree_api/msg/detail/dds_fastrtps/request__type_support.cpp.o\x1b[0m\n'}
[1.549549] (unitree_api) StdoutLine: {'line': b'[ 50%] \x1b[32mBuilding CXX object CMakeFiles/unitree_api__rosidl_typesupport_fastrtps_c.dir/rosidl_typesupport_fastrtps_c/unitree_api/msg/detail/request_policy__type_support_c.cpp.o\x1b[0m\n'}
[1.551450] (unitree_api) StdoutLine: {'line': b'[ 51%] \x1b[32mBuilding CXX object CMakeFiles/unitree_api__rosidl_typesupport_fastrtps_cpp.dir/rosidl_typesupport_fastrtps_cpp/unitree_api/msg/detail/dds_fastrtps/request_lease__type_support.cpp.o\x1b[0m\n'}
[1.553409] (unitree_api) StdoutLine: {'line': b'[ 52%] \x1b[32mBuilding CXX object CMakeFiles/unitree_api__rosidl_typesupport_fastrtps_cpp.dir/rosidl_typesupport_fastrtps_cpp/unitree_api/msg/detail/dds_fastrtps/request_policy__type_support.cpp.o\x1b[0m\n'}
[1.554478] (unitree_api) StdoutLine: {'line': b'[ 53%] \x1b[32mBuilding CXX object CMakeFiles/unitree_api__rosidl_typesupport_fastrtps_cpp.dir/rosidl_typesupport_fastrtps_cpp/unitree_api/msg/detail/dds_fastrtps/response__type_support.cpp.o\x1b[0m\n'}
[1.557111] (unitree_api) StdoutLine: {'line': b'[ 54%] \x1b[32m\x1b[1mLinking C shared library libunitree_api__rosidl_typesupport_introspection_c.so\x1b[0m\n'}
[1.589498] (unitree_api) StdoutLine: {'line': b'[ 54%] Built target unitree_api__rosidl_typesupport_introspection_c\n'}
[1.600929] (-) TimerEvent: {}
[1.631952] (unitree_api) StdoutLine: {'line': b'[ 55%] \x1b[32mBuilding CXX object CMakeFiles/unitree_api__rosidl_typesupport_fastrtps_c.dir/rosidl_typesupport_fastrtps_c/unitree_api/msg/detail/response_status__type_support_c.cpp.o\x1b[0m\n'}
[1.672398] (unitree_api) StdoutLine: {'line': b'[ 56%] \x1b[32mBuilding CXX object CMakeFiles/unitree_api__rosidl_typesupport_c.dir/rosidl_typesupport_c/unitree_api/msg/request__type_support.cpp.o\x1b[0m\n'}
[1.701061] (-) TimerEvent: {}
[1.733752] (unitree_api) StdoutLine: {'line': b'[ 57%] \x1b[32mBuilding CXX object CMakeFiles/unitree_api__rosidl_typesupport_c.dir/rosidl_typesupport_c/unitree_api/msg/request_header__type_support.cpp.o\x1b[0m\n'}
[1.752535] (unitree_api) StdoutLine: {'line': b'[ 59%] \x1b[32mBuilding CXX object CMakeFiles/unitree_api__rosidl_typesupport_c.dir/rosidl_typesupport_c/unitree_api/msg/request_identity__type_support.cpp.o\x1b[0m\n'}
[1.752820] (unitree_api) StdoutLine: {'line': b'[ 60%] \x1b[32mBuilding CXX object CMakeFiles/unitree_api__rosidl_typesupport_fastrtps_cpp.dir/rosidl_typesupport_fastrtps_cpp/unitree_api/msg/detail/dds_fastrtps/response_status__type_support.cpp.o\x1b[0m\n'}
[1.756279] (unitree_api) StdoutLine: {'line': b'[ 61%] \x1b[32mBuilding CXX object CMakeFiles/unitree_api__rosidl_typesupport_fastrtps_cpp.dir/rosidl_typesupport_fastrtps_cpp/unitree_api/msg/detail/dds_fastrtps/response_header__type_support.cpp.o\x1b[0m\n'}
[1.784153] (unitree_api) StdoutLine: {'line': b'[ 62%] \x1b[32mBuilding CXX object CMakeFiles/unitree_api__rosidl_typesupport_c.dir/rosidl_typesupport_c/unitree_api/msg/request_lease__type_support.cpp.o\x1b[0m\n'}
[1.786970] (unitree_api) StdoutLine: {'line': b'[ 63%] \x1b[32mBuilding CXX object CMakeFiles/unitree_api__rosidl_typesupport_c.dir/rosidl_typesupport_c/unitree_api/msg/request_policy__type_support.cpp.o\x1b[0m\n'}
[1.788126] (unitree_api) StdoutLine: {'line': b'[ 64%] \x1b[32mBuilding CXX object CMakeFiles/unitree_api__rosidl_typesupport_c.dir/rosidl_typesupport_c/unitree_api/msg/response__type_support.cpp.o\x1b[0m\n'}
[1.793058] (unitree_api) StdoutLine: {'line': b'[ 65%] \x1b[32mBuilding CXX object CMakeFiles/unitree_api__rosidl_typesupport_c.dir/rosidl_typesupport_c/unitree_api/msg/response_header__type_support.cpp.o\x1b[0m\n'}
[1.801175] (-) TimerEvent: {}
[1.804435] (unitree_api) StdoutLine: {'line': b'[ 67%] \x1b[32mBuilding CXX object CMakeFiles/unitree_api__rosidl_typesupport_introspection_cpp.dir/rosidl_typesupport_introspection_cpp/unitree_api/msg/detail/request__type_support.cpp.o\x1b[0m\n'}
[1.812156] (unitree_api) StdoutLine: {'line': b'[ 68%] \x1b[32mBuilding CXX object CMakeFiles/unitree_api__rosidl_typesupport_introspection_cpp.dir/rosidl_typesupport_introspection_cpp/unitree_api/msg/detail/request_header__type_support.cpp.o\x1b[0m\n'}
[1.822035] (unitree_api) StdoutLine: {'line': b'[ 69%] \x1b[32mBuilding CXX object CMakeFiles/unitree_api__rosidl_typesupport_introspection_cpp.dir/rosidl_typesupport_introspection_cpp/unitree_api/msg/detail/request_identity__type_support.cpp.o\x1b[0m\n'}
[1.824255] (unitree_api) StdoutLine: {'line': b'[ 70%] \x1b[32mBuilding CXX object CMakeFiles/unitree_api__rosidl_typesupport_c.dir/rosidl_typesupport_c/unitree_api/msg/response_status__type_support.cpp.o\x1b[0m\n'}
[1.828032] (unitree_api) StdoutLine: {'line': b'[ 71%] \x1b[32mBuilding CXX object CMakeFiles/unitree_api__rosidl_typesupport_introspection_cpp.dir/rosidl_typesupport_introspection_cpp/unitree_api/msg/detail/request_lease__type_support.cpp.o\x1b[0m\n'}
[1.834064] (unitree_api) StdoutLine: {'line': b'[ 73%] \x1b[32mBuilding CXX object CMakeFiles/unitree_api__rosidl_typesupport_introspection_cpp.dir/rosidl_typesupport_introspection_cpp/unitree_api/msg/detail/request_policy__type_support.cpp.o\x1b[0m\n'}
[1.834315] (unitree_api) StdoutLine: {'line': b'[ 73%] \x1b[32mBuilding CXX object CMakeFiles/unitree_api__rosidl_typesupport_introspection_cpp.dir/rosidl_typesupport_introspection_cpp/unitree_api/msg/detail/response__type_support.cpp.o\x1b[0m\n'}
[1.843236] (unitree_api) StdoutLine: {'line': b'[ 75%] \x1b[32mBuilding CXX object CMakeFiles/unitree_api__rosidl_typesupport_introspection_cpp.dir/rosidl_typesupport_introspection_cpp/unitree_api/msg/detail/response_header__type_support.cpp.o\x1b[0m\n'}
[1.852226] (unitree_api) StdoutLine: {'line': b'[ 76%] \x1b[32mBuilding CXX object CMakeFiles/unitree_api__rosidl_typesupport_introspection_cpp.dir/rosidl_typesupport_introspection_cpp/unitree_api/msg/detail/response_status__type_support.cpp.o\x1b[0m\n'}
[1.876507] (unitree_api) StdoutLine: {'line': b'[ 77%] \x1b[32m\x1b[1mLinking CXX shared library libunitree_api__rosidl_typesupport_c.so\x1b[0m\n'}
[1.896326] (unitree_api) StdoutLine: {'line': b'[ 78%] \x1b[32m\x1b[1mLinking CXX shared library libunitree_api__rosidl_typesupport_cpp.so\x1b[0m\n'}
[1.901273] (-) TimerEvent: {}
[1.916360] (unitree_api) StdoutLine: {'line': b'[ 78%] Built target unitree_api__rosidl_typesupport_c\n'}
[1.934278] (unitree_api) StdoutLine: {'line': b'[ 78%] Built target unitree_api__rosidl_typesupport_cpp\n'}
[1.944960] (unitree_api) StdoutLine: {'line': b'[ 79%] \x1b[32m\x1b[1mLinking CXX shared library libunitree_api__rosidl_typesupport_fastrtps_c.so\x1b[0m\n'}
[2.001880] (-) TimerEvent: {}
[2.017199] (unitree_api) StdoutLine: {'line': b'[ 79%] Built target unitree_api__rosidl_typesupport_fastrtps_c\n'}
[2.078851] (unitree_go) StdoutLine: {'line': b'[  0%] Built target unitree_go__cpp\n'}
[2.086698] (unitree_go) StdoutLine: {'line': b'[  1%] \x1b[34m\x1b[1mGenerating C++ introspection for ROS interfaces\x1b[0m\n'}
[2.087015] (unitree_go) StdoutLine: {'line': b'[  2%] \x1b[34m\x1b[1mGenerating C++ type support dispatch for ROS interfaces\x1b[0m\n'}
[2.087079] (unitree_go) StdoutLine: {'line': b'[  3%] \x1b[34m\x1b[1mGenerating C++ type support for eProsima Fast-RTPS\x1b[0m\n'}
[2.102390] (-) TimerEvent: {}
[2.117836] (unitree_api) StdoutLine: {'line': b'[ 80%] \x1b[32m\x1b[1mLinking CXX shared library libunitree_api__rosidl_typesupport_fastrtps_cpp.so\x1b[0m\n'}
[2.152530] (go2_interfaces) StdoutLine: {'line': b'[  1%] \x1b[32mBuilding C object CMakeFiles/go2_interfaces__rosidl_generator_c.dir/rosidl_generator_c/go2_interfaces/srv/detail/euler__functions.c.o\x1b[0m\n'}
[2.152790] (go2_interfaces) StdoutLine: {'line': b'[  2%] \x1b[32mBuilding C object CMakeFiles/go2_interfaces__rosidl_generator_c.dir/rosidl_generator_c/go2_interfaces/srv/detail/body_height__functions.c.o\x1b[0m\n'}
[2.155665] (go2_interfaces) StdoutLine: {'line': b'[  2%] \x1b[32mBuilding C object CMakeFiles/go2_interfaces__rosidl_generator_c.dir/rosidl_generator_c/go2_interfaces/srv/detail/continuous_gait__functions.c.o\x1b[0m\n'}
[2.155946] (go2_interfaces) StdoutLine: {'line': b'[  2%] \x1b[32mBuilding C object CMakeFiles/go2_interfaces__rosidl_generator_c.dir/rosidl_generator_c/go2_interfaces/srv/detail/foot_raise_height__functions.c.o\x1b[0m\n'}
[2.158530] (go2_interfaces) StdoutLine: {'line': b'[  2%] \x1b[32mBuilding C object CMakeFiles/go2_interfaces__rosidl_generator_c.dir/rosidl_generator_c/go2_interfaces/srv/detail/get_brightness__functions.c.o\x1b[0m\n'}
[2.158746] (go2_interfaces) StdoutLine: {'line': b'[  3%] \x1b[32mBuilding C object CMakeFiles/go2_interfaces__rosidl_generator_c.dir/rosidl_generator_c/go2_interfaces/srv/detail/get_state__functions.c.o\x1b[0m\n'}
[2.158805] (go2_interfaces) StdoutLine: {'line': b'[  3%] \x1b[32mBuilding C object CMakeFiles/go2_interfaces__rosidl_generator_c.dir/rosidl_generator_c/go2_interfaces/srv/detail/get_switch__functions.c.o\x1b[0m\n'}
[2.158911] (go2_interfaces) StdoutLine: {'line': b'[  3%] \x1b[32mBuilding C object CMakeFiles/go2_interfaces__rosidl_generator_c.dir/rosidl_generator_c/go2_interfaces/srv/detail/get_speed_level__functions.c.o\x1b[0m\n'}
[2.160210] (go2_interfaces) StdoutLine: {'line': b'[  5%] \x1b[32mBuilding C object CMakeFiles/go2_interfaces__rosidl_generator_c.dir/rosidl_generator_c/go2_interfaces/srv/detail/get_foot_raise_height__functions.c.o\x1b[0m\n'}
[2.160378] (go2_interfaces) StdoutLine: {'line': b'[  5%] \x1b[32mBuilding C object CMakeFiles/go2_interfaces__rosidl_generator_c.dir/rosidl_generator_c/go2_interfaces/srv/detail/get_body_height__functions.c.o\x1b[0m\n'}
[2.164988] (go2_interfaces) StdoutLine: {'line': b'[  6%] \x1b[32mBuilding C object CMakeFiles/go2_interfaces__rosidl_generator_c.dir/rosidl_generator_c/go2_interfaces/srv/detail/get_switch_obstacles_avoidance__functions.c.o\x1b[0m\n'}
[2.181936] (go2_interfaces) StdoutLine: {'line': b'[  6%] \x1b[32mBuilding C object CMakeFiles/go2_interfaces__rosidl_generator_c.dir/rosidl_generator_c/go2_interfaces/srv/detail/get_volume__functions.c.o\x1b[0m\n'}
[2.182164] (go2_interfaces) StdoutLine: {'line': b'[  7%] \x1b[32mBuilding C object CMakeFiles/go2_interfaces__rosidl_generator_c.dir/rosidl_generator_c/go2_interfaces/srv/detail/say__functions.c.o\x1b[0m\n'}
[2.187512] (go2_interfaces) StdoutLine: {'line': b'[  7%] \x1b[32mBuilding C object CMakeFiles/go2_interfaces__rosidl_generator_c.dir/rosidl_generator_c/go2_interfaces/srv/detail/set_brightness__functions.c.o\x1b[0m\n'}
[2.190929] (go2_interfaces) StdoutLine: {'line': b'[  8%] \x1b[32mBuilding C object CMakeFiles/go2_interfaces__rosidl_generator_c.dir/rosidl_generator_c/go2_interfaces/srv/detail/mode__functions.c.o\x1b[0m\n'}
[2.198035] (go2_interfaces) StdoutLine: {'line': b'[  8%] \x1b[32mBuilding C object CMakeFiles/go2_interfaces__rosidl_generator_c.dir/rosidl_generator_c/go2_interfaces/srv/detail/pose__functions.c.o\x1b[0m\n'}
[2.198336] (go2_interfaces) StdoutLine: {'line': b'[  9%] \x1b[32mBuilding C object CMakeFiles/go2_interfaces__rosidl_generator_c.dir/rosidl_generator_c/go2_interfaces/srv/detail/set_switch__functions.c.o\x1b[0m\n'}
[2.200909] (go2_interfaces) StdoutLine: {'line': b'[  9%] \x1b[32mBuilding C object CMakeFiles/go2_interfaces__rosidl_generator_c.dir/rosidl_generator_c/go2_interfaces/srv/detail/set_switch_obstacles_avoidance__functions.c.o\x1b[0m\n'}
[2.201631] (go2_interfaces) StdoutLine: {'line': b'[ 10%] \x1b[32mBuilding C object CMakeFiles/go2_interfaces__rosidl_generator_c.dir/rosidl_generator_c/go2_interfaces/srv/detail/set_volume__functions.c.o\x1b[0m\n'}
[2.202416] (-) TimerEvent: {}
[2.208352] (go2_interfaces) StdoutLine: {'line': b'[ 10%] \x1b[32mBuilding C object CMakeFiles/go2_interfaces__rosidl_generator_c.dir/rosidl_generator_c/go2_interfaces/srv/detail/speed_level__functions.c.o\x1b[0m\n'}
[2.210489] (go2_interfaces) StdoutLine: {'line': b'[ 11%] \x1b[32mBuilding C object CMakeFiles/go2_interfaces__rosidl_generator_c.dir/rosidl_generator_c/go2_interfaces/srv/detail/switch_gait__functions.c.o\x1b[0m\n'}
[2.211884] (go2_interfaces) StdoutLine: {'line': b'[ 11%] \x1b[32mBuilding C object CMakeFiles/go2_interfaces__rosidl_generator_c.dir/rosidl_generator_c/go2_interfaces/srv/detail/switch_joystick__functions.c.o\x1b[0m\n'}
[2.226516] (unitree_api) StdoutLine: {'line': b'[ 80%] Built target unitree_api__rosidl_typesupport_fastrtps_cpp\n'}
[2.234342] (unitree_api) StdoutLine: {'line': b'[ 81%] \x1b[32m\x1b[1mLinking CXX shared library libunitree_api__rosidl_typesupport_introspection_cpp.so\x1b[0m\n'}
[2.251798] (go2_interfaces) StdoutLine: {'line': b'[ 11%] Built target go2_interfaces__cpp\n'}
[2.260530] (go2_interfaces) StdoutLine: {'line': b'[ 12%] \x1b[34m\x1b[1mGenerating C++ type support dispatch for ROS interfaces\x1b[0m\n'}
[2.260762] (go2_interfaces) StdoutLine: {'line': b'[ 13%] \x1b[34m\x1b[1mGenerating C++ type support for eProsima Fast-RTPS\x1b[0m\n'}
[2.262030] (go2_interfaces) StdoutLine: {'line': b'[ 14%] \x1b[34m\x1b[1mGenerating C++ introspection for ROS interfaces\x1b[0m\n'}
[2.265506] (go2_interfaces) StdoutLine: {'line': b'[ 15%] \x1b[32m\x1b[1mLinking C shared library libgo2_interfaces__rosidl_generator_c.so\x1b[0m\n'}
[2.282852] (unitree_go) StdoutLine: {'line': b'[  6%] \x1b[32mBuilding C object CMakeFiles/unitree_go__rosidl_generator_c.dir/rosidl_generator_c/unitree_go/msg/detail/bms_state__functions.c.o\x1b[0m\n'}
[2.283116] (unitree_go) StdoutLine: {'line': b'[  6%] \x1b[32mBuilding C object CMakeFiles/unitree_go__rosidl_generator_c.dir/rosidl_generator_c/unitree_go/msg/detail/lidar_state__functions.c.o\x1b[0m\n'}
[2.283180] (unitree_go) StdoutLine: {'line': b'[  6%] \x1b[32mBuilding C object CMakeFiles/unitree_go__rosidl_generator_c.dir/rosidl_generator_c/unitree_go/msg/detail/imu_state__functions.c.o\x1b[0m\n'}
[2.283455] (unitree_go) StdoutLine: {'line': b'[  6%] \x1b[32mBuilding C object CMakeFiles/unitree_go__rosidl_generator_c.dir/rosidl_generator_c/unitree_go/msg/detail/audio_data__functions.c.o\x1b[0m\n'}
[2.283546] (unitree_go) StdoutLine: {'line': b'[  6%] \x1b[32mBuilding C object CMakeFiles/unitree_go__rosidl_generator_c.dir/rosidl_generator_c/unitree_go/msg/detail/low_state__functions.c.o\x1b[0m\n'}
[2.283585] (unitree_go) StdoutLine: {'line': b'[  6%] \x1b[32mBuilding C object CMakeFiles/unitree_go__rosidl_generator_c.dir/rosidl_generator_c/unitree_go/msg/detail/interface_config__functions.c.o\x1b[0m\n'}
[2.286053] (unitree_go) StdoutLine: {'line': b'[  6%] \x1b[32mBuilding C object CMakeFiles/unitree_go__rosidl_generator_c.dir/rosidl_generator_c/unitree_go/msg/detail/error__functions.c.o\x1b[0m\n'}
[2.286265] (unitree_go) StdoutLine: {'line': b'[  6%] \x1b[32mBuilding C object CMakeFiles/unitree_go__rosidl_generator_c.dir/rosidl_generator_c/unitree_go/msg/detail/bms_cmd__functions.c.o\x1b[0m\n'}
[2.286310] (unitree_go) StdoutLine: {'line': b'[  7%] \x1b[32mBuilding C object CMakeFiles/unitree_go__rosidl_generator_c.dir/rosidl_generator_c/unitree_go/msg/detail/motor_cmd__functions.c.o\x1b[0m\n'}
[2.287119] (unitree_go) StdoutLine: {'line': b'[  8%] \x1b[32mBuilding C object CMakeFiles/unitree_go__rosidl_generator_c.dir/rosidl_generator_c/unitree_go/msg/detail/low_cmd__functions.c.o\x1b[0m\n'}
[2.287244] (unitree_go) StdoutLine: {'line': b'[  9%] \x1b[32mBuilding C object CMakeFiles/unitree_go__rosidl_generator_c.dir/rosidl_generator_c/unitree_go/msg/detail/motor_cmds__functions.c.o\x1b[0m\n'}
[2.287286] (unitree_go) StdoutLine: {'line': b'[  9%] \x1b[32mBuilding C object CMakeFiles/unitree_go__rosidl_generator_c.dir/rosidl_generator_c/unitree_go/msg/detail/height_map__functions.c.o\x1b[0m\n'}
[2.288373] (unitree_go) StdoutLine: {'line': b'[  9%] \x1b[32mBuilding C object CMakeFiles/unitree_go__rosidl_generator_c.dir/rosidl_generator_c/unitree_go/msg/detail/path_point__functions.c.o\x1b[0m\n'}
[2.288508] (unitree_go) StdoutLine: {'line': b'[  9%] \x1b[32mBuilding C object CMakeFiles/unitree_go__rosidl_generator_c.dir/rosidl_generator_c/unitree_go/msg/detail/go2_front_video_data__functions.c.o\x1b[0m\n'}
[2.288556] (unitree_go) StdoutLine: {'line': b'[ 10%] \x1b[32mBuilding C object CMakeFiles/unitree_go__rosidl_generator_c.dir/rosidl_generator_c/unitree_go/msg/detail/motor_states__functions.c.o\x1b[0m\n'}
[2.288597] (unitree_go) StdoutLine: {'line': b'[ 10%] \x1b[32mBuilding C object CMakeFiles/unitree_go__rosidl_generator_c.dir/rosidl_generator_c/unitree_go/msg/detail/time_spec__functions.c.o\x1b[0m\n'}
[2.288636] (unitree_go) StdoutLine: {'line': b'[ 10%] \x1b[32mBuilding C object CMakeFiles/unitree_go__rosidl_generator_c.dir/rosidl_generator_c/unitree_go/msg/detail/res__functions.c.o\x1b[0m\n'}
[2.288675] (unitree_go) StdoutLine: {'line': b'[ 11%] \x1b[32mBuilding C object CMakeFiles/unitree_go__rosidl_generator_c.dir/rosidl_generator_c/unitree_go/msg/detail/req__functions.c.o\x1b[0m\n'}
[2.288765] (unitree_go) StdoutLine: {'line': b'[ 11%] \x1b[32mBuilding C object CMakeFiles/unitree_go__rosidl_generator_c.dir/rosidl_generator_c/unitree_go/msg/detail/sport_mode_cmd__functions.c.o\x1b[0m\n'}
[2.292448] (unitree_go) StdoutLine: {'line': b'[ 11%] \x1b[32mBuilding C object CMakeFiles/unitree_go__rosidl_generator_c.dir/rosidl_generator_c/unitree_go/msg/detail/motor_state__functions.c.o\x1b[0m\n'}
[2.296184] (unitree_go) StdoutLine: {'line': b'[ 12%] \x1b[32mBuilding C object CMakeFiles/unitree_go__rosidl_generator_c.dir/rosidl_generator_c/unitree_go/msg/detail/sport_mode_state__functions.c.o\x1b[0m\n'}
[2.297351] (go2_interfaces) StdoutLine: {'line': b'[ 15%] Built target go2_interfaces__rosidl_generator_c\n'}
[2.302545] (-) TimerEvent: {}
[2.314080] (unitree_api) StdoutLine: {'line': b'[ 81%] Built target unitree_api__rosidl_typesupport_introspection_cpp\n'}
[2.314825] (go2_interfaces) StdoutLine: {'line': b'[ 16%] \x1b[34m\x1b[1mGenerating C type support for eProsima Fast-RTPS\x1b[0m\n'}
[2.317279] (go2_interfaces) StdoutLine: {'line': b'[ 17%] \x1b[34m\x1b[1mGenerating C type support dispatch for ROS interfaces\x1b[0m\n'}
[2.319975] (go2_interfaces) StdoutLine: {'line': b'[ 18%] \x1b[34m\x1b[1mGenerating C introspection for ROS interfaces\x1b[0m\n'}
[2.325085] (unitree_go) StdoutLine: {'line': b'[ 13%] \x1b[32mBuilding C object CMakeFiles/unitree_go__rosidl_generator_c.dir/rosidl_generator_c/unitree_go/msg/detail/uwb_switch__functions.c.o\x1b[0m\n'}
[2.325292] (unitree_go) StdoutLine: {'line': b'[ 13%] \x1b[32mBuilding C object CMakeFiles/unitree_go__rosidl_generator_c.dir/rosidl_generator_c/unitree_go/msg/detail/voxel_height_map_state__functions.c.o\x1b[0m\n'}
[2.325341] (unitree_go) StdoutLine: {'line': b'[ 13%] \x1b[32mBuilding C object CMakeFiles/unitree_go__rosidl_generator_c.dir/rosidl_generator_c/unitree_go/msg/detail/voxel_map_compressed__functions.c.o\x1b[0m\n'}
[2.325970] (unitree_go) StdoutLine: {'line': b'[ 14%] \x1b[32mBuilding C object CMakeFiles/unitree_go__rosidl_generator_c.dir/rosidl_generator_c/unitree_go/msg/detail/uwb_state__functions.c.o\x1b[0m\n'}
[2.329471] (unitree_go) StdoutLine: {'line': b'[ 14%] \x1b[32mBuilding C object CMakeFiles/unitree_go__rosidl_generator_c.dir/rosidl_generator_c/unitree_go/msg/detail/wireless_controller__functions.c.o\x1b[0m\n'}
[2.333889] (unitree_api) StdoutLine: {'line': b'[ 81%] Built target unitree_api\n'}
[2.348233] (unitree_api) StdoutLine: {'line': b'[ 82%] \x1b[34m\x1b[1mGenerating Python code for ROS interfaces\x1b[0m\n'}
[2.361934] (unitree_go) StdoutLine: {'line': b'[ 15%] \x1b[32m\x1b[1mLinking C shared library libunitree_go__rosidl_generator_c.so\x1b[0m\n'}
[2.392866] (unitree_go) StdoutLine: {'line': b'[ 15%] Built target unitree_go__rosidl_generator_c\n'}
[2.398942] (unitree_go) StdoutLine: {'line': b'[ 15%] \x1b[34m\x1b[1mGenerating C type support for eProsima Fast-RTPS\x1b[0m\n'}
[2.400598] (unitree_go) StdoutLine: {'line': b'[ 15%] \x1b[34m\x1b[1mGenerating C introspection for ROS interfaces\x1b[0m\n'}
[2.400711] (unitree_go) StdoutLine: {'line': b'[ 15%] \x1b[34m\x1b[1mGenerating C type support dispatch for ROS interfaces\x1b[0m\n'}
[2.402593] (-) TimerEvent: {}
[2.502778] (-) TimerEvent: {}
[2.602988] (-) TimerEvent: {}
[2.703197] (-) TimerEvent: {}
[2.703491] (unitree_api) StdoutLine: {'line': b'[ 82%] Built target unitree_api__py\n'}
[2.714948] (unitree_api) StdoutLine: {'line': b'[ 84%] \x1b[32mBuilding C object CMakeFiles/unitree_api__rosidl_generator_py.dir/rosidl_generator_py/unitree_api/msg/_request_policy_s.c.o\x1b[0m\n'}
[2.715570] (unitree_api) StdoutLine: {'line': b'[ 85%] \x1b[32mBuilding C object CMakeFiles/unitree_api__rosidl_generator_py.dir/rosidl_generator_py/unitree_api/msg/_request_header_s.c.o\x1b[0m\n'}
[2.715719] (unitree_api) StdoutLine: {'line': b'[ 87%] \x1b[32mBuilding C object CMakeFiles/unitree_api__rosidl_generator_py.dir/rosidl_generator_py/unitree_api/msg/_response_s.c.o\x1b[0m\n'}
[2.715762] (unitree_api) StdoutLine: {'line': b'[ 87%] \x1b[32mBuilding C object CMakeFiles/unitree_api__rosidl_generator_py.dir/rosidl_generator_py/unitree_api/msg/_request_identity_s.c.o\x1b[0m\n'}
[2.715818] (unitree_api) StdoutLine: {'line': b'[ 89%] \x1b[32mBuilding C object CMakeFiles/unitree_api__rosidl_generator_py.dir/rosidl_generator_py/unitree_api/msg/_request_lease_s.c.o\x1b[0m\n'}
[2.715871] (unitree_api) StdoutLine: {'line': b'[ 89%] \x1b[32mBuilding C object CMakeFiles/unitree_api__rosidl_generator_py.dir/rosidl_generator_py/unitree_api/msg/_request_s.c.o\x1b[0m\n'}
[2.715929] (unitree_api) StdoutLine: {'line': b'[ 90%] \x1b[32mBuilding C object CMakeFiles/unitree_api__rosidl_generator_py.dir/rosidl_generator_py/unitree_api/msg/_response_header_s.c.o\x1b[0m\n'}
[2.716125] (unitree_api) StdoutLine: {'line': b'[ 92%] \x1b[32mBuilding C object CMakeFiles/unitree_api__rosidl_generator_py.dir/rosidl_generator_py/unitree_api/msg/_response_status_s.c.o\x1b[0m\n'}
[2.794236] (unitree_go) StdoutLine: {'line': b'[ 15%] \x1b[32mBuilding CXX object CMakeFiles/unitree_go__rosidl_typesupport_cpp.dir/rosidl_typesupport_cpp/unitree_go/msg/audio_data__type_support.cpp.o\x1b[0m\n'}
[2.803572] (unitree_go) StdoutLine: {'line': b'[ 16%] \x1b[32mBuilding CXX object CMakeFiles/unitree_go__rosidl_typesupport_cpp.dir/rosidl_typesupport_cpp/unitree_go/msg/error__type_support.cpp.o\x1b[0m\n'}
[2.803722] (-) TimerEvent: {}
[2.803862] (unitree_go) StdoutLine: {'line': b'[ 16%] \x1b[32mBuilding CXX object CMakeFiles/unitree_go__rosidl_typesupport_cpp.dir/rosidl_typesupport_cpp/unitree_go/msg/bms_state__type_support.cpp.o\x1b[0m\n'}
[2.807427] (unitree_go) StdoutLine: {'line': b'[ 16%] \x1b[32mBuilding CXX object CMakeFiles/unitree_go__rosidl_typesupport_cpp.dir/rosidl_typesupport_cpp/unitree_go/msg/go2_front_video_data__type_support.cpp.o\x1b[0m\n'}
[2.816699] (unitree_go) StdoutLine: {'line': b'[ 17%] \x1b[32mBuilding CXX object CMakeFiles/unitree_go__rosidl_typesupport_cpp.dir/rosidl_typesupport_cpp/unitree_go/msg/imu_state__type_support.cpp.o\x1b[0m\n'}
[2.824424] (unitree_go) StdoutLine: {'line': b'[ 18%] \x1b[32mBuilding CXX object CMakeFiles/unitree_go__rosidl_typesupport_cpp.dir/rosidl_typesupport_cpp/unitree_go/msg/bms_cmd__type_support.cpp.o\x1b[0m\n'}
[2.826097] (unitree_go) StdoutLine: {'line': b'[ 18%] \x1b[32mBuilding CXX object CMakeFiles/unitree_go__rosidl_typesupport_cpp.dir/rosidl_typesupport_cpp/unitree_go/msg/height_map__type_support.cpp.o\x1b[0m\n'}
[2.835171] (unitree_go) StdoutLine: {'line': b'[ 18%] \x1b[32mBuilding CXX object CMakeFiles/unitree_go__rosidl_typesupport_cpp.dir/rosidl_typesupport_cpp/unitree_go/msg/interface_config__type_support.cpp.o\x1b[0m\n'}
[2.835344] (unitree_go) StdoutLine: {'line': b'[ 18%] \x1b[32mBuilding CXX object CMakeFiles/unitree_go__rosidl_typesupport_cpp.dir/rosidl_typesupport_cpp/unitree_go/msg/low_cmd__type_support.cpp.o\x1b[0m\n'}
[2.836355] (unitree_go) StdoutLine: {'line': b'[ 20%] \x1b[32mBuilding CXX object CMakeFiles/unitree_go__rosidl_typesupport_cpp.dir/rosidl_typesupport_cpp/unitree_go/msg/low_state__type_support.cpp.o\x1b[0m\n'}
[2.836486] (unitree_go) StdoutLine: {'line': b'[ 20%] \x1b[32mBuilding CXX object CMakeFiles/unitree_go__rosidl_typesupport_cpp.dir/rosidl_typesupport_cpp/unitree_go/msg/lidar_state__type_support.cpp.o\x1b[0m\n'}
[2.837181] (unitree_go) StdoutLine: {'line': b'[ 20%] \x1b[32mBuilding CXX object CMakeFiles/unitree_go__rosidl_typesupport_cpp.dir/rosidl_typesupport_cpp/unitree_go/msg/motor_cmds__type_support.cpp.o\x1b[0m\n'}
[2.837270] (unitree_go) StdoutLine: {'line': b'[ 20%] \x1b[32mBuilding CXX object CMakeFiles/unitree_go__rosidl_typesupport_cpp.dir/rosidl_typesupport_cpp/unitree_go/msg/motor_cmd__type_support.cpp.o\x1b[0m\n'}
[2.841603] (unitree_go) StdoutLine: {'line': b'[ 21%] \x1b[32mBuilding CXX object CMakeFiles/unitree_go__rosidl_typesupport_cpp.dir/rosidl_typesupport_cpp/unitree_go/msg/path_point__type_support.cpp.o\x1b[0m\n'}
[2.843072] (unitree_go) StdoutLine: {'line': b'[ 22%] \x1b[32mBuilding CXX object CMakeFiles/unitree_go__rosidl_typesupport_cpp.dir/rosidl_typesupport_cpp/unitree_go/msg/motor_state__type_support.cpp.o\x1b[0m\n'}
[2.843940] (unitree_go) StdoutLine: {'line': b'[ 22%] \x1b[32mBuilding CXX object CMakeFiles/unitree_go__rosidl_typesupport_cpp.dir/rosidl_typesupport_cpp/unitree_go/msg/req__type_support.cpp.o\x1b[0m\n'}
[2.845384] (unitree_go) StdoutLine: {'line': b'[ 22%] \x1b[32mBuilding CXX object CMakeFiles/unitree_go__rosidl_typesupport_cpp.dir/rosidl_typesupport_cpp/unitree_go/msg/motor_states__type_support.cpp.o\x1b[0m\n'}
[2.848343] (unitree_api) StdoutLine: {'line': b'[ 93%] \x1b[32m\x1b[1mLinking C shared library rosidl_generator_py/unitree_api/libunitree_api__rosidl_generator_py.so\x1b[0m\n'}
[2.860857] (unitree_go) StdoutLine: {'line': b'[ 23%] \x1b[32mBuilding CXX object CMakeFiles/unitree_go__rosidl_typesupport_cpp.dir/rosidl_typesupport_cpp/unitree_go/msg/res__type_support.cpp.o\x1b[0m\n'}
[2.863094] (unitree_go) StdoutLine: {'line': b'[ 23%] \x1b[32mBuilding CXX object CMakeFiles/unitree_go__rosidl_typesupport_cpp.dir/rosidl_typesupport_cpp/unitree_go/msg/sport_mode_cmd__type_support.cpp.o\x1b[0m\n'}
[2.907217] (-) TimerEvent: {}
[2.959004] (go2_interfaces) StdoutLine: {'line': b'[ 18%] \x1b[32mBuilding CXX object CMakeFiles/go2_interfaces__rosidl_typesupport_cpp.dir/rosidl_typesupport_cpp/go2_interfaces/srv/body_height__type_support.cpp.o\x1b[0m\n'}
[2.962874] (unitree_api) StdoutLine: {'line': b'[ 93%] Built target unitree_api__rosidl_generator_py\n'}
[2.973163] (go2_interfaces) StdoutLine: {'line': b'[ 18%] \x1b[32mBuilding CXX object CMakeFiles/go2_interfaces__rosidl_typesupport_cpp.dir/rosidl_typesupport_cpp/go2_interfaces/srv/euler__type_support.cpp.o\x1b[0m\n'}
[2.976925] (go2_interfaces) StdoutLine: {'line': b'[ 20%] \x1b[32mBuilding CXX object CMakeFiles/go2_interfaces__rosidl_typesupport_cpp.dir/rosidl_typesupport_cpp/go2_interfaces/srv/continuous_gait__type_support.cpp.o\x1b[0m\n'}
[2.977171] (go2_interfaces) StdoutLine: {'line': b'[ 20%] \x1b[32mBuilding CXX object CMakeFiles/go2_interfaces__rosidl_typesupport_cpp.dir/rosidl_typesupport_cpp/go2_interfaces/srv/foot_raise_height__type_support.cpp.o\x1b[0m\n'}
[2.977232] (go2_interfaces) StdoutLine: {'line': b'[ 20%] \x1b[32mBuilding CXX object CMakeFiles/go2_interfaces__rosidl_typesupport_cpp.dir/rosidl_typesupport_cpp/go2_interfaces/srv/get_body_height__type_support.cpp.o\x1b[0m\n'}
[2.977589] (go2_interfaces) StdoutLine: {'line': b'[ 20%] \x1b[32mBuilding CXX object CMakeFiles/go2_interfaces__rosidl_typesupport_c.dir/rosidl_typesupport_c/go2_interfaces/srv/body_height__type_support.cpp.o\x1b[0m\n'}
[2.978314] (go2_interfaces) StdoutLine: {'line': b'[ 21%] \x1b[32mBuilding CXX object CMakeFiles/go2_interfaces__rosidl_typesupport_cpp.dir/rosidl_typesupport_cpp/go2_interfaces/srv/get_brightness__type_support.cpp.o\x1b[0m\n'}
[2.985562] (go2_interfaces) StdoutLine: {'line': b'[ 21%] \x1b[32mBuilding CXX object CMakeFiles/go2_interfaces__rosidl_typesupport_cpp.dir/rosidl_typesupport_cpp/go2_interfaces/srv/get_foot_raise_height__type_support.cpp.o\x1b[0m\n'}
[2.985822] (go2_interfaces) StdoutLine: {'line': b'[ 22%] \x1b[32mBuilding CXX object CMakeFiles/go2_interfaces__rosidl_typesupport_c.dir/rosidl_typesupport_c/go2_interfaces/srv/continuous_gait__type_support.cpp.o\x1b[0m\n'}
[2.985921] (go2_interfaces) StdoutLine: {'line': b'[ 23%] \x1b[32mBuilding CXX object CMakeFiles/go2_interfaces__rosidl_typesupport_cpp.dir/rosidl_typesupport_cpp/go2_interfaces/srv/get_speed_level__type_support.cpp.o\x1b[0m\n'}
[2.986000] (go2_interfaces) StdoutLine: {'line': b'[ 24%] \x1b[32mBuilding CXX object CMakeFiles/go2_interfaces__rosidl_typesupport_c.dir/rosidl_typesupport_c/go2_interfaces/srv/foot_raise_height__type_support.cpp.o\x1b[0m\n'}
[2.993537] (go2_interfaces) StdoutLine: {'line': b'[ 25%] \x1b[32mBuilding CXX object CMakeFiles/go2_interfaces__rosidl_typesupport_cpp.dir/rosidl_typesupport_cpp/go2_interfaces/srv/get_switch__type_support.cpp.o\x1b[0m\n'}
[2.993773] (go2_interfaces) StdoutLine: {'line': b'[ 25%] \x1b[32mBuilding CXX object CMakeFiles/go2_interfaces__rosidl_typesupport_cpp.dir/rosidl_typesupport_cpp/go2_interfaces/srv/get_state__type_support.cpp.o\x1b[0m\n'}
[2.993831] (go2_interfaces) StdoutLine: {'line': b'[ 26%] \x1b[32mBuilding CXX object CMakeFiles/go2_interfaces__rosidl_typesupport_c.dir/rosidl_typesupport_c/go2_interfaces/srv/get_body_height__type_support.cpp.o\x1b[0m\n'}
[2.993885] (go2_interfaces) StdoutLine: {'line': b'[ 26%] \x1b[32mBuilding CXX object CMakeFiles/go2_interfaces__rosidl_typesupport_c.dir/rosidl_typesupport_c/go2_interfaces/srv/get_foot_raise_height__type_support.cpp.o\x1b[0m\n'}
[2.996339] (go2_interfaces) StdoutLine: {'line': b'[ 25%] \x1b[32mBuilding CXX object CMakeFiles/go2_interfaces__rosidl_typesupport_c.dir/rosidl_typesupport_c/go2_interfaces/srv/euler__type_support.cpp.o\x1b[0m\n'}
[2.996547] (go2_interfaces) StdoutLine: {'line': b'[ 26%] \x1b[32mBuilding CXX object CMakeFiles/go2_interfaces__rosidl_typesupport_c.dir/rosidl_typesupport_c/go2_interfaces/srv/get_brightness__type_support.cpp.o\x1b[0m\n'}
[2.996614] (go2_interfaces) StdoutLine: {'line': b'[ 27%] \x1b[32mBuilding CXX object CMakeFiles/go2_interfaces__rosidl_typesupport_c.dir/rosidl_typesupport_c/go2_interfaces/srv/get_speed_level__type_support.cpp.o\x1b[0m\n'}
[3.001112] (go2_interfaces) StdoutLine: {'line': b'[ 27%] \x1b[32mBuilding CXX object CMakeFiles/go2_interfaces__rosidl_typesupport_cpp.dir/rosidl_typesupport_cpp/go2_interfaces/srv/get_switch_obstacles_avoidance__type_support.cpp.o\x1b[0m\n'}
[3.002789] (unitree_api) StdoutLine: {'line': b'[ 94%] \x1b[32mBuilding C object CMakeFiles/unitree_api__rosidl_typesupport_fastrtps_c__pyext.dir/rosidl_generator_py/unitree_api/_unitree_api_s.ep.rosidl_typesupport_fastrtps_c.c.o\x1b[0m\n'}
[3.007335] (-) TimerEvent: {}
[3.015513] (go2_interfaces) StdoutLine: {'line': b'[ 27%] \x1b[32mBuilding CXX object CMakeFiles/go2_interfaces__rosidl_typesupport_c.dir/rosidl_typesupport_c/go2_interfaces/srv/get_state__type_support.cpp.o\x1b[0m\n'}
[3.017532] (unitree_api) StdoutLine: {'line': b'[ 95%] \x1b[32mBuilding C object CMakeFiles/unitree_api__rosidl_typesupport_introspection_c__pyext.dir/rosidl_generator_py/unitree_api/_unitree_api_s.ep.rosidl_typesupport_introspection_c.c.o\x1b[0m\n'}
[3.036543] (unitree_api) StdoutLine: {'line': b'[ 96%] \x1b[32mBuilding C object CMakeFiles/unitree_api__rosidl_typesupport_c__pyext.dir/rosidl_generator_py/unitree_api/_unitree_api_s.ep.rosidl_typesupport_c.c.o\x1b[0m\n'}
[3.054488] (go2_interfaces) StdoutLine: {'line': b'[ 28%] \x1b[32mBuilding CXX object CMakeFiles/go2_interfaces__rosidl_typesupport_c.dir/rosidl_typesupport_c/go2_interfaces/srv/get_switch__type_support.cpp.o\x1b[0m\n'}
[3.057259] (go2_interfaces) StdoutLine: {'line': b'[ 28%] \x1b[32mBuilding CXX object CMakeFiles/go2_interfaces__rosidl_typesupport_c.dir/rosidl_typesupport_c/go2_interfaces/srv/get_switch_obstacles_avoidance__type_support.cpp.o\x1b[0m\n'}
[3.061435] (go2_interfaces) StdoutLine: {'line': b'[ 28%] \x1b[32mBuilding CXX object CMakeFiles/go2_interfaces__rosidl_typesupport_c.dir/rosidl_typesupport_c/go2_interfaces/srv/mode__type_support.cpp.o\x1b[0m\n'}
[3.061752] (go2_interfaces) StdoutLine: {'line': b'[ 29%] \x1b[32mBuilding CXX object CMakeFiles/go2_interfaces__rosidl_typesupport_cpp.dir/rosidl_typesupport_cpp/go2_interfaces/srv/get_volume__type_support.cpp.o\x1b[0m\n'}
[3.064799] (go2_interfaces) StdoutLine: {'line': b'[ 30%] \x1b[32mBuilding CXX object CMakeFiles/go2_interfaces__rosidl_typesupport_c.dir/rosidl_typesupport_c/go2_interfaces/srv/pose__type_support.cpp.o\x1b[0m\n'}
[3.067739] (go2_interfaces) StdoutLine: {'line': b'[ 31%] \x1b[32mBuilding CXX object CMakeFiles/go2_interfaces__rosidl_typesupport_c.dir/rosidl_typesupport_c/go2_interfaces/srv/get_volume__type_support.cpp.o\x1b[0m\n'}
[3.071600] (go2_interfaces) StdoutLine: {'line': b'[ 31%] \x1b[32mBuilding CXX object CMakeFiles/go2_interfaces__rosidl_typesupport_cpp.dir/rosidl_typesupport_cpp/go2_interfaces/srv/mode__type_support.cpp.o\x1b[0m\n'}
[3.073437] (go2_interfaces) StdoutLine: {'line': b'[ 31%] \x1b[32mBuilding CXX object CMakeFiles/go2_interfaces__rosidl_typesupport_c.dir/rosidl_typesupport_c/go2_interfaces/srv/say__type_support.cpp.o\x1b[0m\n'}
[3.107471] (-) TimerEvent: {}
[3.107902] (go2_interfaces) StdoutLine: {'line': b'[ 32%] \x1b[32mBuilding CXX object CMakeFiles/go2_interfaces__rosidl_typesupport_cpp.dir/rosidl_typesupport_cpp/go2_interfaces/srv/pose__type_support.cpp.o\x1b[0m\n'}
[3.129028] (go2_interfaces) StdoutLine: {'line': b'[ 33%] \x1b[32mBuilding CXX object CMakeFiles/go2_interfaces__rosidl_typesupport_c.dir/rosidl_typesupport_c/go2_interfaces/srv/set_brightness__type_support.cpp.o\x1b[0m\n'}
[3.138516] (go2_interfaces) StdoutLine: {'line': b'[ 33%] \x1b[32mBuilding CXX object CMakeFiles/go2_interfaces__rosidl_typesupport_c.dir/rosidl_typesupport_c/go2_interfaces/srv/set_switch__type_support.cpp.o\x1b[0m\n'}
[3.148558] (unitree_go) StdoutLine: {'line': b'[ 24%] \x1b[32mBuilding CXX object CMakeFiles/unitree_go__rosidl_typesupport_cpp.dir/rosidl_typesupport_cpp/unitree_go/msg/time_spec__type_support.cpp.o\x1b[0m\n'}
[3.149385] (unitree_go) StdoutLine: {'line': b'[ 24%] \x1b[32mBuilding CXX object CMakeFiles/unitree_go__rosidl_typesupport_cpp.dir/rosidl_typesupport_cpp/unitree_go/msg/uwb_state__type_support.cpp.o\x1b[0m\n'}
[3.153469] (go2_interfaces) StdoutLine: {'line': b'[ 33%] \x1b[32mBuilding CXX object CMakeFiles/go2_interfaces__rosidl_typesupport_cpp.dir/rosidl_typesupport_cpp/go2_interfaces/srv/set_switch__type_support.cpp.o\x1b[0m\n'}
[3.154536] (unitree_go) StdoutLine: {'line': b'[ 24%] \x1b[32mBuilding CXX object CMakeFiles/unitree_go__rosidl_typesupport_cpp.dir/rosidl_typesupport_cpp/unitree_go/msg/sport_mode_state__type_support.cpp.o\x1b[0m\n'}
[3.154691] (go2_interfaces) StdoutLine: {'line': b'[ 34%] \x1b[32mBuilding CXX object CMakeFiles/go2_interfaces__rosidl_typesupport_cpp.dir/rosidl_typesupport_cpp/go2_interfaces/srv/set_brightness__type_support.cpp.o\x1b[0m\n'}
[3.156035] (go2_interfaces) StdoutLine: {'line': b'[ 35%] \x1b[32mBuilding CXX object CMakeFiles/go2_interfaces__rosidl_typesupport_c.dir/rosidl_typesupport_c/go2_interfaces/srv/set_switch_obstacles_avoidance__type_support.cpp.o\x1b[0m\n'}
[3.157015] (go2_interfaces) StdoutLine: {'line': b'[ 35%] \x1b[32mBuilding CXX object CMakeFiles/go2_interfaces__rosidl_typesupport_cpp.dir/rosidl_typesupport_cpp/go2_interfaces/srv/say__type_support.cpp.o\x1b[0m\n'}
[3.158378] (unitree_go) StdoutLine: {'line': b'[ 25%] \x1b[32mBuilding CXX object CMakeFiles/unitree_go__rosidl_typesupport_cpp.dir/rosidl_typesupport_cpp/unitree_go/msg/uwb_switch__type_support.cpp.o\x1b[0m\n'}
[3.197497] (go2_interfaces) StdoutLine: {'line': b'[ 36%] \x1b[32mBuilding CXX object CMakeFiles/go2_interfaces__rosidl_typesupport_cpp.dir/rosidl_typesupport_cpp/go2_interfaces/srv/set_switch_obstacles_avoidance__type_support.cpp.o\x1b[0m\n'}
[3.200144] (unitree_go) StdoutLine: {'line': b'[ 25%] \x1b[32mBuilding CXX object CMakeFiles/unitree_go__rosidl_typesupport_cpp.dir/rosidl_typesupport_cpp/unitree_go/msg/voxel_map_compressed__type_support.cpp.o\x1b[0m\n'}
[3.204888] (go2_interfaces) StdoutLine: {'line': b'[ 36%] \x1b[32mBuilding CXX object CMakeFiles/go2_interfaces__rosidl_typesupport_c.dir/rosidl_typesupport_c/go2_interfaces/srv/set_volume__type_support.cpp.o\x1b[0m\n'}
[3.207558] (-) TimerEvent: {}
[3.212527] (unitree_go) StdoutLine: {'line': b'[ 26%] \x1b[32mBuilding CXX object CMakeFiles/unitree_go__rosidl_typesupport_cpp.dir/rosidl_typesupport_cpp/unitree_go/msg/voxel_height_map_state__type_support.cpp.o\x1b[0m\n'}
[3.218612] (unitree_api) StdoutLine: {'line': b'[ 97%] \x1b[32m\x1b[1mLinking C shared library rosidl_generator_py/unitree_api/unitree_api_s__rosidl_typesupport_introspection_c.cpython-310-x86_64-linux-gnu.so\x1b[0m\n'}
[3.221440] (go2_interfaces) StdoutLine: {'line': b'[ 37%] \x1b[32mBuilding CXX object CMakeFiles/go2_interfaces__rosidl_typesupport_c.dir/rosidl_typesupport_c/go2_interfaces/srv/speed_level__type_support.cpp.o\x1b[0m\n'}
[3.221865] (unitree_api) StdoutLine: {'line': b'[ 98%] \x1b[32m\x1b[1mLinking C shared library rosidl_generator_py/unitree_api/unitree_api_s__rosidl_typesupport_c.cpython-310-x86_64-linux-gnu.so\x1b[0m\n'}
[3.237029] (unitree_go) StdoutLine: {'line': b'[ 26%] \x1b[32mBuilding CXX object CMakeFiles/unitree_go__rosidl_typesupport_cpp.dir/rosidl_typesupport_cpp/unitree_go/msg/wireless_controller__type_support.cpp.o\x1b[0m\n'}
[3.237282] (unitree_api) StdoutLine: {'line': b'[100%] \x1b[32m\x1b[1mLinking C shared library rosidl_generator_py/unitree_api/unitree_api_s__rosidl_typesupport_fastrtps_c.cpython-310-x86_64-linux-gnu.so\x1b[0m\n'}
[3.270219] (go2_interfaces) StdoutLine: {'line': b'[ 37%] \x1b[32mBuilding CXX object CMakeFiles/go2_interfaces__rosidl_typesupport_c.dir/rosidl_typesupport_c/go2_interfaces/srv/switch_gait__type_support.cpp.o\x1b[0m\n'}
[3.301700] (go2_interfaces) StdoutLine: {'line': b'[ 37%] \x1b[32mBuilding CXX object CMakeFiles/go2_interfaces__rosidl_typesupport_cpp.dir/rosidl_typesupport_cpp/go2_interfaces/srv/set_volume__type_support.cpp.o\x1b[0m\n'}
[3.307685] (-) TimerEvent: {}
[3.311941] (unitree_api) StdoutLine: {'line': b'[100%] Built target unitree_api__rosidl_typesupport_c__pyext\n'}
[3.342860] (unitree_api) StdoutLine: {'line': b'[100%] Built target unitree_api__rosidl_typesupport_introspection_c__pyext\n'}
[3.347660] (go2_interfaces) StdoutLine: {'line': b'[ 38%] \x1b[32mBuilding CXX object CMakeFiles/go2_interfaces__rosidl_typesupport_c.dir/rosidl_typesupport_c/go2_interfaces/srv/switch_joystick__type_support.cpp.o\x1b[0m\n'}
[3.353429] (unitree_api) StdoutLine: {'line': b'[100%] Built target unitree_api__rosidl_typesupport_fastrtps_c__pyext\n'}
[3.393080] (unitree_api) CommandEnded: {'returncode': 0}
[3.397502] (unitree_api) JobProgress: {'identifier': 'unitree_api', 'progress': 'install'}
[3.397725] (unitree_api) Command: {'cmd': ['/usr/bin/cmake', '--install', '/home/jnu/go2_ws/build/unitree_api'], 'cwd': '/home/jnu/go2_ws/build/unitree_api', 'env': OrderedDict([('LESSOPEN', '| /usr/bin/lesspipe %s'), ('LANGUAGE', 'ko:en'), ('USER', 'jnu'), ('LC_TIME', 'ko_KR.UTF-8'), ('XDG_SESSION_TYPE', 'x11'), ('SHLVL', '1'), ('LD_LIBRARY_PATH', '/opt/ros/humble/opt/rviz_ogre_vendor/lib:/opt/ros/humble/lib/x86_64-linux-gnu:/opt/ros/humble/lib:/usr/local/cuda-11.8/lib64:'), ('HOME', '/home/jnu'), ('CONDA_SHLVL', '0'), ('OLDPWD', '/home/jnu/go2_ws/src'), ('DESKTOP_SESSION', 'ubuntu'), ('ROS_PYTHON_VERSION', '3'), ('GNOME_SHELL_SESSION_MODE', 'ubuntu'), ('GTK_MODULES', 'gail:atk-bridge'), ('LC_MONETARY', 'ko_KR.UTF-8'), ('MANAGERPID', '1735'), ('SYSTEMD_EXEC_PID', '2210'), ('DBUS_SESSION_BUS_ADDRESS', 'unix:path=/run/user/1000/bus'), ('COLORTERM', 'truecolor'), ('_CE_M', ''), ('TERMINATOR_DBUS_NAME', 'net.tenshu.Terminator23558193cd9818af7fe4d2c2f5bd9d00f'), ('GIO_LAUNCHED_DESKTOP_FILE_PID', '50688'), ('IM_CONFIG_PHASE', '1'), ('ROS_DISTRO', 'humble'), ('GTK_IM_MODULE', 'ibus'), ('LOGNAME', 'jnu'), ('JOURNAL_STREAM', '8:13504'), ('_', '/usr/bin/colcon'), ('ROS_VERSION', '2'), ('XDG_SESSION_CLASS', 'user'), ('USERNAME', 'jnu'), ('TERM', 'xterm-256color'), ('GNOME_DESKTOP_SESSION_ID', 'this-is-deprecated'), ('_CE_CONDA', ''), ('ROS_LOCALHOST_ONLY', '0'), ('WINDOWPATH', '2'), ('PATH', '/opt/ros/humble/bin:/home/jnu/anaconda3/condabin:/usr/local/cuda-11.8/bin:/home/jnu/.local/bin:/usr/local/sbin:/usr/local/bin:/usr/sbin:/usr/bin:/sbin:/bin:/usr/games:/usr/local/games:/snap/bin:/snap/bin'), ('SESSION_MANAGER', 'local/JNU-1:@/tmp/.ICE-unix/1960,unix/JNU-1:/tmp/.ICE-unix/1960'), ('INVOCATION_ID', '626ef355527a45d284069bc1bba02c8f'), ('PAPERSIZE', 'a4'), ('XDG_MENU_PREFIX', 'gnome-'), ('LC_ADDRESS', 'ko_KR.UTF-8'), ('XDG_RUNTIME_DIR', '/run/user/1000'), ('DISPLAY', ':1'), ('TERMINATOR_DBUS_PATH', '/net/tenshu/Terminator2'), ('LANG', 'ko_KR.UTF-8'), ('XDG_CURRENT_DESKTOP', 'ubuntu:GNOME'), ('IBUS_DISABLE_SNOOPER', '1'), ('LC_TELEPHONE', 'ko_KR.UTF-8'), ('XMODIFIERS', '@im=ibus'), ('XDG_SESSION_DESKTOP', 'ubuntu'), ('XAUTHORITY', '/run/user/1000/gdm/Xauthority'), ('LS_COLORS', 'rs=0:di=01;34:ln=01;36:mh=00:pi=40;33:so=01;35:do=01;35:bd=40;33;01:cd=40;33;01:or=40;31;01:mi=00:su=37;41:sg=30;43:ca=30;41:tw=30;42:ow=34;42:st=37;44:ex=01;32:*.tar=01;31:*.tgz=01;31:*.arc=01;31:*.arj=01;31:*.taz=01;31:*.lha=01;31:*.lz4=01;31:*.lzh=01;31:*.lzma=01;31:*.tlz=01;31:*.txz=01;31:*.tzo=01;31:*.t7z=01;31:*.zip=01;31:*.z=01;31:*.dz=01;31:*.gz=01;31:*.lrz=01;31:*.lz=01;31:*.lzo=01;31:*.xz=01;31:*.zst=01;31:*.tzst=01;31:*.bz2=01;31:*.bz=01;31:*.tbz=01;31:*.tbz2=01;31:*.tz=01;31:*.deb=01;31:*.rpm=01;31:*.jar=01;31:*.war=01;31:*.ear=01;31:*.sar=01;31:*.rar=01;31:*.alz=01;31:*.ace=01;31:*.zoo=01;31:*.cpio=01;31:*.7z=01;31:*.rz=01;31:*.cab=01;31:*.wim=01;31:*.swm=01;31:*.dwm=01;31:*.esd=01;31:*.jpg=01;35:*.jpeg=01;35:*.mjpg=01;35:*.mjpeg=01;35:*.gif=01;35:*.bmp=01;35:*.pbm=01;35:*.pgm=01;35:*.ppm=01;35:*.tga=01;35:*.xbm=01;35:*.xpm=01;35:*.tif=01;35:*.tiff=01;35:*.png=01;35:*.svg=01;35:*.svgz=01;35:*.mng=01;35:*.pcx=01;35:*.mov=01;35:*.mpg=01;35:*.mpeg=01;35:*.m2v=01;35:*.mkv=01;35:*.webm=01;35:*.webp=01;35:*.ogm=01;35:*.mp4=01;35:*.m4v=01;35:*.mp4v=01;35:*.vob=01;35:*.qt=01;35:*.nuv=01;35:*.wmv=01;35:*.asf=01;35:*.rm=01;35:*.rmvb=01;35:*.flc=01;35:*.avi=01;35:*.fli=01;35:*.flv=01;35:*.gl=01;35:*.dl=01;35:*.xcf=01;35:*.xwd=01;35:*.yuv=01;35:*.cgm=01;35:*.emf=01;35:*.ogv=01;35:*.ogx=01;35:*.aac=00;36:*.au=00;36:*.flac=00;36:*.m4a=00;36:*.mid=00;36:*.midi=00;36:*.mka=00;36:*.mp3=00;36:*.mpc=00;36:*.ogg=00;36:*.ra=00;36:*.wav=00;36:*.oga=00;36:*.opus=00;36:*.spx=00;36:*.xspf=00;36:'), ('SSH_AGENT_LAUNCHER', 'gnome-keyring'), ('SSH_AUTH_SOCK', '/run/user/1000/keyring/ssh'), ('AMENT_PREFIX_PATH', '/opt/ros/humble'), ('CONDA_PYTHON_EXE', '/home/jnu/anaconda3/bin/python'), ('SHELL', '/bin/bash'), ('LC_NAME', 'ko_KR.UTF-8'), ('TERMINATOR_UUID', 'urn:uuid:9709fc55-99ce-401d-8324-b50ce6fb78e1'), ('QT_ACCESSIBILITY', '1'), ('GDMSESSION', 'ubuntu'), ('LESSCLOSE', '/usr/bin/lesspipe %s %s'), ('LC_MEASUREMENT', 'ko_KR.UTF-8'), ('GPG_AGENT_INFO', '/run/user/1000/gnupg/S.gpg-agent:0:1'), ('LC_IDENTIFICATION', 'ko_KR.UTF-8'), ('QT_IM_MODULE', 'ibus'), ('PWD', '/home/jnu/go2_ws/build/unitree_api'), ('CUDA_HOME', '/usr/local/cuda-11.8'), ('XDG_CONFIG_DIRS', '/etc/xdg/xdg-ubuntu:/etc/xdg'), ('CONDA_EXE', '/home/jnu/anaconda3/bin/conda'), ('XDG_DATA_DIRS', '/usr/share/ubuntu:/usr/share/gnome:/usr/local/share/:/usr/share/:/var/lib/snapd/desktop'), ('PYTHONPATH', '/opt/ros/humble/lib/python3.10/site-packages:/opt/ros/humble/local/lib/python3.10/dist-packages'), ('LC_NUMERIC', 'ko_KR.UTF-8'), ('LC_PAPER', 'ko_KR.UTF-8'), ('COLCON', '1'), ('VTE_VERSION', '6800'), ('CMAKE_PREFIX_PATH', '/opt/ros/humble')]), 'shell': False}
[3.404522] (unitree_go) StdoutLine: {'line': b'[ 26%] \x1b[32mBuilding CXX object CMakeFiles/unitree_go__rosidl_typesupport_introspection_cpp.dir/rosidl_typesupport_introspection_cpp/unitree_go/msg/detail/audio_data__type_support.cpp.o\x1b[0m\n'}
[3.405247] (unitree_go) StdoutLine: {'line': b'[ 27%] \x1b[32mBuilding CXX object CMakeFiles/unitree_go__rosidl_typesupport_introspection_cpp.dir/rosidl_typesupport_introspection_cpp/unitree_go/msg/detail/bms_cmd__type_support.cpp.o\x1b[0m\n'}
[3.405769] (go2_interfaces) StdoutLine: {'line': b'[ 38%] \x1b[32m\x1b[1mLinking CXX shared library libgo2_interfaces__rosidl_typesupport_c.so\x1b[0m\n'}
[3.407486] (unitree_go) StdoutLine: {'line': b'[ 27%] \x1b[32mBuilding CXX object CMakeFiles/unitree_go__rosidl_typesupport_introspection_cpp.dir/rosidl_typesupport_introspection_cpp/unitree_go/msg/detail/bms_state__type_support.cpp.o\x1b[0m\n'}
[3.407738] (-) TimerEvent: {}
[3.409394] (unitree_api) StdoutLine: {'line': b'-- Install configuration: ""\n'}
[3.413048] (unitree_api) StdoutLine: {'line': b'-- Execute custom install script\n'}
[3.413313] (unitree_api) StdoutLine: {'line': b'-- Symlinking: /home/jnu/go2_ws/install/unitree_api/share/ament_index/resource_index/rosidl_interfaces/unitree_api\n'}
[3.416111] (unitree_go) StdoutLine: {'line': b'[ 28%] \x1b[32mBuilding CXX object CMakeFiles/unitree_go__rosidl_typesupport_introspection_cpp.dir/rosidl_typesupport_introspection_cpp/unitree_go/msg/detail/error__type_support.cpp.o\x1b[0m\n'}
[3.422267] (unitree_go) StdoutLine: {'line': b'[ 28%] \x1b[32mBuilding CXX object CMakeFiles/unitree_go__rosidl_typesupport_introspection_cpp.dir/rosidl_typesupport_introspection_cpp/unitree_go/msg/detail/go2_front_video_data__type_support.cpp.o\x1b[0m\n'}
[3.423891] (unitree_go) StdoutLine: {'line': b'[ 28%] \x1b[32mBuilding CXX object CMakeFiles/unitree_go__rosidl_typesupport_introspection_cpp.dir/rosidl_typesupport_introspection_cpp/unitree_go/msg/detail/height_map__type_support.cpp.o\x1b[0m\n'}
[3.429760] (unitree_go) StdoutLine: {'line': b'[ 29%] \x1b[32mBuilding CXX object CMakeFiles/unitree_go__rosidl_typesupport_introspection_cpp.dir/rosidl_typesupport_introspection_cpp/unitree_go/msg/detail/imu_state__type_support.cpp.o\x1b[0m\n'}
[3.434109] (unitree_go) StdoutLine: {'line': b'[ 29%] \x1b[32mBuilding CXX object CMakeFiles/unitree_go__rosidl_typesupport_introspection_cpp.dir/rosidl_typesupport_introspection_cpp/unitree_go/msg/detail/interface_config__type_support.cpp.o\x1b[0m\n'}
[3.435787] (go2_interfaces) StdoutLine: {'line': b'[ 39%] \x1b[32mBuilding CXX object CMakeFiles/go2_interfaces__rosidl_typesupport_cpp.dir/rosidl_typesupport_cpp/go2_interfaces/srv/speed_level__type_support.cpp.o\x1b[0m\n'}
[3.435999] (go2_interfaces) StdoutLine: {'line': b'[ 39%] \x1b[32mBuilding CXX object CMakeFiles/go2_interfaces__rosidl_typesupport_cpp.dir/rosidl_typesupport_cpp/go2_interfaces/srv/switch_gait__type_support.cpp.o\x1b[0m\n'}
[3.437333] (unitree_api) StdoutLine: {'line': b'-- Symlinking: /home/jnu/go2_ws/install/unitree_api/include/unitree_api/unitree_api/msg/detail/request__functions.h\n'}
[3.438558] (unitree_go) StdoutLine: {'line': b'[ 29%] \x1b[32mBuilding CXX object CMakeFiles/unitree_go__rosidl_typesupport_introspection_cpp.dir/rosidl_typesupport_introspection_cpp/unitree_go/msg/detail/low_cmd__type_support.cpp.o\x1b[0m\n'}
[3.448579] (unitree_go) StdoutLine: {'line': b'[ 30%] \x1b[32mBuilding CXX object CMakeFiles/unitree_go__rosidl_typesupport_introspection_cpp.dir/rosidl_typesupport_introspection_cpp/unitree_go/msg/detail/low_state__type_support.cpp.o\x1b[0m\n'}
[3.448826] (go2_interfaces) StdoutLine: {'line': b'[ 40%] \x1b[32mBuilding CXX object CMakeFiles/go2_interfaces__rosidl_typesupport_cpp.dir/rosidl_typesupport_cpp/go2_interfaces/srv/switch_joystick__type_support.cpp.o\x1b[0m\n'}
[3.449616] (unitree_go) StdoutLine: {'line': b'[ 30%] \x1b[32mBuilding CXX object CMakeFiles/unitree_go__rosidl_typesupport_introspection_cpp.dir/rosidl_typesupport_introspection_cpp/unitree_go/msg/detail/motor_cmd__type_support.cpp.o\x1b[0m\n'}
[3.458075] (unitree_api) StdoutLine: {'line': b'-- Symlinking: /home/jnu/go2_ws/install/unitree_api/include/unitree_api/unitree_api/msg/detail/request__struct.h\n'}
[3.460513] (unitree_go) StdoutLine: {'line': b'[ 31%] \x1b[32mBuilding CXX object CMakeFiles/unitree_go__rosidl_typesupport_introspection_cpp.dir/rosidl_typesupport_introspection_cpp/unitree_go/msg/detail/motor_cmds__type_support.cpp.o\x1b[0m\n'}
[3.460691] (unitree_go) StdoutLine: {'line': b'[ 31%] \x1b[32mBuilding CXX object CMakeFiles/unitree_go__rosidl_typesupport_introspection_cpp.dir/rosidl_typesupport_introspection_cpp/unitree_go/msg/detail/lidar_state__type_support.cpp.o\x1b[0m\n'}
[3.479480] (go2_interfaces) StdoutLine: {'line': b'[ 40%] Built target go2_interfaces__rosidl_typesupport_c\n'}
[3.487686] (unitree_api) StdoutLine: {'line': b'-- Symlinking: /home/jnu/go2_ws/install/unitree_api/include/unitree_api/unitree_api/msg/detail/request__type_support.h\n'}
[3.507880] (-) TimerEvent: {}
[3.508562] (unitree_api) StdoutLine: {'line': b'-- Symlinking: /home/jnu/go2_ws/install/unitree_api/include/unitree_api/unitree_api/msg/detail/request_header__functions.h\n'}
[3.522046] (unitree_go) StdoutLine: {'line': b'[ 32%] \x1b[32mBuilding CXX object CMakeFiles/unitree_go__rosidl_typesupport_introspection_cpp.dir/rosidl_typesupport_introspection_cpp/unitree_go/msg/detail/motor_state__type_support.cpp.o\x1b[0m\n'}
[3.523396] (unitree_api) StdoutLine: {'line': b'-- Symlinking: /home/jnu/go2_ws/install/unitree_api/include/unitree_api/unitree_api/msg/detail/request_header__struct.h\n'}
[3.540499] (unitree_go) StdoutLine: {'line': b'[ 32%] \x1b[32mBuilding CXX object CMakeFiles/unitree_go__rosidl_typesupport_introspection_cpp.dir/rosidl_typesupport_introspection_cpp/unitree_go/msg/detail/motor_states__type_support.cpp.o\x1b[0m\n'}
[3.541963] (unitree_api) StdoutLine: {'line': b'-- Symlinking: /home/jnu/go2_ws/install/unitree_api/include/unitree_api/unitree_api/msg/detail/request_header__type_support.h\n'}
[3.561794] (unitree_api) StdoutLine: {'line': b'-- Symlinking: /home/jnu/go2_ws/install/unitree_api/include/unitree_api/unitree_api/msg/detail/request_identity__functions.h\n'}
[3.562053] (unitree_go) StdoutLine: {'line': b'[ 33%] \x1b[32mBuilding CXX object CMakeFiles/unitree_go__rosidl_typesupport_introspection_cpp.dir/rosidl_typesupport_introspection_cpp/unitree_go/msg/detail/path_point__type_support.cpp.o\x1b[0m\n'}
[3.583324] (unitree_go) StdoutLine: {'line': b'[ 33%] \x1b[32mBuilding CXX object CMakeFiles/unitree_go__rosidl_typesupport_introspection_cpp.dir/rosidl_typesupport_introspection_cpp/unitree_go/msg/detail/req__type_support.cpp.o\x1b[0m\n'}
[3.596560] (unitree_go) StdoutLine: {'line': b'[ 34%] \x1b[32mBuilding CXX object CMakeFiles/unitree_go__rosidl_typesupport_introspection_cpp.dir/rosidl_typesupport_introspection_cpp/unitree_go/msg/detail/res__type_support.cpp.o\x1b[0m\n'}
[3.607508] (unitree_api) StdoutLine: {'line': b'-- Symlinking: /home/jnu/go2_ws/install/unitree_api/include/unitree_api/unitree_api/msg/detail/request_identity__struct.h\n'}
[3.608399] (-) TimerEvent: {}
[3.624149] (unitree_api) StdoutLine: {'line': b'-- Symlinking: /home/jnu/go2_ws/install/unitree_api/include/unitree_api/unitree_api/msg/detail/request_identity__type_support.h\n'}
[3.652310] (unitree_api) StdoutLine: {'line': b'-- Symlinking: /home/jnu/go2_ws/install/unitree_api/include/unitree_api/unitree_api/msg/detail/request_lease__functions.h\n'}
[3.673954] (unitree_api) StdoutLine: {'line': b'-- Symlinking: /home/jnu/go2_ws/install/unitree_api/include/unitree_api/unitree_api/msg/detail/request_lease__struct.h\n'}
[3.675291] (unitree_go) StdoutLine: {'line': b'[ 34%] \x1b[32mBuilding CXX object CMakeFiles/unitree_go__rosidl_typesupport_introspection_cpp.dir/rosidl_typesupport_introspection_cpp/unitree_go/msg/detail/sport_mode_cmd__type_support.cpp.o\x1b[0m\n'}
[3.683585] (unitree_api) StdoutLine: {'line': b'-- Symlinking: /home/jnu/go2_ws/install/unitree_api/include/unitree_api/unitree_api/msg/detail/request_lease__type_support.h\n'}
[3.696504] (unitree_api) StdoutLine: {'line': b'-- Symlinking: /home/jnu/go2_ws/install/unitree_api/include/unitree_api/unitree_api/msg/detail/request_policy__functions.h\n'}
[3.709582] (-) TimerEvent: {}
[3.713580] (unitree_api) StdoutLine: {'line': b'-- Symlinking: /home/jnu/go2_ws/install/unitree_api/include/unitree_api/unitree_api/msg/detail/request_policy__struct.h\n'}
[3.719949] (unitree_go) StdoutLine: {'line': b'[ 35%] \x1b[32m\x1b[1mLinking CXX shared library libunitree_go__rosidl_typesupport_cpp.so\x1b[0m\n'}
[3.734249] (unitree_api) StdoutLine: {'line': b'-- Symlinking: /home/jnu/go2_ws/install/unitree_api/include/unitree_api/unitree_api/msg/detail/request_policy__type_support.h\n'}
[3.747207] (go2_interfaces) StdoutLine: {'line': b'[ 40%] \x1b[32mBuilding CXX object CMakeFiles/go2_interfaces__rosidl_typesupport_introspection_cpp.dir/rosidl_typesupport_introspection_cpp/go2_interfaces/srv/detail/body_height__type_support.cpp.o\x1b[0m\n'}
[3.749930] (go2_interfaces) StdoutLine: {'line': b'[ 41%] \x1b[32mBuilding CXX object CMakeFiles/go2_interfaces__rosidl_typesupport_introspection_cpp.dir/rosidl_typesupport_introspection_cpp/go2_interfaces/srv/detail/foot_raise_height__type_support.cpp.o\x1b[0m\n'}
[3.751557] (go2_interfaces) StdoutLine: {'line': b'[ 42%] \x1b[32mBuilding CXX object CMakeFiles/go2_interfaces__rosidl_typesupport_introspection_cpp.dir/rosidl_typesupport_introspection_cpp/go2_interfaces/srv/detail/euler__type_support.cpp.o\x1b[0m\n'}
[3.751704] (go2_interfaces) StdoutLine: {'line': b'[ 42%] \x1b[32mBuilding CXX object CMakeFiles/go2_interfaces__rosidl_typesupport_introspection_cpp.dir/rosidl_typesupport_introspection_cpp/go2_interfaces/srv/detail/continuous_gait__type_support.cpp.o\x1b[0m\n'}
[3.756945] (unitree_api) StdoutLine: {'line': b'-- Symlinking: /home/jnu/go2_ws/install/unitree_api/include/unitree_api/unitree_api/msg/detail/response__functions.h\n'}
[3.758413] (go2_interfaces) StdoutLine: {'line': b'[ 43%] \x1b[32mBuilding CXX object CMakeFiles/go2_interfaces__rosidl_typesupport_introspection_cpp.dir/rosidl_typesupport_introspection_cpp/go2_interfaces/srv/detail/get_brightness__type_support.cpp.o\x1b[0m\n'}
[3.767218] (go2_interfaces) StdoutLine: {'line': b'[ 43%] \x1b[32mBuilding CXX object CMakeFiles/go2_interfaces__rosidl_typesupport_introspection_cpp.dir/rosidl_typesupport_introspection_cpp/go2_interfaces/srv/detail/get_body_height__type_support.cpp.o\x1b[0m\n'}
[3.775551] (unitree_api) StdoutLine: {'line': b'-- Symlinking: /home/jnu/go2_ws/install/unitree_api/include/unitree_api/unitree_api/msg/detail/response__struct.h\n'}
[3.788533] (go2_interfaces) StdoutLine: {'line': b'[ 44%] \x1b[32mBuilding CXX object CMakeFiles/go2_interfaces__rosidl_typesupport_introspection_cpp.dir/rosidl_typesupport_introspection_cpp/go2_interfaces/srv/detail/get_speed_level__type_support.cpp.o\x1b[0m\n'}
[3.790677] (go2_interfaces) StdoutLine: {'line': b'[ 44%] \x1b[32mBuilding CXX object CMakeFiles/go2_interfaces__rosidl_typesupport_introspection_cpp.dir/rosidl_typesupport_introspection_cpp/go2_interfaces/srv/detail/get_foot_raise_height__type_support.cpp.o\x1b[0m\n'}
[3.790908] (unitree_api) StdoutLine: {'line': b'-- Symlinking: /home/jnu/go2_ws/install/unitree_api/include/unitree_api/unitree_api/msg/detail/response__type_support.h\n'}
[3.795138] (go2_interfaces) StdoutLine: {'line': b'[ 44%] \x1b[32mBuilding CXX object CMakeFiles/go2_interfaces__rosidl_typesupport_introspection_cpp.dir/rosidl_typesupport_introspection_cpp/go2_interfaces/srv/detail/get_state__type_support.cpp.o\x1b[0m\n'}
[3.800540] (unitree_go) StdoutLine: {'line': b'[ 35%] Built target unitree_go__rosidl_typesupport_cpp\n'}
[3.806341] (unitree_api) StdoutLine: {'line': b'-- Symlinking: /home/jnu/go2_ws/install/unitree_api/include/unitree_api/unitree_api/msg/detail/response_header__functions.h\n'}
[3.807516] (go2_interfaces) StdoutLine: {'line': b'[ 44%] \x1b[32mBuilding CXX object CMakeFiles/go2_interfaces__rosidl_typesupport_introspection_cpp.dir/rosidl_typesupport_introspection_cpp/go2_interfaces/srv/detail/get_switch_obstacles_avoidance__type_support.cpp.o\x1b[0m\n'}
[3.809674] (-) TimerEvent: {}
[3.810607] (go2_interfaces) StdoutLine: {'line': b'[ 45%] \x1b[32mBuilding CXX object CMakeFiles/go2_interfaces__rosidl_typesupport_introspection_cpp.dir/rosidl_typesupport_introspection_cpp/go2_interfaces/srv/detail/get_switch__type_support.cpp.o\x1b[0m\n'}
[3.815553] (go2_interfaces) StdoutLine: {'line': b'[ 46%] \x1b[32mBuilding CXX object CMakeFiles/go2_interfaces__rosidl_typesupport_introspection_cpp.dir/rosidl_typesupport_introspection_cpp/go2_interfaces/srv/detail/get_volume__type_support.cpp.o\x1b[0m\n'}
[3.818520] (go2_interfaces) StdoutLine: {'line': b'[ 47%] \x1b[32mBuilding CXX object CMakeFiles/go2_interfaces__rosidl_typesupport_introspection_cpp.dir/rosidl_typesupport_introspection_cpp/go2_interfaces/srv/detail/pose__type_support.cpp.o\x1b[0m\n'}
[3.822430] (unitree_api) StdoutLine: {'line': b'-- Symlinking: /home/jnu/go2_ws/install/unitree_api/include/unitree_api/unitree_api/msg/detail/response_header__struct.h\n'}
[3.822656] (go2_interfaces) StdoutLine: {'line': b'[ 47%] \x1b[32mBuilding CXX object CMakeFiles/go2_interfaces__rosidl_typesupport_introspection_cpp.dir/rosidl_typesupport_introspection_cpp/go2_interfaces/srv/detail/mode__type_support.cpp.o\x1b[0m\n'}
[3.822741] (go2_interfaces) StdoutLine: {'line': b'[ 47%] \x1b[32mBuilding CXX object CMakeFiles/go2_interfaces__rosidl_typesupport_introspection_cpp.dir/rosidl_typesupport_introspection_cpp/go2_interfaces/srv/detail/say__type_support.cpp.o\x1b[0m\n'}
[3.837449] (go2_interfaces) StdoutLine: {'line': b'[ 47%] \x1b[32mBuilding CXX object CMakeFiles/go2_interfaces__rosidl_typesupport_introspection_cpp.dir/rosidl_typesupport_introspection_cpp/go2_interfaces/srv/detail/set_switch__type_support.cpp.o\x1b[0m\n'}
[3.840485] (unitree_api) StdoutLine: {'line': b'-- Symlinking: /home/jnu/go2_ws/install/unitree_api/include/unitree_api/unitree_api/msg/detail/response_header__type_support.h\n'}
[3.842202] (go2_interfaces) StdoutLine: {'line': b'[ 48%] \x1b[32mBuilding CXX object CMakeFiles/go2_interfaces__rosidl_typesupport_introspection_cpp.dir/rosidl_typesupport_introspection_cpp/go2_interfaces/srv/detail/set_brightness__type_support.cpp.o\x1b[0m\n'}
[3.864610] (go2_interfaces) StdoutLine: {'line': b'[ 49%] \x1b[32mBuilding CXX object CMakeFiles/go2_interfaces__rosidl_typesupport_introspection_cpp.dir/rosidl_typesupport_introspection_cpp/go2_interfaces/srv/detail/set_switch_obstacles_avoidance__type_support.cpp.o\x1b[0m\n'}
[3.864850] (unitree_api) StdoutLine: {'line': b'-- Symlinking: /home/jnu/go2_ws/install/unitree_api/include/unitree_api/unitree_api/msg/detail/response_status__functions.h\n'}
[3.876695] (go2_interfaces) StdoutLine: {'line': b'[ 49%] \x1b[32mBuilding CXX object CMakeFiles/go2_interfaces__rosidl_typesupport_introspection_cpp.dir/rosidl_typesupport_introspection_cpp/go2_interfaces/srv/detail/set_volume__type_support.cpp.o\x1b[0m\n'}
[3.878789] (go2_interfaces) StdoutLine: {'line': b'[ 50%] \x1b[32mBuilding CXX object CMakeFiles/go2_interfaces__rosidl_typesupport_introspection_cpp.dir/rosidl_typesupport_introspection_cpp/go2_interfaces/srv/detail/speed_level__type_support.cpp.o\x1b[0m\n'}
[3.880597] (unitree_go) StdoutLine: {'line': b'[ 35%] \x1b[32mBuilding CXX object CMakeFiles/unitree_go__rosidl_typesupport_introspection_cpp.dir/rosidl_typesupport_introspection_cpp/unitree_go/msg/detail/sport_mode_state__type_support.cpp.o\x1b[0m\n'}
[3.882229] (go2_interfaces) StdoutLine: {'line': b'[ 50%] \x1b[32m\x1b[1mLinking CXX shared library libgo2_interfaces__rosidl_typesupport_cpp.so\x1b[0m\n'}
[3.884028] (unitree_api) StdoutLine: {'line': b'-- Symlinking: /home/jnu/go2_ws/install/unitree_api/include/unitree_api/unitree_api/msg/detail/response_status__struct.h\n'}
[3.887178] (go2_interfaces) StdoutLine: {'line': b'[ 50%] \x1b[32mBuilding C object CMakeFiles/go2_interfaces__rosidl_typesupport_introspection_c.dir/rosidl_typesupport_introspection_c/go2_interfaces/srv/detail/body_height__type_support.c.o\x1b[0m\n'}
[3.899515] (unitree_go) StdoutLine: {'line': b'[ 36%] \x1b[32mBuilding CXX object CMakeFiles/unitree_go__rosidl_typesupport_introspection_cpp.dir/rosidl_typesupport_introspection_cpp/unitree_go/msg/detail/time_spec__type_support.cpp.o\x1b[0m\n'}
[3.903726] (unitree_api) StdoutLine: {'line': b'-- Symlinking: /home/jnu/go2_ws/install/unitree_api/include/unitree_api/unitree_api/msg/detail/response_status__type_support.h\n'}
[3.909818] (-) TimerEvent: {}
[3.922462] (unitree_api) StdoutLine: {'line': b'-- Symlinking: /home/jnu/go2_ws/install/unitree_api/include/unitree_api/unitree_api/msg/request.h\n'}
[3.944618] (unitree_api) StdoutLine: {'line': b'-- Symlinking: /home/jnu/go2_ws/install/unitree_api/include/unitree_api/unitree_api/msg/request_header.h\n'}
[3.973654] (unitree_api) StdoutLine: {'line': b'-- Symlinking: /home/jnu/go2_ws/install/unitree_api/include/unitree_api/unitree_api/msg/request_identity.h\n'}
[3.984569] (unitree_go) StdoutLine: {'line': b'[ 36%] \x1b[32mBuilding CXX object CMakeFiles/unitree_go__rosidl_typesupport_introspection_cpp.dir/rosidl_typesupport_introspection_cpp/unitree_go/msg/detail/uwb_state__type_support.cpp.o\x1b[0m\n'}
[3.993560] (unitree_api) StdoutLine: {'line': b'-- Symlinking: /home/jnu/go2_ws/install/unitree_api/include/unitree_api/unitree_api/msg/request_lease.h\n'}
[4.001360] (go2_interfaces) StdoutLine: {'line': b'[ 51%] \x1b[32mBuilding C object CMakeFiles/go2_interfaces__rosidl_typesupport_introspection_c.dir/rosidl_typesupport_introspection_c/go2_interfaces/srv/detail/continuous_gait__type_support.c.o\x1b[0m\n'}
[4.012512] (unitree_api) StdoutLine: {'line': b'-- Symlinking: /home/jnu/go2_ws/install/unitree_api/include/unitree_api/unitree_api/msg/request_policy.h\n'}
[4.012833] (-) TimerEvent: {}
[4.023639] (go2_interfaces) StdoutLine: {'line': b'[ 51%] Built target go2_interfaces__rosidl_typesupport_cpp\n'}
[4.025141] (unitree_api) StdoutLine: {'line': b'-- Symlinking: /home/jnu/go2_ws/install/unitree_api/include/unitree_api/unitree_api/msg/response.h\n'}
[4.028163] (unitree_go) StdoutLine: {'line': b'[ 37%] \x1b[32mBuilding CXX object CMakeFiles/unitree_go__rosidl_typesupport_introspection_cpp.dir/rosidl_typesupport_introspection_cpp/unitree_go/msg/detail/uwb_switch__type_support.cpp.o\x1b[0m\n'}
[4.034805] (unitree_go) StdoutLine: {'line': b'[ 37%] \x1b[32mBuilding CXX object CMakeFiles/unitree_go__rosidl_typesupport_introspection_cpp.dir/rosidl_typesupport_introspection_cpp/unitree_go/msg/detail/voxel_map_compressed__type_support.cpp.o\x1b[0m\n'}
[4.053251] (unitree_api) StdoutLine: {'line': b'-- Symlinking: /home/jnu/go2_ws/install/unitree_api/include/unitree_api/unitree_api/msg/response_header.h\n'}
[4.058136] (go2_interfaces) StdoutLine: {'line': b'[ 51%] \x1b[32mBuilding CXX object CMakeFiles/go2_interfaces__rosidl_typesupport_introspection_cpp.dir/rosidl_typesupport_introspection_cpp/go2_interfaces/srv/detail/switch_gait__type_support.cpp.o\x1b[0m\n'}
[4.070136] (unitree_go) StdoutLine: {'line': b'[ 37%] \x1b[32mBuilding CXX object CMakeFiles/unitree_go__rosidl_typesupport_c.dir/rosidl_typesupport_c/unitree_go/msg/audio_data__type_support.cpp.o\x1b[0m\n'}
[4.077712] (unitree_go) StdoutLine: {'line': b'[ 38%] \x1b[32mBuilding CXX object CMakeFiles/unitree_go__rosidl_typesupport_c.dir/rosidl_typesupport_c/unitree_go/msg/bms_cmd__type_support.cpp.o\x1b[0m\n'}
[4.087566] (unitree_api) StdoutLine: {'line': b'-- Symlinking: /home/jnu/go2_ws/install/unitree_api/include/unitree_api/unitree_api/msg/response_status.h\n'}
[4.088446] (go2_interfaces) StdoutLine: {'line': b'[ 51%] \x1b[32mBuilding C object CMakeFiles/go2_interfaces__rosidl_typesupport_introspection_c.dir/rosidl_typesupport_introspection_c/go2_interfaces/srv/detail/euler__type_support.c.o\x1b[0m\n'}
[4.100249] (unitree_go) StdoutLine: {'line': b'[ 38%] \x1b[32mBuilding CXX object CMakeFiles/unitree_go__rosidl_typesupport_c.dir/rosidl_typesupport_c/unitree_go/msg/bms_state__type_support.cpp.o\x1b[0m\n'}
[4.106583] (unitree_api) StdoutLine: {'line': b'-- Symlinking: /home/jnu/go2_ws/install/unitree_api/include/unitree_api/unitree_api/msg/rosidl_generator_c__visibility_control.h\n'}
[4.113001] (-) TimerEvent: {}
[4.119046] (unitree_go) StdoutLine: {'line': b'[ 39%] \x1b[32mBuilding CXX object CMakeFiles/unitree_go__rosidl_typesupport_c.dir/rosidl_typesupport_c/unitree_go/msg/error__type_support.cpp.o\x1b[0m\n'}
[4.121787] (unitree_api) StdoutLine: {'line': b'-- Symlinking: /home/jnu/go2_ws/install/unitree_api/share/unitree_api/environment/library_path.sh\n'}
[4.141434] (unitree_api) StdoutLine: {'line': b'-- Symlinking: /home/jnu/go2_ws/install/unitree_api/share/unitree_api/environment/library_path.dsv\n'}
[4.142156] (unitree_go) StdoutLine: {'line': b'[ 40%] \x1b[32mBuilding CXX object CMakeFiles/unitree_go__rosidl_typesupport_introspection_cpp.dir/rosidl_typesupport_introspection_cpp/unitree_go/msg/detail/voxel_height_map_state__type_support.cpp.o\x1b[0m\n'}
[4.153220] (unitree_go) StdoutLine: {'line': b'[ 40%] \x1b[32mBuilding CXX object CMakeFiles/unitree_go__rosidl_typesupport_introspection_cpp.dir/rosidl_typesupport_introspection_cpp/unitree_go/msg/detail/wireless_controller__type_support.cpp.o\x1b[0m\n'}
[4.158295] (go2_interfaces) StdoutLine: {'line': b'[ 52%] \x1b[32mBuilding C object CMakeFiles/go2_interfaces__rosidl_typesupport_introspection_c.dir/rosidl_typesupport_introspection_c/go2_interfaces/srv/detail/foot_raise_height__type_support.c.o\x1b[0m\n'}
[4.163260] (unitree_api) StdoutLine: {'line': b'-- Symlinking: /home/jnu/go2_ws/install/unitree_api/include/unitree_api/unitree_api/msg/detail/request__rosidl_typesupport_fastrtps_c.h\n'}
[4.180641] (unitree_go) StdoutLine: {'line': b'[ 41%] \x1b[32mBuilding CXX object CMakeFiles/unitree_go__rosidl_typesupport_c.dir/rosidl_typesupport_c/unitree_go/msg/height_map__type_support.cpp.o\x1b[0m\n'}
[4.182066] (unitree_api) StdoutLine: {'line': b'-- Symlinking: /home/jnu/go2_ws/install/unitree_api/include/unitree_api/unitree_api/msg/detail/request_header__rosidl_typesupport_fastrtps_c.h\n'}
[4.184684] (unitree_go) StdoutLine: {'line': b'[ 41%] \x1b[32mBuilding CXX object CMakeFiles/unitree_go__rosidl_typesupport_c.dir/rosidl_typesupport_c/unitree_go/msg/go2_front_video_data__type_support.cpp.o\x1b[0m\n'}
[4.202730] (unitree_go) StdoutLine: {'line': b'[ 41%] \x1b[32mBuilding CXX object CMakeFiles/unitree_go__rosidl_typesupport_c.dir/rosidl_typesupport_c/unitree_go/msg/imu_state__type_support.cpp.o\x1b[0m\n'}
[4.203048] (unitree_go) StdoutLine: {'line': b'[ 41%] \x1b[32mBuilding CXX object CMakeFiles/unitree_go__rosidl_typesupport_c.dir/rosidl_typesupport_c/unitree_go/msg/interface_config__type_support.cpp.o\x1b[0m\n'}
[4.206609] (unitree_api) StdoutLine: {'line': b'-- Symlinking: /home/jnu/go2_ws/install/unitree_api/include/unitree_api/unitree_api/msg/detail/request_identity__rosidl_typesupport_fastrtps_c.h\n'}
[4.216518] (-) TimerEvent: {}
[4.220881] (unitree_go) StdoutLine: {'line': b'[ 42%] \x1b[32mBuilding CXX object CMakeFiles/unitree_go__rosidl_typesupport_c.dir/rosidl_typesupport_c/unitree_go/msg/lidar_state__type_support.cpp.o\x1b[0m\n'}
[4.226494] (unitree_api) StdoutLine: {'line': b'-- Symlinking: /home/jnu/go2_ws/install/unitree_api/include/unitree_api/unitree_api/msg/detail/request_lease__rosidl_typesupport_fastrtps_c.h\n'}
[4.235122] (go2_interfaces) StdoutLine: {'line': b'[ 52%] \x1b[32mBuilding C object CMakeFiles/go2_interfaces__rosidl_typesupport_introspection_c.dir/rosidl_typesupport_introspection_c/go2_interfaces/srv/detail/get_body_height__type_support.c.o\x1b[0m\n'}
[4.238958] (unitree_go) StdoutLine: {'line': b'[ 42%] \x1b[32mBuilding CXX object CMakeFiles/unitree_go__rosidl_typesupport_c.dir/rosidl_typesupport_c/unitree_go/msg/low_cmd__type_support.cpp.o\x1b[0m\n'}
[4.245564] (unitree_api) StdoutLine: {'line': b'-- Symlinking: /home/jnu/go2_ws/install/unitree_api/include/unitree_api/unitree_api/msg/detail/request_policy__rosidl_typesupport_fastrtps_c.h\n'}
[4.256503] (unitree_go) StdoutLine: {'line': b'[ 43%] \x1b[32mBuilding CXX object CMakeFiles/unitree_go__rosidl_typesupport_c.dir/rosidl_typesupport_c/unitree_go/msg/low_state__type_support.cpp.o\x1b[0m\n'}
[4.256872] (unitree_go) StdoutLine: {'line': b'[ 43%] \x1b[32mBuilding CXX object CMakeFiles/unitree_go__rosidl_typesupport_c.dir/rosidl_typesupport_c/unitree_go/msg/motor_cmd__type_support.cpp.o\x1b[0m\n'}
[4.268082] (unitree_api) StdoutLine: {'line': b'-- Symlinking: /home/jnu/go2_ws/install/unitree_api/include/unitree_api/unitree_api/msg/detail/response__rosidl_typesupport_fastrtps_c.h\n'}
[4.272885] (unitree_go) StdoutLine: {'line': b'[ 44%] \x1b[32mBuilding CXX object CMakeFiles/unitree_go__rosidl_typesupport_c.dir/rosidl_typesupport_c/unitree_go/msg/motor_cmds__type_support.cpp.o\x1b[0m\n'}
[4.289299] (unitree_go) StdoutLine: {'line': b'[ 44%] \x1b[32mBuilding CXX object CMakeFiles/unitree_go__rosidl_typesupport_c.dir/rosidl_typesupport_c/unitree_go/msg/motor_state__type_support.cpp.o\x1b[0m\n'}
[4.291539] (unitree_api) StdoutLine: {'line': b'-- Symlinking: /home/jnu/go2_ws/install/unitree_api/include/unitree_api/unitree_api/msg/detail/response_header__rosidl_typesupport_fastrtps_c.h\n'}
[4.302599] (unitree_go) StdoutLine: {'line': b'[ 44%] \x1b[32mBuilding CXX object CMakeFiles/unitree_go__rosidl_typesupport_c.dir/rosidl_typesupport_c/unitree_go/msg/motor_states__type_support.cpp.o\x1b[0m\n'}
[4.312436] (unitree_api) StdoutLine: {'line': b'-- Symlinking: /home/jnu/go2_ws/install/unitree_api/include/unitree_api/unitree_api/msg/detail/response_status__rosidl_typesupport_fastrtps_c.h\n'}
[4.312690] (unitree_go) StdoutLine: {'line': b'[ 45%] \x1b[32mBuilding CXX object CMakeFiles/unitree_go__rosidl_typesupport_c.dir/rosidl_typesupport_c/unitree_go/msg/path_point__type_support.cpp.o\x1b[0m\n'}
[4.316647] (-) TimerEvent: {}
[4.327771] (unitree_go) StdoutLine: {'line': b'[ 45%] \x1b[32mBuilding CXX object CMakeFiles/unitree_go__rosidl_typesupport_c.dir/rosidl_typesupport_c/unitree_go/msg/req__type_support.cpp.o\x1b[0m\n'}
[4.329495] (unitree_go) StdoutLine: {'line': b'[ 46%] \x1b[32mBuilding CXX object CMakeFiles/unitree_go__rosidl_typesupport_c.dir/rosidl_typesupport_c/unitree_go/msg/res__type_support.cpp.o\x1b[0m\n'}
[4.334452] (unitree_api) StdoutLine: {'line': b'-- Symlinking: /home/jnu/go2_ws/install/unitree_api/include/unitree_api/unitree_api/msg/rosidl_typesupport_fastrtps_c__visibility_control.h\n'}
[4.334711] (unitree_go) StdoutLine: {'line': b'[ 46%] \x1b[32mBuilding CXX object CMakeFiles/unitree_go__rosidl_typesupport_c.dir/rosidl_typesupport_c/unitree_go/msg/sport_mode_cmd__type_support.cpp.o\x1b[0m\n'}
[4.339130] (go2_interfaces) StdoutLine: {'line': b'[ 53%] \x1b[32mBuilding CXX object CMakeFiles/go2_interfaces__rosidl_typesupport_introspection_cpp.dir/rosidl_typesupport_introspection_cpp/go2_interfaces/srv/detail/switch_joystick__type_support.cpp.o\x1b[0m\n'}
[4.357042] (unitree_go) StdoutLine: {'line': b'[ 47%] \x1b[32mBuilding CXX object CMakeFiles/unitree_go__rosidl_typesupport_c.dir/rosidl_typesupport_c/unitree_go/msg/sport_mode_state__type_support.cpp.o\x1b[0m\n'}
[4.358894] (unitree_api) StdoutLine: {'line': b'-- Symlinking: /home/jnu/go2_ws/install/unitree_api/include/unitree_api/unitree_api/msg/detail/request__builder.hpp\n'}
[4.368361] (go2_interfaces) StdoutLine: {'line': b'[ 54%] \x1b[32mBuilding C object CMakeFiles/go2_interfaces__rosidl_typesupport_introspection_c.dir/rosidl_typesupport_introspection_c/go2_interfaces/srv/detail/get_brightness__type_support.c.o\x1b[0m\n'}
[4.374712] (unitree_go) StdoutLine: {'line': b'[ 47%] \x1b[32mBuilding CXX object CMakeFiles/unitree_go__rosidl_typesupport_c.dir/rosidl_typesupport_c/unitree_go/msg/time_spec__type_support.cpp.o\x1b[0m\n'}
[4.381332] (unitree_go) StdoutLine: {'line': b'[ 47%] \x1b[32mBuilding CXX object CMakeFiles/unitree_go__rosidl_typesupport_c.dir/rosidl_typesupport_c/unitree_go/msg/uwb_state__type_support.cpp.o\x1b[0m\n'}
[4.382716] (unitree_api) StdoutLine: {'line': b'-- Symlinking: /home/jnu/go2_ws/install/unitree_api/include/unitree_api/unitree_api/msg/detail/request__struct.hpp\n'}
[4.400977] (unitree_api) StdoutLine: {'line': b'-- Symlinking: /home/jnu/go2_ws/install/unitree_api/include/unitree_api/unitree_api/msg/detail/request__traits.hpp\n'}
[4.406820] (unitree_go) StdoutLine: {'line': b'[ 47%] \x1b[32mBuilding CXX object CMakeFiles/unitree_go__rosidl_typesupport_c.dir/rosidl_typesupport_c/unitree_go/msg/voxel_map_compressed__type_support.cpp.o\x1b[0m\n'}
[4.408439] (unitree_go) StdoutLine: {'line': b'[ 48%] \x1b[32mBuilding CXX object CMakeFiles/unitree_go__rosidl_typesupport_c.dir/rosidl_typesupport_c/unitree_go/msg/uwb_switch__type_support.cpp.o\x1b[0m\n'}
[4.412938] (go2_interfaces) StdoutLine: {'line': b'[ 54%] \x1b[32mBuilding C object CMakeFiles/go2_interfaces__rosidl_typesupport_introspection_c.dir/rosidl_typesupport_introspection_c/go2_interfaces/srv/detail/get_foot_raise_height__type_support.c.o\x1b[0m\n'}
[4.417484] (-) TimerEvent: {}
[4.424487] (unitree_api) StdoutLine: {'line': b'-- Symlinking: /home/jnu/go2_ws/install/unitree_api/include/unitree_api/unitree_api/msg/detail/request__type_support.hpp\n'}
[4.424784] (unitree_go) StdoutLine: {'line': b'[ 49%] \x1b[32mBuilding CXX object CMakeFiles/unitree_go__rosidl_typesupport_c.dir/rosidl_typesupport_c/unitree_go/msg/voxel_height_map_state__type_support.cpp.o\x1b[0m\n'}
[4.425963] (unitree_go) StdoutLine: {'line': b'[ 49%] \x1b[32mBuilding CXX object CMakeFiles/unitree_go__rosidl_typesupport_c.dir/rosidl_typesupport_c/unitree_go/msg/wireless_controller__type_support.cpp.o\x1b[0m\n'}
[4.437052] (unitree_api) StdoutLine: {'line': b'-- Symlinking: /home/jnu/go2_ws/install/unitree_api/include/unitree_api/unitree_api/msg/detail/request_header__builder.hpp\n'}
[4.454479] (go2_interfaces) StdoutLine: {'line': b'[ 55%] \x1b[32mBuilding C object CMakeFiles/go2_interfaces__rosidl_typesupport_introspection_c.dir/rosidl_typesupport_introspection_c/go2_interfaces/srv/detail/get_speed_level__type_support.c.o\x1b[0m\n'}
[4.458898] (unitree_api) StdoutLine: {'line': b'-- Symlinking: /home/jnu/go2_ws/install/unitree_api/include/unitree_api/unitree_api/msg/detail/request_header__struct.hpp\n'}
[4.469079] (go2_interfaces) StdoutLine: {'line': b'[ 55%] \x1b[32mBuilding C object CMakeFiles/go2_interfaces__rosidl_typesupport_introspection_c.dir/rosidl_typesupport_introspection_c/go2_interfaces/srv/detail/get_state__type_support.c.o\x1b[0m\n'}
[4.479907] (unitree_api) StdoutLine: {'line': b'-- Symlinking: /home/jnu/go2_ws/install/unitree_api/include/unitree_api/unitree_api/msg/detail/request_header__traits.hpp\n'}
[4.492569] (unitree_go) StdoutLine: {'line': b'[ 49%] \x1b[32mBuilding CXX object CMakeFiles/unitree_go__rosidl_typesupport_fastrtps_cpp.dir/rosidl_typesupport_fastrtps_cpp/unitree_go/msg/detail/dds_fastrtps/audio_data__type_support.cpp.o\x1b[0m\n'}
[4.495675] (unitree_go) StdoutLine: {'line': b'[ 49%] \x1b[32mBuilding CXX object CMakeFiles/unitree_go__rosidl_typesupport_fastrtps_cpp.dir/rosidl_typesupport_fastrtps_cpp/unitree_go/msg/detail/dds_fastrtps/go2_front_video_data__type_support.cpp.o\x1b[0m\n'}
[4.495936] (unitree_go) StdoutLine: {'line': b'[ 50%] \x1b[32mBuilding CXX object CMakeFiles/unitree_go__rosidl_typesupport_fastrtps_cpp.dir/rosidl_typesupport_fastrtps_cpp/unitree_go/msg/detail/dds_fastrtps/bms_cmd__type_support.cpp.o\x1b[0m\n'}
[4.496049] (unitree_go) StdoutLine: {'line': b'[ 50%] \x1b[32mBuilding CXX object CMakeFiles/unitree_go__rosidl_typesupport_fastrtps_cpp.dir/rosidl_typesupport_fastrtps_cpp/unitree_go/msg/detail/dds_fastrtps/height_map__type_support.cpp.o\x1b[0m\n'}
[4.496243] (unitree_go) StdoutLine: {'line': b'[ 51%] \x1b[32mBuilding CXX object CMakeFiles/unitree_go__rosidl_typesupport_fastrtps_cpp.dir/rosidl_typesupport_fastrtps_cpp/unitree_go/msg/detail/dds_fastrtps/error__type_support.cpp.o\x1b[0m\n'}
[4.497636] (unitree_go) StdoutLine: {'line': b'[ 52%] \x1b[32mBuilding CXX object CMakeFiles/unitree_go__rosidl_typesupport_fastrtps_cpp.dir/rosidl_typesupport_fastrtps_cpp/unitree_go/msg/detail/dds_fastrtps/imu_state__type_support.cpp.o\x1b[0m\n'}
[4.498114] (unitree_go) StdoutLine: {'line': b'[ 52%] \x1b[32mBuilding CXX object CMakeFiles/unitree_go__rosidl_typesupport_fastrtps_cpp.dir/rosidl_typesupport_fastrtps_cpp/unitree_go/msg/detail/dds_fastrtps/bms_state__type_support.cpp.o\x1b[0m\n'}
[4.499034] (unitree_go) StdoutLine: {'line': b'[ 53%] \x1b[32m\x1b[1mLinking CXX shared library libunitree_go__rosidl_typesupport_c.so\x1b[0m\n'}
[4.502496] (unitree_go) StdoutLine: {'line': b'[ 54%] \x1b[32mBuilding CXX object CMakeFiles/unitree_go__rosidl_typesupport_fastrtps_cpp.dir/rosidl_typesupport_fastrtps_cpp/unitree_go/msg/detail/dds_fastrtps/lidar_state__type_support.cpp.o\x1b[0m\n'}
[4.502763] (unitree_api) StdoutLine: {'line': b'-- Symlinking: /home/jnu/go2_ws/install/unitree_api/include/unitree_api/unitree_api/msg/detail/request_header__type_support.hpp\n'}
[4.503197] (go2_interfaces) StdoutLine: {'line': b'[ 56%] \x1b[32mBuilding C object CMakeFiles/go2_interfaces__rosidl_typesupport_introspection_c.dir/rosidl_typesupport_introspection_c/go2_interfaces/srv/detail/get_switch__type_support.c.o\x1b[0m\n'}
[4.504435] (unitree_go) StdoutLine: {'line': b'[ 54%] \x1b[32mBuilding CXX object CMakeFiles/unitree_go__rosidl_typesupport_fastrtps_cpp.dir/rosidl_typesupport_fastrtps_cpp/unitree_go/msg/detail/dds_fastrtps/interface_config__type_support.cpp.o\x1b[0m\n'}
[4.510921] (unitree_go) StdoutLine: {'line': b'[ 54%] \x1b[32mBuilding CXX object CMakeFiles/unitree_go__rosidl_typesupport_fastrtps_cpp.dir/rosidl_typesupport_fastrtps_cpp/unitree_go/msg/detail/dds_fastrtps/low_cmd__type_support.cpp.o\x1b[0m\n'}
[4.517624] (-) TimerEvent: {}
[4.530894] (unitree_api) StdoutLine: {'line': b'-- Symlinking: /home/jnu/go2_ws/install/unitree_api/include/unitree_api/unitree_api/msg/detail/request_identity__builder.hpp\n'}
[4.539533] (unitree_go) StdoutLine: {'line': b'[ 55%] \x1b[32mBuilding CXX object CMakeFiles/unitree_go__rosidl_typesupport_fastrtps_cpp.dir/rosidl_typesupport_fastrtps_cpp/unitree_go/msg/detail/dds_fastrtps/low_state__type_support.cpp.o\x1b[0m\n'}
[4.543169] (go2_interfaces) StdoutLine: {'line': b'[ 57%] \x1b[32mBuilding C object CMakeFiles/go2_interfaces__rosidl_typesupport_introspection_c.dir/rosidl_typesupport_introspection_c/go2_interfaces/srv/detail/get_volume__type_support.c.o\x1b[0m\n'}
[4.544465] (go2_interfaces) StdoutLine: {'line': b'[ 57%] \x1b[32mBuilding C object CMakeFiles/go2_interfaces__rosidl_typesupport_introspection_c.dir/rosidl_typesupport_introspection_c/go2_interfaces/srv/detail/get_switch_obstacles_avoidance__type_support.c.o\x1b[0m\n'}
[4.550467] (go2_interfaces) StdoutLine: {'line': b'[ 57%] \x1b[32mBuilding C object CMakeFiles/go2_interfaces__rosidl_typesupport_introspection_c.dir/rosidl_typesupport_introspection_c/go2_interfaces/srv/detail/mode__type_support.c.o\x1b[0m\n'}
[4.551963] (unitree_go) StdoutLine: {'line': b'[ 55%] \x1b[32mBuilding CXX object CMakeFiles/unitree_go__rosidl_typesupport_fastrtps_cpp.dir/rosidl_typesupport_fastrtps_cpp/unitree_go/msg/detail/dds_fastrtps/motor_cmd__type_support.cpp.o\x1b[0m\n'}
[4.557361] (unitree_api) StdoutLine: {'line': b'-- Symlinking: /home/jnu/go2_ws/install/unitree_api/include/unitree_api/unitree_api/msg/detail/request_identity__struct.hpp\n'}
[4.557669] (unitree_go) StdoutLine: {'line': b'[ 55%] \x1b[32mBuilding CXX object CMakeFiles/unitree_go__rosidl_typesupport_fastrtps_cpp.dir/rosidl_typesupport_fastrtps_cpp/unitree_go/msg/detail/dds_fastrtps/motor_cmds__type_support.cpp.o\x1b[0m\n'}
[4.572577] (go2_interfaces) StdoutLine: {'line': b'[ 58%] \x1b[32mBuilding C object CMakeFiles/go2_interfaces__rosidl_typesupport_introspection_c.dir/rosidl_typesupport_introspection_c/go2_interfaces/srv/detail/pose__type_support.c.o\x1b[0m\n'}
[4.576666] (go2_interfaces) StdoutLine: {'line': b'[ 58%] \x1b[32mBuilding C object CMakeFiles/go2_interfaces__rosidl_typesupport_introspection_c.dir/rosidl_typesupport_introspection_c/go2_interfaces/srv/detail/say__type_support.c.o\x1b[0m\n'}
[4.577963] (unitree_go) StdoutLine: {'line': b'[ 55%] \x1b[32mBuilding CXX object CMakeFiles/unitree_go__rosidl_typesupport_fastrtps_c.dir/rosidl_typesupport_fastrtps_c/unitree_go/msg/detail/audio_data__type_support_c.cpp.o\x1b[0m\n'}
[4.579050] (unitree_api) StdoutLine: {'line': b'-- Symlinking: /home/jnu/go2_ws/install/unitree_api/include/unitree_api/unitree_api/msg/detail/request_identity__traits.hpp\n'}
[4.582801] (go2_interfaces) StdoutLine: {'line': b'[ 59%] \x1b[32mBuilding C object CMakeFiles/go2_interfaces__rosidl_typesupport_introspection_c.dir/rosidl_typesupport_introspection_c/go2_interfaces/srv/detail/set_brightness__type_support.c.o\x1b[0m\n'}
[4.594349] (unitree_go) StdoutLine: {'line': b'[ 56%] \x1b[32mBuilding CXX object CMakeFiles/unitree_go__rosidl_typesupport_fastrtps_c.dir/rosidl_typesupport_fastrtps_c/unitree_go/msg/detail/bms_cmd__type_support_c.cpp.o\x1b[0m\n'}
[4.596536] (unitree_api) StdoutLine: {'line': b'-- Symlinking: /home/jnu/go2_ws/install/unitree_api/include/unitree_api/unitree_api/msg/detail/request_identity__type_support.hpp\n'}
[4.614185] (unitree_api) StdoutLine: {'line': b'-- Symlinking: /home/jnu/go2_ws/install/unitree_api/include/unitree_api/unitree_api/msg/detail/request_lease__builder.hpp\n'}
[4.617749] (-) TimerEvent: {}
[4.623343] (go2_interfaces) StdoutLine: {'line': b'[ 60%] \x1b[32mBuilding C object CMakeFiles/go2_interfaces__rosidl_typesupport_introspection_c.dir/rosidl_typesupport_introspection_c/go2_interfaces/srv/detail/set_switch_obstacles_avoidance__type_support.c.o\x1b[0m\n'}
[4.628007] (go2_interfaces) StdoutLine: {'line': b'[ 60%] \x1b[32mBuilding C object CMakeFiles/go2_interfaces__rosidl_typesupport_introspection_c.dir/rosidl_typesupport_introspection_c/go2_interfaces/srv/detail/set_switch__type_support.c.o\x1b[0m\n'}
[4.629524] (unitree_api) StdoutLine: {'line': b'-- Symlinking: /home/jnu/go2_ws/install/unitree_api/include/unitree_api/unitree_api/msg/detail/request_lease__struct.hpp\n'}
[4.634504] (go2_interfaces) StdoutLine: {'line': b'[ 60%] \x1b[32mBuilding C object CMakeFiles/go2_interfaces__rosidl_typesupport_introspection_c.dir/rosidl_typesupport_introspection_c/go2_interfaces/srv/detail/set_volume__type_support.c.o\x1b[0m\n'}
[4.638250] (go2_interfaces) StdoutLine: {'line': b'[ 61%] \x1b[32mBuilding C object CMakeFiles/go2_interfaces__rosidl_typesupport_introspection_c.dir/rosidl_typesupport_introspection_c/go2_interfaces/srv/detail/speed_level__type_support.c.o\x1b[0m\n'}
[4.645454] (go2_interfaces) StdoutLine: {'line': b'[ 61%] \x1b[32mBuilding C object CMakeFiles/go2_interfaces__rosidl_typesupport_introspection_c.dir/rosidl_typesupport_introspection_c/go2_interfaces/srv/detail/switch_gait__type_support.c.o\x1b[0m\n'}
[4.649553] (unitree_go) StdoutLine: {'line': b'[ 56%] Built target unitree_go__rosidl_typesupport_c\n'}
[4.660469] (unitree_go) StdoutLine: {'line': b'[ 56%] \x1b[32mBuilding CXX object CMakeFiles/unitree_go__rosidl_typesupport_fastrtps_c.dir/rosidl_typesupport_fastrtps_c/unitree_go/msg/detail/bms_state__type_support_c.cpp.o\x1b[0m\n'}
[4.660736] (unitree_api) StdoutLine: {'line': b'-- Symlinking: /home/jnu/go2_ws/install/unitree_api/include/unitree_api/unitree_api/msg/detail/request_lease__traits.hpp\n'}
[4.662085] (go2_interfaces) StdoutLine: {'line': b'[ 62%] \x1b[32mBuilding C object CMakeFiles/go2_interfaces__rosidl_typesupport_introspection_c.dir/rosidl_typesupport_introspection_c/go2_interfaces/srv/detail/switch_joystick__type_support.c.o\x1b[0m\n'}
[4.673326] (unitree_go) StdoutLine: {'line': b'[ 57%] \x1b[32mBuilding CXX object CMakeFiles/unitree_go__rosidl_typesupport_fastrtps_c.dir/rosidl_typesupport_fastrtps_c/unitree_go/msg/detail/error__type_support_c.cpp.o\x1b[0m\n'}
[4.676518] (unitree_go) StdoutLine: {'line': b'[ 57%] \x1b[32mBuilding CXX object CMakeFiles/unitree_go__rosidl_typesupport_fastrtps_c.dir/rosidl_typesupport_fastrtps_c/unitree_go/msg/detail/go2_front_video_data__type_support_c.cpp.o\x1b[0m\n'}
[4.678341] (go2_interfaces) StdoutLine: {'line': b'[ 62%] \x1b[32mBuilding CXX object CMakeFiles/go2_interfaces__rosidl_typesupport_fastrtps_cpp.dir/rosidl_typesupport_fastrtps_cpp/go2_interfaces/srv/detail/dds_fastrtps/body_height__type_support.cpp.o\x1b[0m\n'}
[4.682509] (go2_interfaces) StdoutLine: {'line': b'[ 63%] \x1b[32mBuilding CXX object CMakeFiles/go2_interfaces__rosidl_typesupport_fastrtps_cpp.dir/rosidl_typesupport_fastrtps_cpp/go2_interfaces/srv/detail/dds_fastrtps/continuous_gait__type_support.cpp.o\x1b[0m\n'}
[4.686821] (unitree_api) StdoutLine: {'line': b'-- Symlinking: /home/jnu/go2_ws/install/unitree_api/include/unitree_api/unitree_api/msg/detail/request_lease__type_support.hpp\n'}
[4.687138] (go2_interfaces) StdoutLine: {'line': b'[ 63%] \x1b[32mBuilding CXX object CMakeFiles/go2_interfaces__rosidl_typesupport_fastrtps_cpp.dir/rosidl_typesupport_fastrtps_cpp/go2_interfaces/srv/detail/dds_fastrtps/euler__type_support.cpp.o\x1b[0m\n'}
[4.690586] (go2_interfaces) StdoutLine: {'line': b'[ 64%] \x1b[32mBuilding CXX object CMakeFiles/go2_interfaces__rosidl_typesupport_fastrtps_cpp.dir/rosidl_typesupport_fastrtps_cpp/go2_interfaces/srv/detail/dds_fastrtps/foot_raise_height__type_support.cpp.o\x1b[0m\n'}
[4.691494] (go2_interfaces) StdoutLine: {'line': b'[ 64%] \x1b[32mBuilding CXX object CMakeFiles/go2_interfaces__rosidl_typesupport_fastrtps_cpp.dir/rosidl_typesupport_fastrtps_cpp/go2_interfaces/srv/detail/dds_fastrtps/get_body_height__type_support.cpp.o\x1b[0m\n'}
[4.694625] (go2_interfaces) StdoutLine: {'line': b'[ 64%] \x1b[32mBuilding CXX object CMakeFiles/go2_interfaces__rosidl_typesupport_fastrtps_c.dir/rosidl_typesupport_fastrtps_c/go2_interfaces/srv/detail/body_height__type_support_c.cpp.o\x1b[0m\n'}
[4.698455] (go2_interfaces) StdoutLine: {'line': b'[ 65%] \x1b[32mBuilding CXX object CMakeFiles/go2_interfaces__rosidl_typesupport_fastrtps_cpp.dir/rosidl_typesupport_fastrtps_cpp/go2_interfaces/srv/detail/dds_fastrtps/get_brightness__type_support.cpp.o\x1b[0m\n'}
[4.698776] (go2_interfaces) StdoutLine: {'line': b'[ 65%] \x1b[32mBuilding CXX object CMakeFiles/go2_interfaces__rosidl_typesupport_fastrtps_cpp.dir/rosidl_typesupport_fastrtps_cpp/go2_interfaces/srv/detail/dds_fastrtps/get_foot_raise_height__type_support.cpp.o\x1b[0m\n'}
[4.701014] (unitree_go) StdoutLine: {'line': b'[ 58%] \x1b[32mBuilding CXX object CMakeFiles/unitree_go__rosidl_typesupport_fastrtps_cpp.dir/rosidl_typesupport_fastrtps_cpp/unitree_go/msg/detail/dds_fastrtps/motor_state__type_support.cpp.o\x1b[0m\n'}
[4.706645] (unitree_go) StdoutLine: {'line': b'[ 58%] \x1b[32mBuilding CXX object CMakeFiles/unitree_go__rosidl_typesupport_fastrtps_cpp.dir/rosidl_typesupport_fastrtps_cpp/unitree_go/msg/detail/dds_fastrtps/motor_states__type_support.cpp.o\x1b[0m\n'}
[4.709418] (unitree_api) StdoutLine: {'line': b'-- Symlinking: /home/jnu/go2_ws/install/unitree_api/include/unitree_api/unitree_api/msg/detail/request_policy__builder.hpp\n'}
[4.709707] (go2_interfaces) StdoutLine: {'line': b'[ 65%] \x1b[32mBuilding CXX object CMakeFiles/go2_interfaces__rosidl_typesupport_fastrtps_c.dir/rosidl_typesupport_fastrtps_c/go2_interfaces/srv/detail/euler__type_support_c.cpp.o\x1b[0m\n'}
[4.709838] (go2_interfaces) StdoutLine: {'line': b'[ 67%] \x1b[32mBuilding CXX object CMakeFiles/go2_interfaces__rosidl_typesupport_fastrtps_c.dir/rosidl_typesupport_fastrtps_c/go2_interfaces/srv/detail/foot_raise_height__type_support_c.cpp.o\x1b[0m\n'}
[4.709907] (go2_interfaces) StdoutLine: {'line': b'[ 66%] \x1b[32mBuilding CXX object CMakeFiles/go2_interfaces__rosidl_typesupport_fastrtps_c.dir/rosidl_typesupport_fastrtps_c/go2_interfaces/srv/detail/continuous_gait__type_support_c.cpp.o\x1b[0m\n'}
[4.717873] (-) TimerEvent: {}
[4.725479] (go2_interfaces) StdoutLine: {'line': b'[ 67%] \x1b[32mBuilding CXX object CMakeFiles/go2_interfaces__rosidl_typesupport_fastrtps_c.dir/rosidl_typesupport_fastrtps_c/go2_interfaces/srv/detail/get_body_height__type_support_c.cpp.o\x1b[0m\n'}
[4.729120] (go2_interfaces) StdoutLine: {'line': b'[ 68%] \x1b[32mBuilding CXX object CMakeFiles/go2_interfaces__rosidl_typesupport_fastrtps_c.dir/rosidl_typesupport_fastrtps_c/go2_interfaces/srv/detail/get_brightness__type_support_c.cpp.o\x1b[0m\n'}
[4.729401] (go2_interfaces) StdoutLine: {'line': b'[ 68%] \x1b[32mBuilding CXX object CMakeFiles/go2_interfaces__rosidl_typesupport_fastrtps_c.dir/rosidl_typesupport_fastrtps_c/go2_interfaces/srv/detail/get_foot_raise_height__type_support_c.cpp.o\x1b[0m\n'}
[4.742495] (go2_interfaces) StdoutLine: {'line': b'[ 69%] \x1b[32mBuilding CXX object CMakeFiles/go2_interfaces__rosidl_typesupport_fastrtps_cpp.dir/rosidl_typesupport_fastrtps_cpp/go2_interfaces/srv/detail/dds_fastrtps/get_speed_level__type_support.cpp.o\x1b[0m\n'}
[4.748391] (go2_interfaces) StdoutLine: {'line': b'[ 70%] \x1b[32mBuilding CXX object CMakeFiles/go2_interfaces__rosidl_typesupport_fastrtps_c.dir/rosidl_typesupport_fastrtps_c/go2_interfaces/srv/detail/get_speed_level__type_support_c.cpp.o\x1b[0m\n'}
[4.750866] (unitree_api) StdoutLine: {'line': b'-- Symlinking: /home/jnu/go2_ws/install/unitree_api/include/unitree_api/unitree_api/msg/detail/request_policy__struct.hpp\n'}
[4.767576] (go2_interfaces) StdoutLine: {'line': b'[ 70%] \x1b[32m\x1b[1mLinking C shared library libgo2_interfaces__rosidl_typesupport_introspection_c.so\x1b[0m\n'}
[4.774996] (unitree_api) StdoutLine: {'line': b'-- Symlinking: /home/jnu/go2_ws/install/unitree_api/include/unitree_api/unitree_api/msg/detail/request_policy__traits.hpp\n'}
[4.785918] (go2_interfaces) StdoutLine: {'line': b'[ 70%] \x1b[32mBuilding CXX object CMakeFiles/go2_interfaces__rosidl_typesupport_fastrtps_cpp.dir/rosidl_typesupport_fastrtps_cpp/go2_interfaces/srv/detail/dds_fastrtps/get_state__type_support.cpp.o\x1b[0m\n'}
[4.790604] (unitree_go) StdoutLine: {'line': b'[ 59%] \x1b[32mBuilding CXX object CMakeFiles/unitree_go__rosidl_typesupport_fastrtps_cpp.dir/rosidl_typesupport_fastrtps_cpp/unitree_go/msg/detail/dds_fastrtps/path_point__type_support.cpp.o\x1b[0m\n'}
[4.802682] (unitree_api) StdoutLine: {'line': b'-- Symlinking: /home/jnu/go2_ws/install/unitree_api/include/unitree_api/unitree_api/msg/detail/request_policy__type_support.hpp\n'}
[4.807094] (go2_interfaces) StdoutLine: {'line': b'[ 71%] \x1b[32mBuilding CXX object CMakeFiles/go2_interfaces__rosidl_typesupport_fastrtps_cpp.dir/rosidl_typesupport_fastrtps_cpp/go2_interfaces/srv/detail/dds_fastrtps/get_switch__type_support.cpp.o\x1b[0m\n'}
[4.817450] (go2_interfaces) StdoutLine: {'line': b'[ 71%] \x1b[32mBuilding CXX object CMakeFiles/go2_interfaces__rosidl_typesupport_fastrtps_c.dir/rosidl_typesupport_fastrtps_c/go2_interfaces/srv/detail/get_state__type_support_c.cpp.o\x1b[0m\n'}
[4.817723] (unitree_api) StdoutLine: {'line': b'-- Symlinking: /home/jnu/go2_ws/install/unitree_api/include/unitree_api/unitree_api/msg/detail/response__builder.hpp\n'}
[4.817921] (-) TimerEvent: {}
[4.823488] (go2_interfaces) StdoutLine: {'line': b'[ 72%] \x1b[32mBuilding CXX object CMakeFiles/go2_interfaces__rosidl_typesupport_fastrtps_c.dir/rosidl_typesupport_fastrtps_c/go2_interfaces/srv/detail/get_switch__type_support_c.cpp.o\x1b[0m\n'}
[4.835343] (unitree_api) StdoutLine: {'line': b'-- Symlinking: /home/jnu/go2_ws/install/unitree_api/include/unitree_api/unitree_api/msg/detail/response__struct.hpp\n'}
[4.846336] (unitree_go) StdoutLine: {'line': b'[ 59%] \x1b[32mBuilding CXX object CMakeFiles/unitree_go__rosidl_typesupport_fastrtps_cpp.dir/rosidl_typesupport_fastrtps_cpp/unitree_go/msg/detail/dds_fastrtps/req__type_support.cpp.o\x1b[0m\n'}
[4.847465] (go2_interfaces) StdoutLine: {'line': b'[ 72%] \x1b[32mBuilding CXX object CMakeFiles/go2_interfaces__rosidl_typesupport_fastrtps_c.dir/rosidl_typesupport_fastrtps_c/go2_interfaces/srv/detail/get_switch_obstacles_avoidance__type_support_c.cpp.o\x1b[0m\n'}
[4.854751] (unitree_api) StdoutLine: {'line': b'-- Symlinking: /home/jnu/go2_ws/install/unitree_api/include/unitree_api/unitree_api/msg/detail/response__traits.hpp\n'}
[4.857149] (go2_interfaces) StdoutLine: {'line': b'[ 72%] \x1b[32mBuilding CXX object CMakeFiles/go2_interfaces__rosidl_typesupport_fastrtps_cpp.dir/rosidl_typesupport_fastrtps_cpp/go2_interfaces/srv/detail/dds_fastrtps/get_switch_obstacles_avoidance__type_support.cpp.o\x1b[0m\n'}
[4.859731] (go2_interfaces) StdoutLine: {'line': b'[ 72%] Built target go2_interfaces__rosidl_typesupport_introspection_c\n'}
[4.875174] (unitree_api) StdoutLine: {'line': b'-- Symlinking: /home/jnu/go2_ws/install/unitree_api/include/unitree_api/unitree_api/msg/detail/response__type_support.hpp\n'}
[4.883025] (unitree_go) StdoutLine: {'line': b'[ 60%] \x1b[32m\x1b[1mLinking CXX shared library libunitree_go__rosidl_typesupport_introspection_cpp.so\x1b[0m\n'}
[4.893012] (go2_interfaces) StdoutLine: {'line': b'[ 74%] \x1b[32mBuilding CXX object CMakeFiles/go2_interfaces__rosidl_typesupport_fastrtps_cpp.dir/rosidl_typesupport_fastrtps_cpp/go2_interfaces/srv/detail/dds_fastrtps/get_volume__type_support.cpp.o\x1b[0m\n'}
[4.893259] (go2_interfaces) StdoutLine: {'line': b'[ 74%] \x1b[32m\x1b[1mLinking CXX shared library libgo2_interfaces__rosidl_typesupport_introspection_cpp.so\x1b[0m\n'}
[4.913698] (unitree_api) StdoutLine: {'line': b'-- Symlinking: /home/jnu/go2_ws/install/unitree_api/include/unitree_api/unitree_api/msg/detail/response_header__builder.hpp\n'}
[4.918104] (-) TimerEvent: {}
[4.952512] (unitree_api) StdoutLine: {'line': b'-- Symlinking: /home/jnu/go2_ws/install/unitree_api/include/unitree_api/unitree_api/msg/detail/response_header__struct.hpp\n'}
[4.987226] (unitree_api) StdoutLine: {'line': b'-- Symlinking: /home/jnu/go2_ws/install/unitree_api/include/unitree_api/unitree_api/msg/detail/response_header__traits.hpp\n'}
[5.014537] (unitree_api) StdoutLine: {'line': b'-- Symlinking: /home/jnu/go2_ws/install/unitree_api/include/unitree_api/unitree_api/msg/detail/response_header__type_support.hpp\n'}
[5.018237] (-) TimerEvent: {}
[5.048586] (unitree_api) StdoutLine: {'line': b'-- Symlinking: /home/jnu/go2_ws/install/unitree_api/include/unitree_api/unitree_api/msg/detail/response_status__builder.hpp\n'}
[5.069246] (unitree_go) StdoutLine: {'line': b'[ 61%] \x1b[32mBuilding CXX object CMakeFiles/unitree_go__rosidl_typesupport_fastrtps_cpp.dir/rosidl_typesupport_fastrtps_cpp/unitree_go/msg/detail/dds_fastrtps/res__type_support.cpp.o\x1b[0m\n'}
[5.071512] (unitree_api) StdoutLine: {'line': b'-- Symlinking: /home/jnu/go2_ws/install/unitree_api/include/unitree_api/unitree_api/msg/detail/response_status__struct.hpp\n'}
[5.092538] (unitree_api) StdoutLine: {'line': b'-- Symlinking: /home/jnu/go2_ws/install/unitree_api/include/unitree_api/unitree_api/msg/detail/response_status__traits.hpp\n'}
[5.103858] (unitree_go) StdoutLine: {'line': b'[ 62%] \x1b[32mBuilding CXX object CMakeFiles/unitree_go__rosidl_typesupport_fastrtps_c.dir/rosidl_typesupport_fastrtps_c/unitree_go/msg/detail/height_map__type_support_c.cpp.o\x1b[0m\n'}
[5.115252] (unitree_go) StdoutLine: {'line': b'[ 62%] \x1b[32mBuilding CXX object CMakeFiles/unitree_go__rosidl_typesupport_fastrtps_c.dir/rosidl_typesupport_fastrtps_c/unitree_go/msg/detail/imu_state__type_support_c.cpp.o\x1b[0m\n'}
[5.119361] (-) TimerEvent: {}
[5.128479] (unitree_api) StdoutLine: {'line': b'-- Symlinking: /home/jnu/go2_ws/install/unitree_api/include/unitree_api/unitree_api/msg/detail/response_status__type_support.hpp\n'}
[5.151026] (unitree_api) StdoutLine: {'line': b'-- Symlinking: /home/jnu/go2_ws/install/unitree_api/include/unitree_api/unitree_api/msg/request.hpp\n'}
[5.163843] (go2_interfaces) StdoutLine: {'line': b'[ 75%] \x1b[32mBuilding CXX object CMakeFiles/go2_interfaces__rosidl_typesupport_fastrtps_c.dir/rosidl_typesupport_fastrtps_c/go2_interfaces/srv/detail/get_volume__type_support_c.cpp.o\x1b[0m\n'}
[5.172551] (unitree_api) StdoutLine: {'line': b'-- Symlinking: /home/jnu/go2_ws/install/unitree_api/include/unitree_api/unitree_api/msg/request_header.hpp\n'}
[5.179500] (unitree_go) StdoutLine: {'line': b'[ 62%] Built target unitree_go__rosidl_typesupport_introspection_cpp\n'}
[5.179798] (unitree_go) StdoutLine: {'line': b'[ 62%] \x1b[32mBuilding CXX object CMakeFiles/unitree_go__rosidl_typesupport_fastrtps_cpp.dir/rosidl_typesupport_fastrtps_cpp/unitree_go/msg/detail/dds_fastrtps/sport_mode_cmd__type_support.cpp.o\x1b[0m\n'}
[5.193433] (unitree_go) StdoutLine: {'line': b'[ 62%] \x1b[32mBuilding CXX object CMakeFiles/unitree_go__rosidl_typesupport_fastrtps_cpp.dir/rosidl_typesupport_fastrtps_cpp/unitree_go/msg/detail/dds_fastrtps/sport_mode_state__type_support.cpp.o\x1b[0m\n'}
[5.194072] (unitree_api) StdoutLine: {'line': b'-- Symlinking: /home/jnu/go2_ws/install/unitree_api/include/unitree_api/unitree_api/msg/request_identity.hpp\n'}
[5.201808] (unitree_go) StdoutLine: {'line': b'[ 63%] \x1b[32mBuilding CXX object CMakeFiles/unitree_go__rosidl_typesupport_fastrtps_cpp.dir/rosidl_typesupport_fastrtps_cpp/unitree_go/msg/detail/dds_fastrtps/time_spec__type_support.cpp.o\x1b[0m\n'}
[5.214632] (unitree_api) StdoutLine: {'line': b'-- Symlinking: /home/jnu/go2_ws/install/unitree_api/include/unitree_api/unitree_api/msg/request_lease.hpp\n'}
[5.216879] (go2_interfaces) StdoutLine: {'line': b'[ 75%] Built target go2_interfaces__rosidl_typesupport_introspection_cpp\n'}
[5.219463] (-) TimerEvent: {}
[5.235835] (unitree_api) StdoutLine: {'line': b'-- Symlinking: /home/jnu/go2_ws/install/unitree_api/include/unitree_api/unitree_api/msg/request_policy.hpp\n'}
[5.257061] (unitree_api) StdoutLine: {'line': b'-- Symlinking: /home/jnu/go2_ws/install/unitree_api/include/unitree_api/unitree_api/msg/response.hpp\n'}
[5.261418] (go2_interfaces) StdoutLine: {'line': b'[ 75%] \x1b[32mBuilding CXX object CMakeFiles/go2_interfaces__rosidl_typesupport_fastrtps_c.dir/rosidl_typesupport_fastrtps_c/go2_interfaces/srv/detail/mode__type_support_c.cpp.o\x1b[0m\n'}
[5.273892] (unitree_api) StdoutLine: {'line': b'-- Symlinking: /home/jnu/go2_ws/install/unitree_api/include/unitree_api/unitree_api/msg/response_header.hpp\n'}
[5.288033] (go2_interfaces) StdoutLine: {'line': b'[ 76%] \x1b[32mBuilding CXX object CMakeFiles/go2_interfaces__rosidl_typesupport_fastrtps_c.dir/rosidl_typesupport_fastrtps_c/go2_interfaces/srv/detail/pose__type_support_c.cpp.o\x1b[0m\n'}
[5.288347] (unitree_go) StdoutLine: {'line': b'[ 63%] \x1b[32mBuilding CXX object CMakeFiles/unitree_go__rosidl_typesupport_fastrtps_c.dir/rosidl_typesupport_fastrtps_c/unitree_go/msg/detail/interface_config__type_support_c.cpp.o\x1b[0m\n'}
[5.295671] (unitree_go) StdoutLine: {'line': b'[ 64%] \x1b[32mBuilding CXX object CMakeFiles/unitree_go__rosidl_typesupport_fastrtps_c.dir/rosidl_typesupport_fastrtps_c/unitree_go/msg/detail/lidar_state__type_support_c.cpp.o\x1b[0m\n'}
[5.295912] (unitree_go) StdoutLine: {'line': b'[ 65%] \x1b[32mBuilding CXX object CMakeFiles/unitree_go__rosidl_typesupport_fastrtps_cpp.dir/rosidl_typesupport_fastrtps_cpp/unitree_go/msg/detail/dds_fastrtps/uwb_switch__type_support.cpp.o\x1b[0m\n'}
[5.306572] (unitree_api) StdoutLine: {'line': b'-- Symlinking: /home/jnu/go2_ws/install/unitree_api/include/unitree_api/unitree_api/msg/response_status.hpp\n'}
[5.308567] (unitree_go) StdoutLine: {'line': b'[ 65%] \x1b[32mBuilding CXX object CMakeFiles/unitree_go__rosidl_typesupport_fastrtps_cpp.dir/rosidl_typesupport_fastrtps_cpp/unitree_go/msg/detail/dds_fastrtps/uwb_state__type_support.cpp.o\x1b[0m\n'}
[5.319606] (-) TimerEvent: {}
[5.329569] (unitree_api) StdoutLine: {'line': b'-- Symlinking: /home/jnu/go2_ws/install/unitree_api/include/unitree_api/unitree_api/msg/rosidl_generator_cpp__visibility_control.hpp\n'}
[5.336445] (go2_interfaces) StdoutLine: {'line': b'[ 76%] \x1b[32mBuilding CXX object CMakeFiles/go2_interfaces__rosidl_typesupport_fastrtps_c.dir/rosidl_typesupport_fastrtps_c/go2_interfaces/srv/detail/say__type_support_c.cpp.o\x1b[0m\n'}
[5.368223] (unitree_api) StdoutLine: {'line': b'-- Symlinking: /home/jnu/go2_ws/install/unitree_api/include/unitree_api/unitree_api/msg/detail/request__rosidl_typesupport_fastrtps_cpp.hpp\n'}
[5.369780] (unitree_go) StdoutLine: {'line': b'[ 65%] \x1b[32mBuilding CXX object CMakeFiles/unitree_go__rosidl_typesupport_fastrtps_cpp.dir/rosidl_typesupport_fastrtps_cpp/unitree_go/msg/detail/dds_fastrtps/voxel_map_compressed__type_support.cpp.o\x1b[0m\n'}
[5.373994] (unitree_go) StdoutLine: {'line': b'[ 65%] \x1b[32mBuilding CXX object CMakeFiles/unitree_go__rosidl_typesupport_fastrtps_c.dir/rosidl_typesupport_fastrtps_c/unitree_go/msg/detail/low_cmd__type_support_c.cpp.o\x1b[0m\n'}
[5.377350] (go2_interfaces) StdoutLine: {'line': b'[ 76%] \x1b[32mBuilding CXX object CMakeFiles/go2_interfaces__rosidl_typesupport_fastrtps_cpp.dir/rosidl_typesupport_fastrtps_cpp/go2_interfaces/srv/detail/dds_fastrtps/mode__type_support.cpp.o\x1b[0m\n'}
[5.393038] (go2_interfaces) StdoutLine: {'line': b'[ 77%] \x1b[32mBuilding CXX object CMakeFiles/go2_interfaces__rosidl_typesupport_fastrtps_c.dir/rosidl_typesupport_fastrtps_c/go2_interfaces/srv/detail/set_brightness__type_support_c.cpp.o\x1b[0m\n'}
[5.395482] (unitree_api) StdoutLine: {'line': b'-- Symlinking: /home/jnu/go2_ws/install/unitree_api/include/unitree_api/unitree_api/msg/detail/request_header__rosidl_typesupport_fastrtps_cpp.hpp\n'}
[5.419754] (-) TimerEvent: {}
[5.420101] (unitree_go) StdoutLine: {'line': b'[ 66%] \x1b[32mBuilding CXX object CMakeFiles/unitree_go__rosidl_typesupport_fastrtps_c.dir/rosidl_typesupport_fastrtps_c/unitree_go/msg/detail/low_state__type_support_c.cpp.o\x1b[0m\n'}
[5.429396] (unitree_go) StdoutLine: {'line': b'[ 67%] \x1b[32mBuilding CXX object CMakeFiles/unitree_go__rosidl_typesupport_fastrtps_cpp.dir/rosidl_typesupport_fastrtps_cpp/unitree_go/msg/detail/dds_fastrtps/voxel_height_map_state__type_support.cpp.o\x1b[0m\n'}
[5.430644] (unitree_go) StdoutLine: {'line': b'[ 67%] \x1b[32mBuilding CXX object CMakeFiles/unitree_go__rosidl_typesupport_fastrtps_c.dir/rosidl_typesupport_fastrtps_c/unitree_go/msg/detail/motor_cmd__type_support_c.cpp.o\x1b[0m\n'}
[5.434393] (unitree_api) StdoutLine: {'line': b'-- Symlinking: /home/jnu/go2_ws/install/unitree_api/include/unitree_api/unitree_api/msg/detail/request_identity__rosidl_typesupport_fastrtps_cpp.hpp\n'}
[5.442049] (go2_interfaces) StdoutLine: {'line': b'[ 77%] \x1b[32mBuilding CXX object CMakeFiles/go2_interfaces__rosidl_typesupport_fastrtps_c.dir/rosidl_typesupport_fastrtps_c/go2_interfaces/srv/detail/set_switch__type_support_c.cpp.o\x1b[0m\n'}
[5.454494] (unitree_api) StdoutLine: {'line': b'-- Symlinking: /home/jnu/go2_ws/install/unitree_api/include/unitree_api/unitree_api/msg/detail/request_lease__rosidl_typesupport_fastrtps_cpp.hpp\n'}
[5.469518] (go2_interfaces) StdoutLine: {'line': b'[ 78%] \x1b[32mBuilding CXX object CMakeFiles/go2_interfaces__rosidl_typesupport_fastrtps_cpp.dir/rosidl_typesupport_fastrtps_cpp/go2_interfaces/srv/detail/dds_fastrtps/pose__type_support.cpp.o\x1b[0m\n'}
[5.473498] (unitree_api) StdoutLine: {'line': b'-- Symlinking: /home/jnu/go2_ws/install/unitree_api/include/unitree_api/unitree_api/msg/detail/request_policy__rosidl_typesupport_fastrtps_cpp.hpp\n'}
[5.488523] (unitree_go) StdoutLine: {'line': b'[ 68%] \x1b[32mBuilding CXX object CMakeFiles/unitree_go__rosidl_typesupport_fastrtps_c.dir/rosidl_typesupport_fastrtps_c/unitree_go/msg/detail/motor_cmds__type_support_c.cpp.o\x1b[0m\n'}
[5.501515] (unitree_go) StdoutLine: {'line': b'[ 68%] \x1b[32mBuilding CXX object CMakeFiles/unitree_go__rosidl_typesupport_fastrtps_cpp.dir/rosidl_typesupport_fastrtps_cpp/unitree_go/msg/detail/dds_fastrtps/wireless_controller__type_support.cpp.o\x1b[0m\n'}
[5.507102] (unitree_api) StdoutLine: {'line': b'-- Symlinking: /home/jnu/go2_ws/install/unitree_api/include/unitree_api/unitree_api/msg/detail/response__rosidl_typesupport_fastrtps_cpp.hpp\n'}
[5.514252] (unitree_go) StdoutLine: {'line': b'[ 68%] \x1b[32mBuilding CXX object CMakeFiles/unitree_go__rosidl_typesupport_fastrtps_c.dir/rosidl_typesupport_fastrtps_c/unitree_go/msg/detail/motor_state__type_support_c.cpp.o\x1b[0m\n'}
[5.523504] (-) TimerEvent: {}
[5.528788] (unitree_api) StdoutLine: {'line': b'-- Symlinking: /home/jnu/go2_ws/install/unitree_api/include/unitree_api/unitree_api/msg/detail/response_header__rosidl_typesupport_fastrtps_cpp.hpp\n'}
[5.540595] (unitree_go) StdoutLine: {'line': b'[ 69%] \x1b[32mBuilding CXX object CMakeFiles/unitree_go__rosidl_typesupport_fastrtps_c.dir/rosidl_typesupport_fastrtps_c/unitree_go/msg/detail/path_point__type_support_c.cpp.o\x1b[0m\n'}
[5.544582] (unitree_go) StdoutLine: {'line': b'[ 69%] \x1b[32mBuilding CXX object CMakeFiles/unitree_go__rosidl_typesupport_fastrtps_c.dir/rosidl_typesupport_fastrtps_c/unitree_go/msg/detail/motor_states__type_support_c.cpp.o\x1b[0m\n'}
[5.549995] (go2_interfaces) StdoutLine: {'line': b'[ 79%] \x1b[32mBuilding CXX object CMakeFiles/go2_interfaces__rosidl_typesupport_fastrtps_c.dir/rosidl_typesupport_fastrtps_c/go2_interfaces/srv/detail/set_switch_obstacles_avoidance__type_support_c.cpp.o\x1b[0m\n'}
[5.553396] (unitree_api) StdoutLine: {'line': b'-- Symlinking: /home/jnu/go2_ws/install/unitree_api/include/unitree_api/unitree_api/msg/detail/response_status__rosidl_typesupport_fastrtps_cpp.hpp\n'}
[5.566173] (unitree_go) StdoutLine: {'line': b'[ 69%] \x1b[32mBuilding CXX object CMakeFiles/unitree_go__rosidl_typesupport_fastrtps_c.dir/rosidl_typesupport_fastrtps_c/unitree_go/msg/detail/req__type_support_c.cpp.o\x1b[0m\n'}
[5.575438] (unitree_api) StdoutLine: {'line': b'-- Symlinking: /home/jnu/go2_ws/install/unitree_api/include/unitree_api/unitree_api/msg/rosidl_typesupport_fastrtps_cpp__visibility_control.h\n'}
[5.580132] (go2_interfaces) StdoutLine: {'line': b'[ 79%] \x1b[32mBuilding CXX object CMakeFiles/go2_interfaces__rosidl_typesupport_fastrtps_cpp.dir/rosidl_typesupport_fastrtps_cpp/go2_interfaces/srv/detail/dds_fastrtps/say__type_support.cpp.o\x1b[0m\n'}
[5.588542] (go2_interfaces) StdoutLine: {'line': b'[ 79%] \x1b[32mBuilding CXX object CMakeFiles/go2_interfaces__rosidl_typesupport_fastrtps_c.dir/rosidl_typesupport_fastrtps_c/go2_interfaces/srv/detail/set_volume__type_support_c.cpp.o\x1b[0m\n'}
[5.593033] (go2_interfaces) StdoutLine: {'line': b'[ 80%] \x1b[32mBuilding CXX object CMakeFiles/go2_interfaces__rosidl_typesupport_fastrtps_cpp.dir/rosidl_typesupport_fastrtps_cpp/go2_interfaces/srv/detail/dds_fastrtps/set_brightness__type_support.cpp.o\x1b[0m\n'}
[5.598377] (unitree_api) StdoutLine: {'line': b'-- Symlinking: /home/jnu/go2_ws/install/unitree_api/include/unitree_api/unitree_api/msg/detail/request__rosidl_typesupport_introspection_c.h\n'}
[5.601299] (go2_interfaces) StdoutLine: {'line': b'[ 80%] \x1b[32mBuilding CXX object CMakeFiles/go2_interfaces__rosidl_typesupport_fastrtps_cpp.dir/rosidl_typesupport_fastrtps_cpp/go2_interfaces/srv/detail/dds_fastrtps/set_switch__type_support.cpp.o\x1b[0m\n'}
[5.604760] (go2_interfaces) StdoutLine: {'line': b'[ 81%] \x1b[32mBuilding CXX object CMakeFiles/go2_interfaces__rosidl_typesupport_fastrtps_c.dir/rosidl_typesupport_fastrtps_c/go2_interfaces/srv/detail/speed_level__type_support_c.cpp.o\x1b[0m\n'}
[5.618969] (unitree_api) StdoutLine: {'line': b'-- Symlinking: /home/jnu/go2_ws/install/unitree_api/include/unitree_api/unitree_api/msg/detail/request_header__rosidl_typesupport_introspection_c.h\n'}
[5.623749] (-) TimerEvent: {}
[5.648338] (unitree_api) StdoutLine: {'line': b'-- Symlinking: /home/jnu/go2_ws/install/unitree_api/include/unitree_api/unitree_api/msg/detail/request_identity__rosidl_typesupport_introspection_c.h\n'}
[5.668066] (go2_interfaces) StdoutLine: {'line': b'[ 82%] \x1b[32mBuilding CXX object CMakeFiles/go2_interfaces__rosidl_typesupport_fastrtps_cpp.dir/rosidl_typesupport_fastrtps_cpp/go2_interfaces/srv/detail/dds_fastrtps/set_switch_obstacles_avoidance__type_support.cpp.o\x1b[0m\n'}
[5.681610] (go2_interfaces) StdoutLine: {'line': b'[ 82%] \x1b[32mBuilding CXX object CMakeFiles/go2_interfaces__rosidl_typesupport_fastrtps_c.dir/rosidl_typesupport_fastrtps_c/go2_interfaces/srv/detail/switch_gait__type_support_c.cpp.o\x1b[0m\n'}
[5.682292] (unitree_api) StdoutLine: {'line': b'-- Symlinking: /home/jnu/go2_ws/install/unitree_api/include/unitree_api/unitree_api/msg/detail/request_lease__rosidl_typesupport_introspection_c.h\n'}
[5.701502] (unitree_go) StdoutLine: {'line': b'[ 70%] \x1b[32mBuilding CXX object CMakeFiles/unitree_go__rosidl_typesupport_fastrtps_c.dir/rosidl_typesupport_fastrtps_c/unitree_go/msg/detail/res__type_support_c.cpp.o\x1b[0m\n'}
[5.702832] (unitree_api) StdoutLine: {'line': b'-- Symlinking: /home/jnu/go2_ws/install/unitree_api/include/unitree_api/unitree_api/msg/detail/request_policy__rosidl_typesupport_introspection_c.h\n'}
[5.722954] (go2_interfaces) StdoutLine: {'line': b'[ 82%] \x1b[32mBuilding CXX object CMakeFiles/go2_interfaces__rosidl_typesupport_fastrtps_cpp.dir/rosidl_typesupport_fastrtps_cpp/go2_interfaces/srv/detail/dds_fastrtps/set_volume__type_support.cpp.o\x1b[0m\n'}
[5.723212] (go2_interfaces) StdoutLine: {'line': b'[ 83%] \x1b[32mBuilding CXX object CMakeFiles/go2_interfaces__rosidl_typesupport_fastrtps_c.dir/rosidl_typesupport_fastrtps_c/go2_interfaces/srv/detail/switch_joystick__type_support_c.cpp.o\x1b[0m\n'}
[5.723807] (-) TimerEvent: {}
[5.724117] (unitree_go) StdoutLine: {'line': b'[ 71%] \x1b[32mBuilding CXX object CMakeFiles/unitree_go__rosidl_typesupport_fastrtps_c.dir/rosidl_typesupport_fastrtps_c/unitree_go/msg/detail/sport_mode_state__type_support_c.cpp.o\x1b[0m\n'}
[5.725163] (unitree_api) StdoutLine: {'line': b'-- Symlinking: /home/jnu/go2_ws/install/unitree_api/include/unitree_api/unitree_api/msg/detail/response__rosidl_typesupport_introspection_c.h\n'}
[5.726391] (go2_interfaces) StdoutLine: {'line': b'[ 84%] \x1b[32mBuilding CXX object CMakeFiles/go2_interfaces__rosidl_typesupport_fastrtps_cpp.dir/rosidl_typesupport_fastrtps_cpp/go2_interfaces/srv/detail/dds_fastrtps/speed_level__type_support.cpp.o\x1b[0m\n'}
[5.726554] (unitree_go) StdoutLine: {'line': b'[ 71%] \x1b[32mBuilding CXX object CMakeFiles/unitree_go__rosidl_typesupport_fastrtps_c.dir/rosidl_typesupport_fastrtps_c/unitree_go/msg/detail/sport_mode_cmd__type_support_c.cpp.o\x1b[0m\n'}
[5.766895] (unitree_api) StdoutLine: {'line': b'-- Symlinking: /home/jnu/go2_ws/install/unitree_api/include/unitree_api/unitree_api/msg/detail/response_header__rosidl_typesupport_introspection_c.h\n'}
[5.769408] (go2_interfaces) StdoutLine: {'line': b'[ 84%] \x1b[32mBuilding CXX object CMakeFiles/go2_interfaces__rosidl_typesupport_fastrtps_cpp.dir/rosidl_typesupport_fastrtps_cpp/go2_interfaces/srv/detail/dds_fastrtps/switch_gait__type_support.cpp.o\x1b[0m\n'}
[5.770439] (unitree_go) StdoutLine: {'line': b'[ 71%] \x1b[32mBuilding CXX object CMakeFiles/unitree_go__rosidl_typesupport_fastrtps_c.dir/rosidl_typesupport_fastrtps_c/unitree_go/msg/detail/time_spec__type_support_c.cpp.o\x1b[0m\n'}
[5.772842] (go2_interfaces) StdoutLine: {'line': b'[ 85%] \x1b[32mBuilding CXX object CMakeFiles/go2_interfaces__rosidl_typesupport_fastrtps_cpp.dir/rosidl_typesupport_fastrtps_cpp/go2_interfaces/srv/detail/dds_fastrtps/switch_joystick__type_support.cpp.o\x1b[0m\n'}
[5.778531] (unitree_go) StdoutLine: {'line': b'[ 71%] \x1b[32mBuilding CXX object CMakeFiles/unitree_go__rosidl_typesupport_fastrtps_c.dir/rosidl_typesupport_fastrtps_c/unitree_go/msg/detail/uwb_state__type_support_c.cpp.o\x1b[0m\n'}
[5.803199] (unitree_api) StdoutLine: {'line': b'-- Symlinking: /home/jnu/go2_ws/install/unitree_api/include/unitree_api/unitree_api/msg/detail/response_status__rosidl_typesupport_introspection_c.h\n'}
[5.823703] (unitree_api) StdoutLine: {'line': b'-- Symlinking: /home/jnu/go2_ws/install/unitree_api/include/unitree_api/unitree_api/msg/rosidl_typesupport_introspection_c__visibility_control.h\n'}
[5.823982] (-) TimerEvent: {}
[5.831560] (unitree_go) StdoutLine: {'line': b'[ 72%] \x1b[32mBuilding CXX object CMakeFiles/unitree_go__rosidl_typesupport_fastrtps_c.dir/rosidl_typesupport_fastrtps_c/unitree_go/msg/detail/uwb_switch__type_support_c.cpp.o\x1b[0m\n'}
[5.845295] (unitree_api) StdoutLine: {'line': b'-- Symlinking: /home/jnu/go2_ws/install/unitree_api/include/unitree_api/unitree_api/msg/detail/request__rosidl_typesupport_introspection_cpp.hpp\n'}
[5.859173] (unitree_api) StdoutLine: {'line': b'-- Symlinking: /home/jnu/go2_ws/install/unitree_api/include/unitree_api/unitree_api/msg/detail/request_header__rosidl_typesupport_introspection_cpp.hpp\n'}
[5.872516] (unitree_api) StdoutLine: {'line': b'-- Symlinking: /home/jnu/go2_ws/install/unitree_api/include/unitree_api/unitree_api/msg/detail/request_identity__rosidl_typesupport_introspection_cpp.hpp\n'}
[5.890605] (unitree_api) StdoutLine: {'line': b'-- Symlinking: /home/jnu/go2_ws/install/unitree_api/include/unitree_api/unitree_api/msg/detail/request_lease__rosidl_typesupport_introspection_cpp.hpp\n'}
[5.901453] (unitree_api) StdoutLine: {'line': b'-- Symlinking: /home/jnu/go2_ws/install/unitree_api/include/unitree_api/unitree_api/msg/detail/request_policy__rosidl_typesupport_introspection_cpp.hpp\n'}
[5.908922] (unitree_api) StdoutLine: {'line': b'-- Symlinking: /home/jnu/go2_ws/install/unitree_api/include/unitree_api/unitree_api/msg/detail/response__rosidl_typesupport_introspection_cpp.hpp\n'}
[5.913179] (unitree_go) StdoutLine: {'line': b'[ 72%] \x1b[32mBuilding CXX object CMakeFiles/unitree_go__rosidl_typesupport_fastrtps_c.dir/rosidl_typesupport_fastrtps_c/unitree_go/msg/detail/voxel_map_compressed__type_support_c.cpp.o\x1b[0m\n'}
[5.926485] (unitree_api) StdoutLine: {'line': b'-- Symlinking: /home/jnu/go2_ws/install/unitree_api/include/unitree_api/unitree_api/msg/detail/response_header__rosidl_typesupport_introspection_cpp.hpp\n'}
[5.926776] (-) TimerEvent: {}
[5.942598] (unitree_api) StdoutLine: {'line': b'-- Symlinking: /home/jnu/go2_ws/install/unitree_api/include/unitree_api/unitree_api/msg/detail/response_status__rosidl_typesupport_introspection_cpp.hpp\n'}
[5.950249] (unitree_go) StdoutLine: {'line': b'[ 73%] \x1b[32mBuilding CXX object CMakeFiles/unitree_go__rosidl_typesupport_fastrtps_c.dir/rosidl_typesupport_fastrtps_c/unitree_go/msg/detail/voxel_height_map_state__type_support_c.cpp.o\x1b[0m\n'}
[5.963217] (unitree_api) StdoutLine: {'line': b'-- Symlinking: /home/jnu/go2_ws/install/unitree_api/share/unitree_api/environment/pythonpath.sh\n'}
[5.973921] (unitree_api) StdoutLine: {'line': b'-- Symlinking: /home/jnu/go2_ws/install/unitree_api/share/unitree_api/environment/pythonpath.dsv\n'}
[5.986673] (unitree_api) StdoutLine: {'line': b'-- Symlinking: /home/jnu/go2_ws/install/unitree_api/local/lib/python3.10/dist-packages/unitree_api-0.0.0-py3.10.egg-info/PKG-INFO\n'}
[5.988863] (unitree_go) StdoutLine: {'line': b'[ 73%] \x1b[32mBuilding CXX object CMakeFiles/unitree_go__rosidl_typesupport_fastrtps_c.dir/rosidl_typesupport_fastrtps_c/unitree_go/msg/detail/wireless_controller__type_support_c.cpp.o\x1b[0m\n'}
[6.002503] (unitree_api) StdoutLine: {'line': b'-- Symlinking: /home/jnu/go2_ws/install/unitree_api/local/lib/python3.10/dist-packages/unitree_api-0.0.0-py3.10.egg-info/SOURCES.txt\n'}
[6.026942] (-) TimerEvent: {}
[6.029876] (unitree_api) StdoutLine: {'line': b'-- Symlinking: /home/jnu/go2_ws/install/unitree_api/local/lib/python3.10/dist-packages/unitree_api-0.0.0-py3.10.egg-info/dependency_links.txt\n'}
[6.055711] (unitree_api) StdoutLine: {'line': b'-- Symlinking: /home/jnu/go2_ws/install/unitree_api/local/lib/python3.10/dist-packages/unitree_api-0.0.0-py3.10.egg-info/top_level.txt\n'}
[6.080546] (unitree_go) StdoutLine: {'line': b'[ 73%] \x1b[32mBuilding C object CMakeFiles/unitree_go__rosidl_typesupport_introspection_c.dir/rosidl_typesupport_introspection_c/unitree_go/msg/detail/audio_data__type_support.c.o\x1b[0m\n'}
[6.080877] (unitree_api) StdoutLine: {'line': b'-- Symlinking: /home/jnu/go2_ws/install/unitree_api/local/lib/python3.10/dist-packages/unitree_api/__init__.py\n'}
[6.084065] (unitree_go) StdoutLine: {'line': b'[ 73%] \x1b[32mBuilding C object CMakeFiles/unitree_go__rosidl_typesupport_introspection_c.dir/rosidl_typesupport_introspection_c/unitree_go/msg/detail/bms_state__type_support.c.o\x1b[0m\n'}
[6.084591] (unitree_go) StdoutLine: {'line': b'[ 74%] \x1b[32mBuilding C object CMakeFiles/unitree_go__rosidl_typesupport_introspection_c.dir/rosidl_typesupport_introspection_c/unitree_go/msg/detail/bms_cmd__type_support.c.o\x1b[0m\n'}
[6.086083] (unitree_go) StdoutLine: {'line': b'[ 75%] \x1b[32mBuilding C object CMakeFiles/unitree_go__rosidl_typesupport_introspection_c.dir/rosidl_typesupport_introspection_c/unitree_go/msg/detail/error__type_support.c.o\x1b[0m\n'}
[6.088453] (unitree_go) StdoutLine: {'line': b'[ 75%] \x1b[32mBuilding C object CMakeFiles/unitree_go__rosidl_typesupport_introspection_c.dir/rosidl_typesupport_introspection_c/unitree_go/msg/detail/go2_front_video_data__type_support.c.o\x1b[0m\n'}
[6.098534] (unitree_api) StdoutLine: {'line': b'-- Symlinking: /home/jnu/go2_ws/install/unitree_api/local/lib/python3.10/dist-packages/unitree_api/_unitree_api_s.ep.rosidl_typesupport_c.c\n'}
[6.105550] (unitree_go) StdoutLine: {'line': b'[ 76%] \x1b[32mBuilding C object CMakeFiles/unitree_go__rosidl_typesupport_introspection_c.dir/rosidl_typesupport_introspection_c/unitree_go/msg/detail/height_map__type_support.c.o\x1b[0m\n'}
[6.112568] (unitree_go) StdoutLine: {'line': b'[ 76%] \x1b[32mBuilding C object CMakeFiles/unitree_go__rosidl_typesupport_introspection_c.dir/rosidl_typesupport_introspection_c/unitree_go/msg/detail/imu_state__type_support.c.o\x1b[0m\n'}
[6.127088] (-) TimerEvent: {}
[6.128461] (unitree_go) StdoutLine: {'line': b'[ 76%] \x1b[32mBuilding C object CMakeFiles/unitree_go__rosidl_typesupport_introspection_c.dir/rosidl_typesupport_introspection_c/unitree_go/msg/detail/interface_config__type_support.c.o\x1b[0m\n'}
[6.148441] (unitree_go) StdoutLine: {'line': b'[ 77%] \x1b[32mBuilding C object CMakeFiles/unitree_go__rosidl_typesupport_introspection_c.dir/rosidl_typesupport_introspection_c/unitree_go/msg/detail/low_cmd__type_support.c.o\x1b[0m\n'}
[6.152568] (unitree_go) StdoutLine: {'line': b'[ 77%] \x1b[32mBuilding C object CMakeFiles/unitree_go__rosidl_typesupport_introspection_c.dir/rosidl_typesupport_introspection_c/unitree_go/msg/detail/lidar_state__type_support.c.o\x1b[0m\n'}
[6.155381] (unitree_api) StdoutLine: {'line': b'-- Symlinking: /home/jnu/go2_ws/install/unitree_api/local/lib/python3.10/dist-packages/unitree_api/_unitree_api_s.ep.rosidl_typesupport_fastrtps_c.c\n'}
[6.159247] (unitree_go) StdoutLine: {'line': b'[ 78%] \x1b[32mBuilding C object CMakeFiles/unitree_go__rosidl_typesupport_introspection_c.dir/rosidl_typesupport_introspection_c/unitree_go/msg/detail/low_state__type_support.c.o\x1b[0m\n'}
[6.167030] (unitree_go) StdoutLine: {'line': b'[ 79%] \x1b[32mBuilding C object CMakeFiles/unitree_go__rosidl_typesupport_introspection_c.dir/rosidl_typesupport_introspection_c/unitree_go/msg/detail/motor_cmd__type_support.c.o\x1b[0m\n'}
[6.167305] (unitree_go) StdoutLine: {'line': b'[ 79%] \x1b[32mBuilding C object CMakeFiles/unitree_go__rosidl_typesupport_introspection_c.dir/rosidl_typesupport_introspection_c/unitree_go/msg/detail/motor_cmds__type_support.c.o\x1b[0m\n'}
[6.168676] (unitree_go) StdoutLine: {'line': b'[ 79%] \x1b[32mBuilding C object CMakeFiles/unitree_go__rosidl_typesupport_introspection_c.dir/rosidl_typesupport_introspection_c/unitree_go/msg/detail/motor_state__type_support.c.o\x1b[0m\n'}
[6.172176] (unitree_api) StdoutLine: {'line': b'-- Symlinking: /home/jnu/go2_ws/install/unitree_api/local/lib/python3.10/dist-packages/unitree_api/_unitree_api_s.ep.rosidl_typesupport_introspection_c.c\n'}
[6.177607] (unitree_go) StdoutLine: {'line': b'[ 79%] \x1b[32mBuilding C object CMakeFiles/unitree_go__rosidl_typesupport_introspection_c.dir/rosidl_typesupport_introspection_c/unitree_go/msg/detail/motor_states__type_support.c.o\x1b[0m\n'}
[6.181125] (unitree_api) StdoutLine: {'line': b'-- Symlinking: /home/jnu/go2_ws/install/unitree_api/local/lib/python3.10/dist-packages/unitree_api/libunitree_api__rosidl_generator_py.so\n'}
[6.186877] (unitree_go) StdoutLine: {'line': b'[ 80%] \x1b[32mBuilding C object CMakeFiles/unitree_go__rosidl_typesupport_introspection_c.dir/rosidl_typesupport_introspection_c/unitree_go/msg/detail/path_point__type_support.c.o\x1b[0m\n'}
[6.193601] (unitree_go) StdoutLine: {'line': b'[ 80%] \x1b[32mBuilding C object CMakeFiles/unitree_go__rosidl_typesupport_introspection_c.dir/rosidl_typesupport_introspection_c/unitree_go/msg/detail/req__type_support.c.o\x1b[0m\n'}
[6.194404] (unitree_api) StdoutLine: {'line': b'-- Symlinking: /home/jnu/go2_ws/install/unitree_api/local/lib/python3.10/dist-packages/unitree_api/msg/__init__.py\n'}
[6.197804] (unitree_go) StdoutLine: {'line': b'[ 81%] \x1b[32mBuilding C object CMakeFiles/unitree_go__rosidl_typesupport_introspection_c.dir/rosidl_typesupport_introspection_c/unitree_go/msg/detail/res__type_support.c.o\x1b[0m\n'}
[6.198054] (unitree_go) StdoutLine: {'line': b'[ 81%] \x1b[32mBuilding C object CMakeFiles/unitree_go__rosidl_typesupport_introspection_c.dir/rosidl_typesupport_introspection_c/unitree_go/msg/detail/sport_mode_cmd__type_support.c.o\x1b[0m\n'}
[6.200821] (unitree_go) StdoutLine: {'line': b'[ 83%] \x1b[32mBuilding C object CMakeFiles/unitree_go__rosidl_typesupport_introspection_c.dir/rosidl_typesupport_introspection_c/unitree_go/msg/detail/sport_mode_state__type_support.c.o\x1b[0m\n'}
[6.201108] (unitree_go) StdoutLine: {'line': b'[ 83%] \x1b[32m\x1b[1mLinking CXX shared library libunitree_go__rosidl_typesupport_fastrtps_cpp.so\x1b[0m\n'}
[6.209978] (unitree_go) StdoutLine: {'line': b'[ 83%] \x1b[32mBuilding C object CMakeFiles/unitree_go__rosidl_typesupport_introspection_c.dir/rosidl_typesupport_introspection_c/unitree_go/msg/detail/uwb_state__type_support.c.o\x1b[0m\n'}
[6.212550] (unitree_go) StdoutLine: {'line': b'[ 83%] \x1b[32mBuilding C object CMakeFiles/unitree_go__rosidl_typesupport_introspection_c.dir/rosidl_typesupport_introspection_c/unitree_go/msg/detail/time_spec__type_support.c.o\x1b[0m\n'}
[6.213175] (unitree_go) StdoutLine: {'line': b'[ 84%] \x1b[32mBuilding C object CMakeFiles/unitree_go__rosidl_typesupport_introspection_c.dir/rosidl_typesupport_introspection_c/unitree_go/msg/detail/uwb_switch__type_support.c.o\x1b[0m\n'}
[6.214001] (unitree_go) StdoutLine: {'line': b'[ 84%] \x1b[32mBuilding C object CMakeFiles/unitree_go__rosidl_typesupport_introspection_c.dir/rosidl_typesupport_introspection_c/unitree_go/msg/detail/voxel_map_compressed__type_support.c.o\x1b[0m\n'}
[6.217475] (unitree_go) StdoutLine: {'line': b'[ 85%] \x1b[32mBuilding C object CMakeFiles/unitree_go__rosidl_typesupport_introspection_c.dir/rosidl_typesupport_introspection_c/unitree_go/msg/detail/voxel_height_map_state__type_support.c.o\x1b[0m\n'}
[6.218915] (unitree_api) StdoutLine: {'line': b'-- Symlinking: /home/jnu/go2_ws/install/unitree_api/local/lib/python3.10/dist-packages/unitree_api/msg/_request.py\n'}
[6.227229] (-) TimerEvent: {}
[6.228124] (unitree_go) StdoutLine: {'line': b'[ 85%] \x1b[32mBuilding C object CMakeFiles/unitree_go__rosidl_typesupport_introspection_c.dir/rosidl_typesupport_introspection_c/unitree_go/msg/detail/wireless_controller__type_support.c.o\x1b[0m\n'}
[6.232436] (unitree_api) StdoutLine: {'line': b'-- Symlinking: /home/jnu/go2_ws/install/unitree_api/local/lib/python3.10/dist-packages/unitree_api/msg/_request_header.py\n'}
[6.244945] (unitree_api) StdoutLine: {'line': b'-- Symlinking: /home/jnu/go2_ws/install/unitree_api/local/lib/python3.10/dist-packages/unitree_api/msg/_request_header_s.c\n'}
[6.252991] (unitree_api) StdoutLine: {'line': b'-- Symlinking: /home/jnu/go2_ws/install/unitree_api/local/lib/python3.10/dist-packages/unitree_api/msg/_request_identity.py\n'}
[6.261287] (unitree_api) StdoutLine: {'line': b'-- Symlinking: /home/jnu/go2_ws/install/unitree_api/local/lib/python3.10/dist-packages/unitree_api/msg/_request_identity_s.c\n'}
[6.268753] (unitree_api) StdoutLine: {'line': b'-- Symlinking: /home/jnu/go2_ws/install/unitree_api/local/lib/python3.10/dist-packages/unitree_api/msg/_request_lease.py\n'}
[6.272735] (unitree_go) StdoutLine: {'line': b'[ 86%] \x1b[32m\x1b[1mLinking C shared library libunitree_go__rosidl_typesupport_introspection_c.so\x1b[0m\n'}
[6.274590] (unitree_api) StdoutLine: {'line': b'-- Symlinking: /home/jnu/go2_ws/install/unitree_api/local/lib/python3.10/dist-packages/unitree_api/msg/_request_lease_s.c\n'}
[6.284272] (unitree_api) StdoutLine: {'line': b'-- Symlinking: /home/jnu/go2_ws/install/unitree_api/local/lib/python3.10/dist-packages/unitree_api/msg/_request_policy.py\n'}
[6.288397] (go2_interfaces) StdoutLine: {'line': b'[ 85%] \x1b[32m\x1b[1mLinking CXX shared library libgo2_interfaces__rosidl_typesupport_fastrtps_c.so\x1b[0m\n'}
[6.289987] (unitree_api) StdoutLine: {'line': b'-- Symlinking: /home/jnu/go2_ws/install/unitree_api/local/lib/python3.10/dist-packages/unitree_api/msg/_request_policy_s.c\n'}
[6.295913] (unitree_go) StdoutLine: {'line': b'[ 86%] Built target unitree_go__rosidl_typesupport_introspection_c\n'}
[6.296131] (unitree_api) StdoutLine: {'line': b'-- Symlinking: /home/jnu/go2_ws/install/unitree_api/local/lib/python3.10/dist-packages/unitree_api/msg/_request_s.c\n'}
[6.301249] (unitree_api) StdoutLine: {'line': b'-- Symlinking: /home/jnu/go2_ws/install/unitree_api/local/lib/python3.10/dist-packages/unitree_api/msg/_response.py\n'}
[6.306752] (unitree_api) StdoutLine: {'line': b'-- Symlinking: /home/jnu/go2_ws/install/unitree_api/local/lib/python3.10/dist-packages/unitree_api/msg/_response_header.py\n'}
[6.315686] (unitree_api) StdoutLine: {'line': b'-- Symlinking: /home/jnu/go2_ws/install/unitree_api/local/lib/python3.10/dist-packages/unitree_api/msg/_response_header_s.c\n'}
[6.324326] (unitree_api) StdoutLine: {'line': b'-- Symlinking: /home/jnu/go2_ws/install/unitree_api/local/lib/python3.10/dist-packages/unitree_api/msg/_response_s.c\n'}
[6.325548] (unitree_go) StdoutLine: {'line': b'[ 86%] Built target unitree_go__rosidl_typesupport_fastrtps_cpp\n'}
[6.326825] (unitree_go) StdoutLine: {'line': b'[ 87%] \x1b[32m\x1b[1mLinking CXX shared library libunitree_go__rosidl_typesupport_fastrtps_c.so\x1b[0m\n'}
[6.327258] (-) TimerEvent: {}
[6.330180] (unitree_api) StdoutLine: {'line': b'-- Symlinking: /home/jnu/go2_ws/install/unitree_api/local/lib/python3.10/dist-packages/unitree_api/msg/_response_status.py\n'}
[6.336343] (unitree_api) StdoutLine: {'line': b'-- Symlinking: /home/jnu/go2_ws/install/unitree_api/local/lib/python3.10/dist-packages/unitree_api/msg/_response_status_s.c\n'}
[6.337483] (go2_interfaces) StdoutLine: {'line': b'[ 85%] Built target go2_interfaces__rosidl_typesupport_fastrtps_c\n'}
[6.340938] (go2_interfaces) StdoutLine: {'line': b'[ 85%] \x1b[32m\x1b[1mLinking CXX shared library libgo2_interfaces__rosidl_typesupport_fastrtps_cpp.so\x1b[0m\n'}
[6.342643] (unitree_api) StdoutLine: {'line': b'-- Symlinking: /home/jnu/go2_ws/install/unitree_api/local/lib/python3.10/dist-packages/unitree_api/unitree_api_s__rosidl_typesupport_c.cpython-310-x86_64-linux-gnu.so\n'}
[6.349014] (unitree_api) StdoutLine: {'line': b'-- Symlinking: /home/jnu/go2_ws/install/unitree_api/local/lib/python3.10/dist-packages/unitree_api/unitree_api_s__rosidl_typesupport_fastrtps_c.cpython-310-x86_64-linux-gnu.so\n'}
[6.354270] (unitree_api) StdoutLine: {'line': b'-- Symlinking: /home/jnu/go2_ws/install/unitree_api/local/lib/python3.10/dist-packages/unitree_api/unitree_api_s__rosidl_typesupport_introspection_c.cpython-310-x86_64-linux-gnu.so\n'}
[6.362110] (unitree_api) StdoutLine: {'line': b'-- Up-to-date symlink: /home/jnu/go2_ws/install/unitree_api/local/lib/python3.10/dist-packages/unitree_api/unitree_api_s__rosidl_typesupport_fastrtps_c.cpython-310-x86_64-linux-gnu.so\n'}
[6.362251] (unitree_api) StdoutLine: {'line': b'-- Up-to-date symlink: /home/jnu/go2_ws/install/unitree_api/local/lib/python3.10/dist-packages/unitree_api/unitree_api_s__rosidl_typesupport_introspection_c.cpython-310-x86_64-linux-gnu.so\n'}
[6.362487] (unitree_api) StdoutLine: {'line': b'-- Up-to-date symlink: /home/jnu/go2_ws/install/unitree_api/local/lib/python3.10/dist-packages/unitree_api/unitree_api_s__rosidl_typesupport_c.cpython-310-x86_64-linux-gnu.so\n'}
[6.362587] (unitree_api) StdoutLine: {'line': b'-- Symlinking: /home/jnu/go2_ws/install/unitree_api/share/unitree_api/msg/Request.idl\n'}
[6.369435] (unitree_api) StdoutLine: {'line': b'-- Symlinking: /home/jnu/go2_ws/install/unitree_api/share/unitree_api/msg/RequestHeader.idl\n'}
[6.374319] (unitree_api) StdoutLine: {'line': b'-- Symlinking: /home/jnu/go2_ws/install/unitree_api/share/unitree_api/msg/RequestIdentity.idl\n'}
[6.374677] (unitree_go) StdoutLine: {'line': b'[ 87%] Built target unitree_go__rosidl_typesupport_fastrtps_c\n'}
[6.379277] (unitree_api) StdoutLine: {'line': b'-- Symlinking: /home/jnu/go2_ws/install/unitree_api/share/unitree_api/msg/RequestLease.idl\n'}
[6.383169] (unitree_api) StdoutLine: {'line': b'-- Symlinking: /home/jnu/go2_ws/install/unitree_api/share/unitree_api/msg/RequestPolicy.idl\n'}
[6.385847] (go2_interfaces) StdoutLine: {'line': b'[ 85%] Built target go2_interfaces__rosidl_typesupport_fastrtps_cpp\n'}
[6.387343] (unitree_api) StdoutLine: {'line': b'-- Symlinking: /home/jnu/go2_ws/install/unitree_api/share/unitree_api/msg/Response.idl\n'}
[6.387622] (unitree_go) StdoutLine: {'line': b'[ 87%] Built target unitree_go\n'}
[6.393087] (unitree_api) StdoutLine: {'line': b'-- Symlinking: /home/jnu/go2_ws/install/unitree_api/share/unitree_api/msg/ResponseHeader.idl\n'}
[6.399417] (unitree_api) StdoutLine: {'line': b'-- Symlinking: /home/jnu/go2_ws/install/unitree_api/share/unitree_api/msg/ResponseStatus.idl\n'}
[6.399638] (go2_interfaces) StdoutLine: {'line': b'[ 85%] Built target go2_interfaces\n'}
[6.400605] (unitree_go) StdoutLine: {'line': b'[ 88%] \x1b[34m\x1b[1mGenerating Python code for ROS interfaces\x1b[0m\n'}
[6.404174] (unitree_api) StdoutLine: {'line': b'-- Symlinking: /home/jnu/go2_ws/install/unitree_api/share/unitree_api/msg/Request.msg\n'}
[6.410275] (unitree_api) StdoutLine: {'line': b'-- Symlinking: /home/jnu/go2_ws/install/unitree_api/share/unitree_api/msg/RequestHeader.msg\n'}
[6.412340] (go2_interfaces) StdoutLine: {'line': b'[ 86%] \x1b[34m\x1b[1mGenerating Python code for ROS interfaces\x1b[0m\n'}
[6.416656] (unitree_api) StdoutLine: {'line': b'-- Symlinking: /home/jnu/go2_ws/install/unitree_api/share/unitree_api/msg/RequestIdentity.msg\n'}
[6.422914] (unitree_api) StdoutLine: {'line': b'-- Symlinking: /home/jnu/go2_ws/install/unitree_api/share/unitree_api/msg/RequestLease.msg\n'}
[6.427336] (-) TimerEvent: {}
[6.427856] (unitree_api) StdoutLine: {'line': b'-- Symlinking: /home/jnu/go2_ws/install/unitree_api/share/unitree_api/msg/RequestPolicy.msg\n'}
[6.434563] (unitree_api) StdoutLine: {'line': b'-- Symlinking: /home/jnu/go2_ws/install/unitree_api/share/unitree_api/msg/Response.msg\n'}
[6.440567] (unitree_api) StdoutLine: {'line': b'-- Symlinking: /home/jnu/go2_ws/install/unitree_api/share/unitree_api/msg/ResponseHeader.msg\n'}
[6.446005] (unitree_api) StdoutLine: {'line': b'-- Symlinking: /home/jnu/go2_ws/install/unitree_api/share/unitree_api/msg/ResponseStatus.msg\n'}
[6.452018] (unitree_api) StdoutLine: {'line': b'-- Symlinking: /home/jnu/go2_ws/install/unitree_api/share/unitree_api/msg/dds_connext/RequestHeader_.idl\n'}
[6.458210] (unitree_api) StdoutLine: {'line': b'-- Symlinking: /home/jnu/go2_ws/install/unitree_api/share/unitree_api/msg/dds_connext/RequestIdentity_.idl\n'}
[6.463975] (unitree_api) StdoutLine: {'line': b'-- Symlinking: /home/jnu/go2_ws/install/unitree_api/share/unitree_api/msg/dds_connext/RequestLease_.idl\n'}
[6.468235] (unitree_api) StdoutLine: {'line': b'-- Symlinking: /home/jnu/go2_ws/install/unitree_api/share/unitree_api/msg/dds_connext/RequestPolicy_.idl\n'}
[6.474263] (unitree_api) StdoutLine: {'line': b'-- Symlinking: /home/jnu/go2_ws/install/unitree_api/share/unitree_api/msg/dds_connext/Request_.idl\n'}
[6.480407] (unitree_api) StdoutLine: {'line': b'-- Symlinking: /home/jnu/go2_ws/install/unitree_api/share/unitree_api/msg/dds_connext/ResponseHeader_.idl\n'}
[6.484850] (unitree_api) StdoutLine: {'line': b'-- Symlinking: /home/jnu/go2_ws/install/unitree_api/share/unitree_api/msg/dds_connext/ResponseStatus_.idl\n'}
[6.489756] (unitree_api) StdoutLine: {'line': b'-- Symlinking: /home/jnu/go2_ws/install/unitree_api/share/unitree_api/msg/dds_connext/Response_.idl\n'}
[6.494862] (unitree_api) StdoutLine: {'line': b'-- Symlinking: /home/jnu/go2_ws/install/unitree_api/share/ament_index/resource_index/package_run_dependencies/unitree_api\n'}
[6.500662] (unitree_api) StdoutLine: {'line': b'-- Symlinking: /home/jnu/go2_ws/install/unitree_api/share/ament_index/resource_index/parent_prefix_path/unitree_api\n'}
[6.505750] (unitree_api) StdoutLine: {'line': b'-- Symlinking: /home/jnu/go2_ws/install/unitree_api/share/unitree_api/environment/ament_prefix_path.sh\n'}
[6.511756] (unitree_api) StdoutLine: {'line': b'-- Symlinking: /home/jnu/go2_ws/install/unitree_api/share/unitree_api/environment/ament_prefix_path.dsv\n'}
[6.515899] (unitree_api) StdoutLine: {'line': b'-- Symlinking: /home/jnu/go2_ws/install/unitree_api/share/unitree_api/environment/path.sh\n'}
[6.520316] (unitree_api) StdoutLine: {'line': b'-- Symlinking: /home/jnu/go2_ws/install/unitree_api/share/unitree_api/environment/path.dsv\n'}
[6.527434] (-) TimerEvent: {}
[6.528743] (unitree_api) StdoutLine: {'line': b'-- Symlinking: /home/jnu/go2_ws/install/unitree_api/share/unitree_api/local_setup.bash\n'}
[6.537615] (unitree_api) StdoutLine: {'line': b'-- Symlinking: /home/jnu/go2_ws/install/unitree_api/share/unitree_api/local_setup.sh\n'}
[6.545676] (unitree_api) StdoutLine: {'line': b'-- Symlinking: /home/jnu/go2_ws/install/unitree_api/share/unitree_api/local_setup.zsh\n'}
[6.552827] (unitree_api) StdoutLine: {'line': b'-- Symlinking: /home/jnu/go2_ws/install/unitree_api/share/unitree_api/local_setup.dsv\n'}
[6.558497] (unitree_api) StdoutLine: {'line': b'-- Symlinking: /home/jnu/go2_ws/install/unitree_api/share/unitree_api/package.dsv\n'}
[6.567244] (unitree_api) StdoutLine: {'line': b'-- Symlinking: /home/jnu/go2_ws/install/unitree_api/share/ament_index/resource_index/packages/unitree_api\n'}
[6.573045] (unitree_api) StdoutLine: {'line': b'-- Symlinking: /home/jnu/go2_ws/install/unitree_api/share/unitree_api/cmake/rosidl_cmake-extras.cmake\n'}
[6.581924] (unitree_api) StdoutLine: {'line': b'-- Symlinking: /home/jnu/go2_ws/install/unitree_api/share/unitree_api/cmake/ament_cmake_export_dependencies-extras.cmake\n'}
[6.590691] (unitree_api) StdoutLine: {'line': b'-- Symlinking: /home/jnu/go2_ws/install/unitree_api/share/unitree_api/cmake/ament_cmake_export_include_directories-extras.cmake\n'}
[6.596986] (unitree_api) StdoutLine: {'line': b'-- Symlinking: /home/jnu/go2_ws/install/unitree_api/share/unitree_api/cmake/ament_cmake_export_libraries-extras.cmake\n'}
[6.606002] (unitree_api) StdoutLine: {'line': b'-- Symlinking: /home/jnu/go2_ws/install/unitree_api/share/unitree_api/cmake/ament_cmake_export_targets-extras.cmake\n'}
[6.620685] (unitree_api) StdoutLine: {'line': b'-- Symlinking: /home/jnu/go2_ws/install/unitree_api/share/unitree_api/cmake/rosidl_cmake_export_typesupport_targets-extras.cmake\n'}
[6.627623] (-) TimerEvent: {}
[6.634354] (unitree_api) StdoutLine: {'line': b'-- Symlinking: /home/jnu/go2_ws/install/unitree_api/share/unitree_api/cmake/rosidl_cmake_export_typesupport_libraries-extras.cmake\n'}
[6.641417] (unitree_api) StdoutLine: {'line': b'-- Symlinking: /home/jnu/go2_ws/install/unitree_api/share/unitree_api/cmake/unitree_apiConfig.cmake\n'}
[6.652591] (unitree_api) StdoutLine: {'line': b'-- Symlinking: /home/jnu/go2_ws/install/unitree_api/share/unitree_api/cmake/unitree_apiConfig-version.cmake\n'}
[6.658771] (unitree_api) StdoutLine: {'line': b'-- Symlinking: /home/jnu/go2_ws/install/unitree_api/share/unitree_api/package.xml\n'}
[6.665580] (unitree_api) StdoutLine: {'line': b'-- Installing: /home/jnu/go2_ws/install/unitree_api/lib/libunitree_api__rosidl_generator_c.so\n'}
[6.665826] (unitree_api) StdoutLine: {'line': b'-- Set runtime path of "/home/jnu/go2_ws/install/unitree_api/lib/libunitree_api__rosidl_generator_c.so" to ""\n'}
[6.665875] (unitree_api) StdoutLine: {'line': b'-- Installing: /home/jnu/go2_ws/install/unitree_api/lib/libunitree_api__rosidl_typesupport_fastrtps_c.so\n'}
[6.666108] (unitree_api) StdoutLine: {'line': b'-- Set runtime path of "/home/jnu/go2_ws/install/unitree_api/lib/libunitree_api__rosidl_typesupport_fastrtps_c.so" to ""\n'}
[6.666162] (unitree_api) StdoutLine: {'line': b'-- Installing: /home/jnu/go2_ws/install/unitree_api/lib/libunitree_api__rosidl_typesupport_fastrtps_cpp.so\n'}
[6.666416] (unitree_api) StdoutLine: {'line': b'-- Set runtime path of "/home/jnu/go2_ws/install/unitree_api/lib/libunitree_api__rosidl_typesupport_fastrtps_cpp.so" to ""\n'}
[6.666462] (unitree_api) StdoutLine: {'line': b'-- Installing: /home/jnu/go2_ws/install/unitree_api/lib/libunitree_api__rosidl_typesupport_introspection_c.so\n'}
[6.666659] (unitree_api) StdoutLine: {'line': b'-- Set runtime path of "/home/jnu/go2_ws/install/unitree_api/lib/libunitree_api__rosidl_typesupport_introspection_c.so" to ""\n'}
[6.666702] (unitree_api) StdoutLine: {'line': b'-- Installing: /home/jnu/go2_ws/install/unitree_api/lib/libunitree_api__rosidl_typesupport_c.so\n'}
[6.666886] (unitree_api) StdoutLine: {'line': b'-- Set runtime path of "/home/jnu/go2_ws/install/unitree_api/lib/libunitree_api__rosidl_typesupport_c.so" to ""\n'}
[6.666929] (unitree_api) StdoutLine: {'line': b'-- Installing: /home/jnu/go2_ws/install/unitree_api/lib/libunitree_api__rosidl_typesupport_introspection_cpp.so\n'}
[6.667180] (unitree_api) StdoutLine: {'line': b'-- Set runtime path of "/home/jnu/go2_ws/install/unitree_api/lib/libunitree_api__rosidl_typesupport_introspection_cpp.so" to ""\n'}
[6.667219] (unitree_api) StdoutLine: {'line': b'-- Installing: /home/jnu/go2_ws/install/unitree_api/lib/libunitree_api__rosidl_typesupport_cpp.so\n'}
[6.667420] (unitree_api) StdoutLine: {'line': b'-- Set runtime path of "/home/jnu/go2_ws/install/unitree_api/lib/libunitree_api__rosidl_typesupport_cpp.so" to ""\n'}
[6.690815] (unitree_api) StdoutLine: {'line': b"Listing '/home/jnu/go2_ws/install/unitree_api/local/lib/python3.10/dist-packages/unitree_api'...\n"}
[6.690948] (unitree_api) StdoutLine: {'line': b"Compiling '/home/jnu/go2_ws/install/unitree_api/local/lib/python3.10/dist-packages/unitree_api/__init__.py'...\n"}
[6.690975] (unitree_api) StdoutLine: {'line': b"Listing '/home/jnu/go2_ws/install/unitree_api/local/lib/python3.10/dist-packages/unitree_api/msg'...\n"}
[6.690996] (unitree_api) StdoutLine: {'line': b"Compiling '/home/jnu/go2_ws/install/unitree_api/local/lib/python3.10/dist-packages/unitree_api/msg/__init__.py'...\n"}
[6.691017] (unitree_api) StdoutLine: {'line': b"Compiling '/home/jnu/go2_ws/install/unitree_api/local/lib/python3.10/dist-packages/unitree_api/msg/_request.py'...\n"}
[6.691036] (unitree_api) StdoutLine: {'line': b"Compiling '/home/jnu/go2_ws/install/unitree_api/local/lib/python3.10/dist-packages/unitree_api/msg/_request_header.py'...\n"}
[6.691055] (unitree_api) StdoutLine: {'line': b"Compiling '/home/jnu/go2_ws/install/unitree_api/local/lib/python3.10/dist-packages/unitree_api/msg/_request_identity.py'...\n"}
[6.691075] (unitree_api) StdoutLine: {'line': b"Compiling '/home/jnu/go2_ws/install/unitree_api/local/lib/python3.10/dist-packages/unitree_api/msg/_request_lease.py'...\n"}
[6.691094] (unitree_api) StdoutLine: {'line': b"Compiling '/home/jnu/go2_ws/install/unitree_api/local/lib/python3.10/dist-packages/unitree_api/msg/_request_policy.py'...\n"}
[6.691113] (unitree_api) StdoutLine: {'line': b"Compiling '/home/jnu/go2_ws/install/unitree_api/local/lib/python3.10/dist-packages/unitree_api/msg/_response.py'...\n"}
[6.691131] (unitree_api) StdoutLine: {'line': b"Compiling '/home/jnu/go2_ws/install/unitree_api/local/lib/python3.10/dist-packages/unitree_api/msg/_response_header.py'...\n"}
[6.691148] (unitree_api) StdoutLine: {'line': b"Compiling '/home/jnu/go2_ws/install/unitree_api/local/lib/python3.10/dist-packages/unitree_api/msg/_response_status.py'...\n"}
[6.693584] (unitree_api) StdoutLine: {'line': b'-- Installing: /home/jnu/go2_ws/install/unitree_api/lib/libunitree_api__rosidl_generator_py.so\n'}
[6.693822] (unitree_api) StdoutLine: {'line': b'-- Set runtime path of "/home/jnu/go2_ws/install/unitree_api/lib/libunitree_api__rosidl_generator_py.so" to ""\n'}
[6.693875] (unitree_api) StdoutLine: {'line': b'-- Installing: /home/jnu/go2_ws/install/unitree_api/share/unitree_api/cmake/export_unitree_api__rosidl_generator_cExport.cmake\n'}
[6.693932] (unitree_api) StdoutLine: {'line': b'-- Installing: /home/jnu/go2_ws/install/unitree_api/share/unitree_api/cmake/export_unitree_api__rosidl_generator_cExport-noconfig.cmake\n'}
[6.694044] (unitree_api) StdoutLine: {'line': b'-- Installing: /home/jnu/go2_ws/install/unitree_api/share/unitree_api/cmake/export_unitree_api__rosidl_typesupport_fastrtps_cExport.cmake\n'}
[6.694104] (unitree_api) StdoutLine: {'line': b'-- Installing: /home/jnu/go2_ws/install/unitree_api/share/unitree_api/cmake/export_unitree_api__rosidl_typesupport_fastrtps_cExport-noconfig.cmake\n'}
[6.694229] (unitree_api) StdoutLine: {'line': b'-- Installing: /home/jnu/go2_ws/install/unitree_api/share/unitree_api/cmake/export_unitree_api__rosidl_generator_cppExport.cmake\n'}
[6.694303] (unitree_api) StdoutLine: {'line': b'-- Installing: /home/jnu/go2_ws/install/unitree_api/share/unitree_api/cmake/export_unitree_api__rosidl_typesupport_fastrtps_cppExport.cmake\n'}
[6.694418] (unitree_api) StdoutLine: {'line': b'-- Installing: /home/jnu/go2_ws/install/unitree_api/share/unitree_api/cmake/export_unitree_api__rosidl_typesupport_fastrtps_cppExport-noconfig.cmake\n'}
[6.694495] (unitree_api) StdoutLine: {'line': b'-- Installing: /home/jnu/go2_ws/install/unitree_api/share/unitree_api/cmake/unitree_api__rosidl_typesupport_introspection_cExport.cmake\n'}
[6.694566] (unitree_api) StdoutLine: {'line': b'-- Installing: /home/jnu/go2_ws/install/unitree_api/share/unitree_api/cmake/unitree_api__rosidl_typesupport_introspection_cExport-noconfig.cmake\n'}
[6.694613] (unitree_api) StdoutLine: {'line': b'-- Installing: /home/jnu/go2_ws/install/unitree_api/share/unitree_api/cmake/unitree_api__rosidl_typesupport_cExport.cmake\n'}
[6.694654] (unitree_api) StdoutLine: {'line': b'-- Installing: /home/jnu/go2_ws/install/unitree_api/share/unitree_api/cmake/unitree_api__rosidl_typesupport_cExport-noconfig.cmake\n'}
[6.694702] (unitree_api) StdoutLine: {'line': b'-- Installing: /home/jnu/go2_ws/install/unitree_api/share/unitree_api/cmake/unitree_api__rosidl_typesupport_introspection_cppExport.cmake\n'}
[6.694741] (unitree_api) StdoutLine: {'line': b'-- Installing: /home/jnu/go2_ws/install/unitree_api/share/unitree_api/cmake/unitree_api__rosidl_typesupport_introspection_cppExport-noconfig.cmake\n'}
[6.694785] (unitree_api) StdoutLine: {'line': b'-- Installing: /home/jnu/go2_ws/install/unitree_api/share/unitree_api/cmake/unitree_api__rosidl_typesupport_cppExport.cmake\n'}
[6.694827] (unitree_api) StdoutLine: {'line': b'-- Installing: /home/jnu/go2_ws/install/unitree_api/share/unitree_api/cmake/unitree_api__rosidl_typesupport_cppExport-noconfig.cmake\n'}
[6.694868] (unitree_api) StdoutLine: {'line': b'-- Installing: /home/jnu/go2_ws/install/unitree_api/share/unitree_api/cmake/export_unitree_api__rosidl_generator_pyExport.cmake\n'}
[6.694907] (unitree_api) StdoutLine: {'line': b'-- Installing: /home/jnu/go2_ws/install/unitree_api/share/unitree_api/cmake/export_unitree_api__rosidl_generator_pyExport-noconfig.cmake\n'}
[6.697414] (unitree_api) CommandEnded: {'returncode': 0}
[6.704155] (unitree_api) JobEnded: {'identifier': 'unitree_api', 'rc': 0}
[6.727723] (-) TimerEvent: {}
[6.827981] (-) TimerEvent: {}
[6.928221] (-) TimerEvent: {}
[7.028492] (-) TimerEvent: {}
[7.128693] (-) TimerEvent: {}
[7.228890] (-) TimerEvent: {}
[7.329136] (-) TimerEvent: {}
[7.429331] (-) TimerEvent: {}
[7.529587] (-) TimerEvent: {}
[7.629842] (-) TimerEvent: {}
[7.730097] (-) TimerEvent: {}
[7.830345] (-) TimerEvent: {}
[7.930603] (-) TimerEvent: {}
[7.978943] (unitree_go) StdoutLine: {'line': b'[ 88%] Built target unitree_go__py\n'}
[7.997447] (unitree_go) StdoutLine: {'line': b'[ 88%] \x1b[32mBuilding C object CMakeFiles/unitree_go__rosidl_generator_py.dir/rosidl_generator_py/unitree_go/msg/_bms_state_s.c.o\x1b[0m\n'}
[7.997639] (unitree_go) StdoutLine: {'line': b'[ 88%] \x1b[32mBuilding C object CMakeFiles/unitree_go__rosidl_generator_py.dir/rosidl_generator_py/unitree_go/msg/_audio_data_s.c.o\x1b[0m\n'}
[7.997690] (unitree_go) StdoutLine: {'line': b'[ 89%] \x1b[32mBuilding C object CMakeFiles/unitree_go__rosidl_generator_py.dir/rosidl_generator_py/unitree_go/msg/_bms_cmd_s.c.o\x1b[0m\n'}
[7.997730] (unitree_go) StdoutLine: {'line': b'[ 90%] \x1b[32mBuilding C object CMakeFiles/unitree_go__rosidl_generator_py.dir/rosidl_generator_py/unitree_go/msg/_imu_state_s.c.o\x1b[0m\n'}
[7.997767] (unitree_go) StdoutLine: {'line': b'[ 91%] \x1b[32mBuilding C object CMakeFiles/unitree_go__rosidl_generator_py.dir/rosidl_generator_py/unitree_go/msg/_lidar_state_s.c.o\x1b[0m\n'}
[7.997804] (unitree_go) StdoutLine: {'line': b'[ 91%] \x1b[32mBuilding C object CMakeFiles/unitree_go__rosidl_generator_py.dir/rosidl_generator_py/unitree_go/msg/_interface_config_s.c.o\x1b[0m\n'}
[7.997842] (unitree_go) StdoutLine: {'line': b'[ 91%] \x1b[32mBuilding C object CMakeFiles/unitree_go__rosidl_generator_py.dir/rosidl_generator_py/unitree_go/msg/_low_cmd_s.c.o\x1b[0m\n'}
[7.997882] (unitree_go) StdoutLine: {'line': b'[ 92%] \x1b[32mBuilding C object CMakeFiles/unitree_go__rosidl_generator_py.dir/rosidl_generator_py/unitree_go/msg/_error_s.c.o\x1b[0m\n'}
[7.997926] (unitree_go) StdoutLine: {'line': b'[ 92%] \x1b[32mBuilding C object CMakeFiles/unitree_go__rosidl_generator_py.dir/rosidl_generator_py/unitree_go/msg/_go2_front_video_data_s.c.o\x1b[0m\n'}
[7.997966] (unitree_go) StdoutLine: {'line': b'[ 93%] \x1b[32mBuilding C object CMakeFiles/unitree_go__rosidl_generator_py.dir/rosidl_generator_py/unitree_go/msg/_low_state_s.c.o\x1b[0m\n'}
[7.998001] (unitree_go) StdoutLine: {'line': b'[ 93%] \x1b[32mBuilding C object CMakeFiles/unitree_go__rosidl_generator_py.dir/rosidl_generator_py/unitree_go/msg/_height_map_s.c.o\x1b[0m\n'}
[7.998039] (unitree_go) StdoutLine: {'line': b'[ 93%] \x1b[32mBuilding C object CMakeFiles/unitree_go__rosidl_generator_py.dir/rosidl_generator_py/unitree_go/msg/_motor_cmds_s.c.o\x1b[0m\n'}
[7.998725] (unitree_go) StdoutLine: {'line': b'[ 93%] \x1b[32mBuilding C object CMakeFiles/unitree_go__rosidl_generator_py.dir/rosidl_generator_py/unitree_go/msg/_motor_states_s.c.o\x1b[0m\n'}
[7.998919] (unitree_go) StdoutLine: {'line': b'[ 93%] \x1b[32mBuilding C object CMakeFiles/unitree_go__rosidl_generator_py.dir/rosidl_generator_py/unitree_go/msg/_req_s.c.o\x1b[0m\n'}
[7.998966] (unitree_go) StdoutLine: {'line': b'[ 94%] \x1b[32mBuilding C object CMakeFiles/unitree_go__rosidl_generator_py.dir/rosidl_generator_py/unitree_go/msg/_res_s.c.o\x1b[0m\n'}
[7.999033] (unitree_go) StdoutLine: {'line': b'[ 94%] \x1b[32mBuilding C object CMakeFiles/unitree_go__rosidl_generator_py.dir/rosidl_generator_py/unitree_go/msg/_motor_cmd_s.c.o\x1b[0m\n'}
[7.999071] (unitree_go) StdoutLine: {'line': b'[ 94%] \x1b[32mBuilding C object CMakeFiles/unitree_go__rosidl_generator_py.dir/rosidl_generator_py/unitree_go/msg/_sport_mode_cmd_s.c.o\x1b[0m\n'}
[7.999102] (unitree_go) StdoutLine: {'line': b'[ 95%] \x1b[32mBuilding C object CMakeFiles/unitree_go__rosidl_generator_py.dir/rosidl_generator_py/unitree_go/msg/_motor_state_s.c.o\x1b[0m\n'}
[7.999132] (unitree_go) StdoutLine: {'line': b'[ 96%] \x1b[32mBuilding C object CMakeFiles/unitree_go__rosidl_generator_py.dir/rosidl_generator_py/unitree_go/msg/_time_spec_s.c.o\x1b[0m\n'}
[7.999161] (unitree_go) StdoutLine: {'line': b'[ 97%] \x1b[32mBuilding C object CMakeFiles/unitree_go__rosidl_generator_py.dir/rosidl_generator_py/unitree_go/msg/_path_point_s.c.o\x1b[0m\n'}
[7.999191] (unitree_go) StdoutLine: {'line': b'[ 97%] \x1b[32mBuilding C object CMakeFiles/unitree_go__rosidl_generator_py.dir/rosidl_generator_py/unitree_go/msg/_sport_mode_state_s.c.o\x1b[0m\n'}
[8.002527] (unitree_go) StdoutLine: {'line': b'[ 97%] \x1b[32mBuilding C object CMakeFiles/unitree_go__rosidl_generator_py.dir/rosidl_generator_py/unitree_go/msg/_uwb_state_s.c.o\x1b[0m\n'}
[8.002730] (unitree_go) StdoutLine: {'line': b'[ 97%] \x1b[32mBuilding C object CMakeFiles/unitree_go__rosidl_generator_py.dir/rosidl_generator_py/unitree_go/msg/_voxel_map_compressed_s.c.o\x1b[0m\n'}
[8.002781] (unitree_go) StdoutLine: {'line': b'[ 98%] \x1b[32mBuilding C object CMakeFiles/unitree_go__rosidl_generator_py.dir/rosidl_generator_py/unitree_go/msg/_uwb_switch_s.c.o\x1b[0m\n'}
[8.031098] (-) TimerEvent: {}
[8.082796] (unitree_go) StdoutLine: {'line': b'[ 99%] \x1b[32mBuilding C object CMakeFiles/unitree_go__rosidl_generator_py.dir/rosidl_generator_py/unitree_go/msg/_voxel_height_map_state_s.c.o\x1b[0m\n'}
[8.083757] (unitree_go) StdoutLine: {'line': b'[ 99%] \x1b[32mBuilding C object CMakeFiles/unitree_go__rosidl_generator_py.dir/rosidl_generator_py/unitree_go/msg/_wireless_controller_s.c.o\x1b[0m\n'}
[8.123823] (go2_interfaces) StdoutLine: {'line': b'[ 86%] Built target go2_interfaces__py\n'}
[8.131203] (-) TimerEvent: {}
[8.140904] (go2_interfaces) StdoutLine: {'line': b'[ 90%] \x1b[32mBuilding C object CMakeFiles/go2_interfaces__rosidl_generator_py.dir/rosidl_generator_py/go2_interfaces/srv/_get_volume_s.c.o\x1b[0m\n'}
[8.141227] (go2_interfaces) StdoutLine: {'line': b'[ 90%] \x1b[32mBuilding C object CMakeFiles/go2_interfaces__rosidl_generator_py.dir/rosidl_generator_py/go2_interfaces/srv/_foot_raise_height_s.c.o\x1b[0m\n'}
[8.141295] (go2_interfaces) StdoutLine: {'line': b'[ 90%] \x1b[32mBuilding C object CMakeFiles/go2_interfaces__rosidl_generator_py.dir/rosidl_generator_py/go2_interfaces/srv/_get_speed_level_s.c.o\x1b[0m\n'}
[8.141349] (go2_interfaces) StdoutLine: {'line': b'[ 90%] \x1b[32mBuilding C object CMakeFiles/go2_interfaces__rosidl_generator_py.dir/rosidl_generator_py/go2_interfaces/srv/_get_body_height_s.c.o\x1b[0m\n'}
[8.141430] (go2_interfaces) StdoutLine: {'line': b'[ 90%] \x1b[32mBuilding C object CMakeFiles/go2_interfaces__rosidl_generator_py.dir/rosidl_generator_py/go2_interfaces/srv/_get_state_s.c.o\x1b[0m\n'}
[8.141483] (go2_interfaces) StdoutLine: {'line': b'[ 90%] \x1b[32mBuilding C object CMakeFiles/go2_interfaces__rosidl_generator_py.dir/rosidl_generator_py/go2_interfaces/srv/_body_height_s.c.o\x1b[0m\n'}
[8.141532] (go2_interfaces) StdoutLine: {'line': b'[ 90%] \x1b[32mBuilding C object CMakeFiles/go2_interfaces__rosidl_generator_py.dir/rosidl_generator_py/go2_interfaces/srv/_continuous_gait_s.c.o\x1b[0m\n'}
[8.141890] (go2_interfaces) StdoutLine: {'line': b'[ 90%] \x1b[32mBuilding C object CMakeFiles/go2_interfaces__rosidl_generator_py.dir/rosidl_generator_py/go2_interfaces/srv/_euler_s.c.o\x1b[0m\n'}
[8.141984] (go2_interfaces) StdoutLine: {'line': b'[ 92%] \x1b[32mBuilding C object CMakeFiles/go2_interfaces__rosidl_generator_py.dir/rosidl_generator_py/go2_interfaces/srv/_say_s.c.o\x1b[0m\n'}
[8.142205] (go2_interfaces) StdoutLine: {'line': b'[ 93%] \x1b[32mBuilding C object CMakeFiles/go2_interfaces__rosidl_generator_py.dir/rosidl_generator_py/go2_interfaces/srv/_mode_s.c.o\x1b[0m\n'}
[8.142280] (go2_interfaces) StdoutLine: {'line': b'[ 93%] \x1b[32mBuilding C object CMakeFiles/go2_interfaces__rosidl_generator_py.dir/rosidl_generator_py/go2_interfaces/srv/_set_brightness_s.c.o\x1b[0m\n'}
[8.142316] (go2_interfaces) StdoutLine: {'line': b'[ 93%] \x1b[32mBuilding C object CMakeFiles/go2_interfaces__rosidl_generator_py.dir/rosidl_generator_py/go2_interfaces/srv/_pose_s.c.o\x1b[0m\n'}
[8.142348] (go2_interfaces) StdoutLine: {'line': b'[ 93%] \x1b[32mBuilding C object CMakeFiles/go2_interfaces__rosidl_generator_py.dir/rosidl_generator_py/go2_interfaces/srv/_set_volume_s.c.o\x1b[0m\n'}
[8.142389] (go2_interfaces) StdoutLine: {'line': b'[ 93%] \x1b[32mBuilding C object CMakeFiles/go2_interfaces__rosidl_generator_py.dir/rosidl_generator_py/go2_interfaces/srv/_get_switch_obstacles_avoidance_s.c.o\x1b[0m\n'}
[8.142426] (go2_interfaces) StdoutLine: {'line': b'[ 93%] \x1b[32mBuilding C object CMakeFiles/go2_interfaces__rosidl_generator_py.dir/rosidl_generator_py/go2_interfaces/srv/_get_switch_s.c.o\x1b[0m\n'}
[8.142458] (go2_interfaces) StdoutLine: {'line': b'[ 92%] \x1b[32mBuilding C object CMakeFiles/go2_interfaces__rosidl_generator_py.dir/rosidl_generator_py/go2_interfaces/srv/_get_foot_raise_height_s.c.o\x1b[0m\n'}
[8.142487] (go2_interfaces) StdoutLine: {'line': b'[ 92%] \x1b[32mBuilding C object CMakeFiles/go2_interfaces__rosidl_generator_py.dir/rosidl_generator_py/go2_interfaces/srv/_set_switch_s.c.o\x1b[0m\n'}
[8.142519] (go2_interfaces) StdoutLine: {'line': b'[ 94%] \x1b[32mBuilding C object CMakeFiles/go2_interfaces__rosidl_generator_py.dir/rosidl_generator_py/go2_interfaces/srv/_switch_joystick_s.c.o\x1b[0m\n'}
[8.142789] (go2_interfaces) StdoutLine: {'line': b'[ 95%] \x1b[32mBuilding C object CMakeFiles/go2_interfaces__rosidl_generator_py.dir/rosidl_generator_py/go2_interfaces/srv/_speed_level_s.c.o\x1b[0m\n'}
[8.142879] (go2_interfaces) StdoutLine: {'line': b'[ 96%] \x1b[32mBuilding C object CMakeFiles/go2_interfaces__rosidl_generator_py.dir/rosidl_generator_py/go2_interfaces/srv/_get_brightness_s.c.o\x1b[0m\n'}
[8.142957] (go2_interfaces) StdoutLine: {'line': b'[ 97%] \x1b[32mBuilding C object CMakeFiles/go2_interfaces__rosidl_generator_py.dir/rosidl_generator_py/go2_interfaces/srv/_set_switch_obstacles_avoidance_s.c.o\x1b[0m\n'}
[8.143720] (go2_interfaces) StdoutLine: {'line': b'[ 97%] \x1b[32mBuilding C object CMakeFiles/go2_interfaces__rosidl_generator_py.dir/rosidl_generator_py/go2_interfaces/srv/_switch_gait_s.c.o\x1b[0m\n'}
[8.180824] (unitree_go) StdoutLine: {'line': b'[100%] \x1b[32m\x1b[1mLinking C shared library rosidl_generator_py/unitree_go/libunitree_go__rosidl_generator_py.so\x1b[0m\n'}
[8.231394] (-) TimerEvent: {}
[8.237289] (unitree_go) StdoutLine: {'line': b'[100%] Built target unitree_go__rosidl_generator_py\n'}
[8.251112] (unitree_go) StdoutLine: {'line': b'[100%] \x1b[32mBuilding C object CMakeFiles/unitree_go__rosidl_typesupport_fastrtps_c__pyext.dir/rosidl_generator_py/unitree_go/_unitree_go_s.ep.rosidl_typesupport_fastrtps_c.c.o\x1b[0m\n'}
[8.251373] (unitree_go) StdoutLine: {'line': b'[100%] \x1b[32mBuilding C object CMakeFiles/unitree_go__rosidl_typesupport_c__pyext.dir/rosidl_generator_py/unitree_go/_unitree_go_s.ep.rosidl_typesupport_c.c.o\x1b[0m\n'}
[8.251494] (unitree_go) StdoutLine: {'line': b'[100%] \x1b[32mBuilding C object CMakeFiles/unitree_go__rosidl_typesupport_introspection_c__pyext.dir/rosidl_generator_py/unitree_go/_unitree_go_s.ep.rosidl_typesupport_introspection_c.c.o\x1b[0m\n'}
[8.260247] (go2_interfaces) StdoutLine: {'line': b'[ 97%] \x1b[32m\x1b[1mLinking C shared library rosidl_generator_py/go2_interfaces/libgo2_interfaces__rosidl_generator_py.so\x1b[0m\n'}
[8.287144] (go2_interfaces) StdoutLine: {'line': b'[ 97%] Built target go2_interfaces__rosidl_generator_py\n'}
[8.305191] (go2_interfaces) StdoutLine: {'line': b'[100%] \x1b[32mBuilding C object CMakeFiles/go2_interfaces__rosidl_typesupport_fastrtps_c__pyext.dir/rosidl_generator_py/go2_interfaces/_go2_interfaces_s.ep.rosidl_typesupport_fastrtps_c.c.o\x1b[0m\n'}
[8.305305] (go2_interfaces) StdoutLine: {'line': b'[100%] \x1b[32mBuilding C object CMakeFiles/go2_interfaces__rosidl_typesupport_c__pyext.dir/rosidl_generator_py/go2_interfaces/_go2_interfaces_s.ep.rosidl_typesupport_c.c.o\x1b[0m\n'}
[8.305333] (go2_interfaces) StdoutLine: {'line': b'[100%] \x1b[32mBuilding C object CMakeFiles/go2_interfaces__rosidl_typesupport_introspection_c__pyext.dir/rosidl_generator_py/go2_interfaces/_go2_interfaces_s.ep.rosidl_typesupport_introspection_c.c.o\x1b[0m\n'}
[8.331450] (-) TimerEvent: {}
[8.332192] (unitree_go) StdoutLine: {'line': b'[100%] \x1b[32m\x1b[1mLinking C shared library rosidl_generator_py/unitree_go/unitree_go_s__rosidl_typesupport_fastrtps_c.cpython-310-x86_64-linux-gnu.so\x1b[0m\n'}
[8.333033] (unitree_go) StdoutLine: {'line': b'[100%] \x1b[32m\x1b[1mLinking C shared library rosidl_generator_py/unitree_go/unitree_go_s__rosidl_typesupport_introspection_c.cpython-310-x86_64-linux-gnu.so\x1b[0m\n'}
[8.333167] (unitree_go) StdoutLine: {'line': b'[100%] \x1b[32m\x1b[1mLinking C shared library rosidl_generator_py/unitree_go/unitree_go_s__rosidl_typesupport_c.cpython-310-x86_64-linux-gnu.so\x1b[0m\n'}
[8.351103] (unitree_go) StdoutLine: {'line': b'[100%] Built target unitree_go__rosidl_typesupport_fastrtps_c__pyext\n'}
[8.356606] (unitree_go) StdoutLine: {'line': b'[100%] Built target unitree_go__rosidl_typesupport_introspection_c__pyext\n'}
[8.356748] (unitree_go) StdoutLine: {'line': b'[100%] Built target unitree_go__rosidl_typesupport_c__pyext\n'}
[8.364288] (unitree_go) CommandEnded: {'returncode': 0}
[8.364787] (unitree_go) JobProgress: {'identifier': 'unitree_go', 'progress': 'install'}
[8.364967] (unitree_go) Command: {'cmd': ['/usr/bin/cmake', '--install', '/home/jnu/go2_ws/build/unitree_go'], 'cwd': '/home/jnu/go2_ws/build/unitree_go', 'env': OrderedDict([('LESSOPEN', '| /usr/bin/lesspipe %s'), ('LANGUAGE', 'ko:en'), ('USER', 'jnu'), ('LC_TIME', 'ko_KR.UTF-8'), ('XDG_SESSION_TYPE', 'x11'), ('SHLVL', '1'), ('LD_LIBRARY_PATH', '/opt/ros/humble/opt/rviz_ogre_vendor/lib:/opt/ros/humble/lib/x86_64-linux-gnu:/opt/ros/humble/lib:/usr/local/cuda-11.8/lib64:'), ('HOME', '/home/jnu'), ('CONDA_SHLVL', '0'), ('OLDPWD', '/home/jnu/go2_ws/src'), ('DESKTOP_SESSION', 'ubuntu'), ('ROS_PYTHON_VERSION', '3'), ('GNOME_SHELL_SESSION_MODE', 'ubuntu'), ('GTK_MODULES', 'gail:atk-bridge'), ('LC_MONETARY', 'ko_KR.UTF-8'), ('MANAGERPID', '1735'), ('SYSTEMD_EXEC_PID', '2210'), ('DBUS_SESSION_BUS_ADDRESS', 'unix:path=/run/user/1000/bus'), ('COLORTERM', 'truecolor'), ('_CE_M', ''), ('TERMINATOR_DBUS_NAME', 'net.tenshu.Terminator23558193cd9818af7fe4d2c2f5bd9d00f'), ('GIO_LAUNCHED_DESKTOP_FILE_PID', '50688'), ('IM_CONFIG_PHASE', '1'), ('ROS_DISTRO', 'humble'), ('GTK_IM_MODULE', 'ibus'), ('LOGNAME', 'jnu'), ('JOURNAL_STREAM', '8:13504'), ('_', '/usr/bin/colcon'), ('ROS_VERSION', '2'), ('XDG_SESSION_CLASS', 'user'), ('USERNAME', 'jnu'), ('TERM', 'xterm-256color'), ('GNOME_DESKTOP_SESSION_ID', 'this-is-deprecated'), ('_CE_CONDA', ''), ('ROS_LOCALHOST_ONLY', '0'), ('WINDOWPATH', '2'), ('PATH', '/opt/ros/humble/bin:/home/jnu/anaconda3/condabin:/usr/local/cuda-11.8/bin:/home/jnu/.local/bin:/usr/local/sbin:/usr/local/bin:/usr/sbin:/usr/bin:/sbin:/bin:/usr/games:/usr/local/games:/snap/bin:/snap/bin'), ('SESSION_MANAGER', 'local/JNU-1:@/tmp/.ICE-unix/1960,unix/JNU-1:/tmp/.ICE-unix/1960'), ('INVOCATION_ID', '626ef355527a45d284069bc1bba02c8f'), ('PAPERSIZE', 'a4'), ('XDG_MENU_PREFIX', 'gnome-'), ('LC_ADDRESS', 'ko_KR.UTF-8'), ('XDG_RUNTIME_DIR', '/run/user/1000'), ('DISPLAY', ':1'), ('TERMINATOR_DBUS_PATH', '/net/tenshu/Terminator2'), ('LANG', 'ko_KR.UTF-8'), ('XDG_CURRENT_DESKTOP', 'ubuntu:GNOME'), ('IBUS_DISABLE_SNOOPER', '1'), ('LC_TELEPHONE', 'ko_KR.UTF-8'), ('XMODIFIERS', '@im=ibus'), ('XDG_SESSION_DESKTOP', 'ubuntu'), ('XAUTHORITY', '/run/user/1000/gdm/Xauthority'), ('LS_COLORS', 'rs=0:di=01;34:ln=01;36:mh=00:pi=40;33:so=01;35:do=01;35:bd=40;33;01:cd=40;33;01:or=40;31;01:mi=00:su=37;41:sg=30;43:ca=30;41:tw=30;42:ow=34;42:st=37;44:ex=01;32:*.tar=01;31:*.tgz=01;31:*.arc=01;31:*.arj=01;31:*.taz=01;31:*.lha=01;31:*.lz4=01;31:*.lzh=01;31:*.lzma=01;31:*.tlz=01;31:*.txz=01;31:*.tzo=01;31:*.t7z=01;31:*.zip=01;31:*.z=01;31:*.dz=01;31:*.gz=01;31:*.lrz=01;31:*.lz=01;31:*.lzo=01;31:*.xz=01;31:*.zst=01;31:*.tzst=01;31:*.bz2=01;31:*.bz=01;31:*.tbz=01;31:*.tbz2=01;31:*.tz=01;31:*.deb=01;31:*.rpm=01;31:*.jar=01;31:*.war=01;31:*.ear=01;31:*.sar=01;31:*.rar=01;31:*.alz=01;31:*.ace=01;31:*.zoo=01;31:*.cpio=01;31:*.7z=01;31:*.rz=01;31:*.cab=01;31:*.wim=01;31:*.swm=01;31:*.dwm=01;31:*.esd=01;31:*.jpg=01;35:*.jpeg=01;35:*.mjpg=01;35:*.mjpeg=01;35:*.gif=01;35:*.bmp=01;35:*.pbm=01;35:*.pgm=01;35:*.ppm=01;35:*.tga=01;35:*.xbm=01;35:*.xpm=01;35:*.tif=01;35:*.tiff=01;35:*.png=01;35:*.svg=01;35:*.svgz=01;35:*.mng=01;35:*.pcx=01;35:*.mov=01;35:*.mpg=01;35:*.mpeg=01;35:*.m2v=01;35:*.mkv=01;35:*.webm=01;35:*.webp=01;35:*.ogm=01;35:*.mp4=01;35:*.m4v=01;35:*.mp4v=01;35:*.vob=01;35:*.qt=01;35:*.nuv=01;35:*.wmv=01;35:*.asf=01;35:*.rm=01;35:*.rmvb=01;35:*.flc=01;35:*.avi=01;35:*.fli=01;35:*.flv=01;35:*.gl=01;35:*.dl=01;35:*.xcf=01;35:*.xwd=01;35:*.yuv=01;35:*.cgm=01;35:*.emf=01;35:*.ogv=01;35:*.ogx=01;35:*.aac=00;36:*.au=00;36:*.flac=00;36:*.m4a=00;36:*.mid=00;36:*.midi=00;36:*.mka=00;36:*.mp3=00;36:*.mpc=00;36:*.ogg=00;36:*.ra=00;36:*.wav=00;36:*.oga=00;36:*.opus=00;36:*.spx=00;36:*.xspf=00;36:'), ('SSH_AGENT_LAUNCHER', 'gnome-keyring'), ('SSH_AUTH_SOCK', '/run/user/1000/keyring/ssh'), ('AMENT_PREFIX_PATH', '/opt/ros/humble'), ('CONDA_PYTHON_EXE', '/home/jnu/anaconda3/bin/python'), ('SHELL', '/bin/bash'), ('LC_NAME', 'ko_KR.UTF-8'), ('TERMINATOR_UUID', 'urn:uuid:9709fc55-99ce-401d-8324-b50ce6fb78e1'), ('QT_ACCESSIBILITY', '1'), ('GDMSESSION', 'ubuntu'), ('LESSCLOSE', '/usr/bin/lesspipe %s %s'), ('LC_MEASUREMENT', 'ko_KR.UTF-8'), ('GPG_AGENT_INFO', '/run/user/1000/gnupg/S.gpg-agent:0:1'), ('LC_IDENTIFICATION', 'ko_KR.UTF-8'), ('QT_IM_MODULE', 'ibus'), ('PWD', '/home/jnu/go2_ws/build/unitree_go'), ('CUDA_HOME', '/usr/local/cuda-11.8'), ('XDG_CONFIG_DIRS', '/etc/xdg/xdg-ubuntu:/etc/xdg'), ('CONDA_EXE', '/home/jnu/anaconda3/bin/conda'), ('XDG_DATA_DIRS', '/usr/share/ubuntu:/usr/share/gnome:/usr/local/share/:/usr/share/:/var/lib/snapd/desktop'), ('PYTHONPATH', '/opt/ros/humble/lib/python3.10/site-packages:/opt/ros/humble/local/lib/python3.10/dist-packages'), ('LC_NUMERIC', 'ko_KR.UTF-8'), ('LC_PAPER', 'ko_KR.UTF-8'), ('COLCON', '1'), ('VTE_VERSION', '6800'), ('CMAKE_PREFIX_PATH', '/opt/ros/humble')]), 'shell': False}
[8.370773] (unitree_go) StdoutLine: {'line': b'-- Install configuration: ""\n'}
[8.371158] (unitree_go) StdoutLine: {'line': b'-- Execute custom install script\n'}
[8.371289] (unitree_go) StdoutLine: {'line': b'-- Symlinking: /home/jnu/go2_ws/install/unitree_go/share/ament_index/resource_index/rosidl_interfaces/unitree_go\n'}
[8.376405] (unitree_go) StdoutLine: {'line': b'-- Symlinking: /home/jnu/go2_ws/install/unitree_go/include/unitree_go/unitree_go/msg/audio_data.h\n'}
[8.382556] (unitree_go) StdoutLine: {'line': b'-- Symlinking: /home/jnu/go2_ws/install/unitree_go/include/unitree_go/unitree_go/msg/bms_cmd.h\n'}
[8.387299] (unitree_go) StdoutLine: {'line': b'-- Symlinking: /home/jnu/go2_ws/install/unitree_go/include/unitree_go/unitree_go/msg/bms_state.h\n'}
[8.393192] (unitree_go) StdoutLine: {'line': b'-- Symlinking: /home/jnu/go2_ws/install/unitree_go/include/unitree_go/unitree_go/msg/detail/audio_data__functions.h\n'}
[8.397721] (unitree_go) StdoutLine: {'line': b'-- Symlinking: /home/jnu/go2_ws/install/unitree_go/include/unitree_go/unitree_go/msg/detail/audio_data__struct.h\n'}
[8.402692] (unitree_go) StdoutLine: {'line': b'-- Symlinking: /home/jnu/go2_ws/install/unitree_go/include/unitree_go/unitree_go/msg/detail/audio_data__type_support.h\n'}
[8.408835] (unitree_go) StdoutLine: {'line': b'-- Symlinking: /home/jnu/go2_ws/install/unitree_go/include/unitree_go/unitree_go/msg/detail/bms_cmd__functions.h\n'}
[8.412272] (go2_interfaces) StdoutLine: {'line': b'[100%] \x1b[32m\x1b[1mLinking C shared library rosidl_generator_py/go2_interfaces/go2_interfaces_s__rosidl_typesupport_c.cpython-310-x86_64-linux-gnu.so\x1b[0m\n'}
[8.414642] (unitree_go) StdoutLine: {'line': b'-- Symlinking: /home/jnu/go2_ws/install/unitree_go/include/unitree_go/unitree_go/msg/detail/bms_cmd__struct.h\n'}
[8.420213] (unitree_go) StdoutLine: {'line': b'-- Symlinking: /home/jnu/go2_ws/install/unitree_go/include/unitree_go/unitree_go/msg/detail/bms_cmd__type_support.h\n'}
[8.424053] (unitree_go) StdoutLine: {'line': b'-- Symlinking: /home/jnu/go2_ws/install/unitree_go/include/unitree_go/unitree_go/msg/detail/bms_state__functions.h\n'}
[8.427994] (unitree_go) StdoutLine: {'line': b'-- Symlinking: /home/jnu/go2_ws/install/unitree_go/include/unitree_go/unitree_go/msg/detail/bms_state__struct.h\n'}
[8.431525] (-) TimerEvent: {}
[8.432798] (go2_interfaces) StdoutLine: {'line': b'[100%] Built target go2_interfaces__rosidl_typesupport_c__pyext\n'}
[8.434053] (unitree_go) StdoutLine: {'line': b'-- Symlinking: /home/jnu/go2_ws/install/unitree_go/include/unitree_go/unitree_go/msg/detail/bms_state__type_support.h\n'}
[8.437994] (unitree_go) StdoutLine: {'line': b'-- Symlinking: /home/jnu/go2_ws/install/unitree_go/include/unitree_go/unitree_go/msg/detail/error__functions.h\n'}
[8.442672] (go2_interfaces) StdoutLine: {'line': b'[100%] \x1b[32m\x1b[1mLinking C shared library rosidl_generator_py/go2_interfaces/go2_interfaces_s__rosidl_typesupport_fastrtps_c.cpython-310-x86_64-linux-gnu.so\x1b[0m\n'}
[8.442715] (go2_interfaces) StdoutLine: {'line': b'[100%] \x1b[32m\x1b[1mLinking C shared library rosidl_generator_py/go2_interfaces/go2_interfaces_s__rosidl_typesupport_introspection_c.cpython-310-x86_64-linux-gnu.so\x1b[0m\n'}
[8.443581] (unitree_go) StdoutLine: {'line': b'-- Symlinking: /home/jnu/go2_ws/install/unitree_go/include/unitree_go/unitree_go/msg/detail/error__struct.h\n'}
[8.449063] (unitree_go) StdoutLine: {'line': b'-- Symlinking: /home/jnu/go2_ws/install/unitree_go/include/unitree_go/unitree_go/msg/detail/error__type_support.h\n'}
[8.455029] (unitree_go) StdoutLine: {'line': b'-- Symlinking: /home/jnu/go2_ws/install/unitree_go/include/unitree_go/unitree_go/msg/detail/go2_front_video_data__functions.h\n'}
[8.460718] (unitree_go) StdoutLine: {'line': b'-- Symlinking: /home/jnu/go2_ws/install/unitree_go/include/unitree_go/unitree_go/msg/detail/go2_front_video_data__struct.h\n'}
[8.462107] (go2_interfaces) StdoutLine: {'line': b'[100%] Built target go2_interfaces__rosidl_typesupport_fastrtps_c__pyext\n'}
[8.466572] (unitree_go) StdoutLine: {'line': b'-- Symlinking: /home/jnu/go2_ws/install/unitree_go/include/unitree_go/unitree_go/msg/detail/go2_front_video_data__type_support.h\n'}
[8.466809] (go2_interfaces) StdoutLine: {'line': b'[100%] Built target go2_interfaces__rosidl_typesupport_introspection_c__pyext\n'}
[8.471021] (unitree_go) StdoutLine: {'line': b'-- Symlinking: /home/jnu/go2_ws/install/unitree_go/include/unitree_go/unitree_go/msg/detail/height_map__functions.h\n'}
[8.475150] (go2_interfaces) CommandEnded: {'returncode': 0}
[8.475349] (unitree_go) StdoutLine: {'line': b'-- Symlinking: /home/jnu/go2_ws/install/unitree_go/include/unitree_go/unitree_go/msg/detail/height_map__struct.h\n'}
[8.475555] (go2_interfaces) JobProgress: {'identifier': 'go2_interfaces', 'progress': 'install'}
[8.475657] (go2_interfaces) Command: {'cmd': ['/usr/bin/cmake', '--install', '/home/jnu/go2_ws/build/go2_interfaces'], 'cwd': '/home/jnu/go2_ws/build/go2_interfaces', 'env': OrderedDict([('LESSOPEN', '| /usr/bin/lesspipe %s'), ('LANGUAGE', 'ko:en'), ('USER', 'jnu'), ('LC_TIME', 'ko_KR.UTF-8'), ('XDG_SESSION_TYPE', 'x11'), ('SHLVL', '1'), ('LD_LIBRARY_PATH', '/opt/ros/humble/opt/rviz_ogre_vendor/lib:/opt/ros/humble/lib/x86_64-linux-gnu:/opt/ros/humble/lib:/usr/local/cuda-11.8/lib64:'), ('HOME', '/home/jnu'), ('CONDA_SHLVL', '0'), ('OLDPWD', '/home/jnu/go2_ws/src'), ('DESKTOP_SESSION', 'ubuntu'), ('ROS_PYTHON_VERSION', '3'), ('GNOME_SHELL_SESSION_MODE', 'ubuntu'), ('GTK_MODULES', 'gail:atk-bridge'), ('LC_MONETARY', 'ko_KR.UTF-8'), ('MANAGERPID', '1735'), ('SYSTEMD_EXEC_PID', '2210'), ('DBUS_SESSION_BUS_ADDRESS', 'unix:path=/run/user/1000/bus'), ('COLORTERM', 'truecolor'), ('_CE_M', ''), ('TERMINATOR_DBUS_NAME', 'net.tenshu.Terminator23558193cd9818af7fe4d2c2f5bd9d00f'), ('GIO_LAUNCHED_DESKTOP_FILE_PID', '50688'), ('IM_CONFIG_PHASE', '1'), ('ROS_DISTRO', 'humble'), ('GTK_IM_MODULE', 'ibus'), ('LOGNAME', 'jnu'), ('JOURNAL_STREAM', '8:13504'), ('_', '/usr/bin/colcon'), ('ROS_VERSION', '2'), ('XDG_SESSION_CLASS', 'user'), ('USERNAME', 'jnu'), ('TERM', 'xterm-256color'), ('GNOME_DESKTOP_SESSION_ID', 'this-is-deprecated'), ('_CE_CONDA', ''), ('ROS_LOCALHOST_ONLY', '0'), ('WINDOWPATH', '2'), ('PATH', '/opt/ros/humble/bin:/home/jnu/anaconda3/condabin:/usr/local/cuda-11.8/bin:/home/jnu/.local/bin:/usr/local/sbin:/usr/local/bin:/usr/sbin:/usr/bin:/sbin:/bin:/usr/games:/usr/local/games:/snap/bin:/snap/bin'), ('SESSION_MANAGER', 'local/JNU-1:@/tmp/.ICE-unix/1960,unix/JNU-1:/tmp/.ICE-unix/1960'), ('INVOCATION_ID', '626ef355527a45d284069bc1bba02c8f'), ('PAPERSIZE', 'a4'), ('XDG_MENU_PREFIX', 'gnome-'), ('LC_ADDRESS', 'ko_KR.UTF-8'), ('XDG_RUNTIME_DIR', '/run/user/1000'), ('DISPLAY', ':1'), ('TERMINATOR_DBUS_PATH', '/net/tenshu/Terminator2'), ('LANG', 'ko_KR.UTF-8'), ('XDG_CURRENT_DESKTOP', 'ubuntu:GNOME'), ('IBUS_DISABLE_SNOOPER', '1'), ('LC_TELEPHONE', 'ko_KR.UTF-8'), ('XMODIFIERS', '@im=ibus'), ('XDG_SESSION_DESKTOP', 'ubuntu'), ('XAUTHORITY', '/run/user/1000/gdm/Xauthority'), ('LS_COLORS', 'rs=0:di=01;34:ln=01;36:mh=00:pi=40;33:so=01;35:do=01;35:bd=40;33;01:cd=40;33;01:or=40;31;01:mi=00:su=37;41:sg=30;43:ca=30;41:tw=30;42:ow=34;42:st=37;44:ex=01;32:*.tar=01;31:*.tgz=01;31:*.arc=01;31:*.arj=01;31:*.taz=01;31:*.lha=01;31:*.lz4=01;31:*.lzh=01;31:*.lzma=01;31:*.tlz=01;31:*.txz=01;31:*.tzo=01;31:*.t7z=01;31:*.zip=01;31:*.z=01;31:*.dz=01;31:*.gz=01;31:*.lrz=01;31:*.lz=01;31:*.lzo=01;31:*.xz=01;31:*.zst=01;31:*.tzst=01;31:*.bz2=01;31:*.bz=01;31:*.tbz=01;31:*.tbz2=01;31:*.tz=01;31:*.deb=01;31:*.rpm=01;31:*.jar=01;31:*.war=01;31:*.ear=01;31:*.sar=01;31:*.rar=01;31:*.alz=01;31:*.ace=01;31:*.zoo=01;31:*.cpio=01;31:*.7z=01;31:*.rz=01;31:*.cab=01;31:*.wim=01;31:*.swm=01;31:*.dwm=01;31:*.esd=01;31:*.jpg=01;35:*.jpeg=01;35:*.mjpg=01;35:*.mjpeg=01;35:*.gif=01;35:*.bmp=01;35:*.pbm=01;35:*.pgm=01;35:*.ppm=01;35:*.tga=01;35:*.xbm=01;35:*.xpm=01;35:*.tif=01;35:*.tiff=01;35:*.png=01;35:*.svg=01;35:*.svgz=01;35:*.mng=01;35:*.pcx=01;35:*.mov=01;35:*.mpg=01;35:*.mpeg=01;35:*.m2v=01;35:*.mkv=01;35:*.webm=01;35:*.webp=01;35:*.ogm=01;35:*.mp4=01;35:*.m4v=01;35:*.mp4v=01;35:*.vob=01;35:*.qt=01;35:*.nuv=01;35:*.wmv=01;35:*.asf=01;35:*.rm=01;35:*.rmvb=01;35:*.flc=01;35:*.avi=01;35:*.fli=01;35:*.flv=01;35:*.gl=01;35:*.dl=01;35:*.xcf=01;35:*.xwd=01;35:*.yuv=01;35:*.cgm=01;35:*.emf=01;35:*.ogv=01;35:*.ogx=01;35:*.aac=00;36:*.au=00;36:*.flac=00;36:*.m4a=00;36:*.mid=00;36:*.midi=00;36:*.mka=00;36:*.mp3=00;36:*.mpc=00;36:*.ogg=00;36:*.ra=00;36:*.wav=00;36:*.oga=00;36:*.opus=00;36:*.spx=00;36:*.xspf=00;36:'), ('SSH_AGENT_LAUNCHER', 'gnome-keyring'), ('SSH_AUTH_SOCK', '/run/user/1000/keyring/ssh'), ('AMENT_PREFIX_PATH', '/opt/ros/humble'), ('CONDA_PYTHON_EXE', '/home/jnu/anaconda3/bin/python'), ('SHELL', '/bin/bash'), ('LC_NAME', 'ko_KR.UTF-8'), ('TERMINATOR_UUID', 'urn:uuid:9709fc55-99ce-401d-8324-b50ce6fb78e1'), ('QT_ACCESSIBILITY', '1'), ('GDMSESSION', 'ubuntu'), ('LESSCLOSE', '/usr/bin/lesspipe %s %s'), ('LC_MEASUREMENT', 'ko_KR.UTF-8'), ('GPG_AGENT_INFO', '/run/user/1000/gnupg/S.gpg-agent:0:1'), ('LC_IDENTIFICATION', 'ko_KR.UTF-8'), ('QT_IM_MODULE', 'ibus'), ('PWD', '/home/jnu/go2_ws/build/go2_interfaces'), ('CUDA_HOME', '/usr/local/cuda-11.8'), ('XDG_CONFIG_DIRS', '/etc/xdg/xdg-ubuntu:/etc/xdg'), ('CONDA_EXE', '/home/jnu/anaconda3/bin/conda'), ('XDG_DATA_DIRS', '/usr/share/ubuntu:/usr/share/gnome:/usr/local/share/:/usr/share/:/var/lib/snapd/desktop'), ('PYTHONPATH', '/opt/ros/humble/lib/python3.10/site-packages:/opt/ros/humble/local/lib/python3.10/dist-packages'), ('LC_NUMERIC', 'ko_KR.UTF-8'), ('LC_PAPER', 'ko_KR.UTF-8'), ('COLCON', '1'), ('VTE_VERSION', '6800'), ('CMAKE_PREFIX_PATH', '/opt/ros/humble')]), 'shell': False}
[8.479054] (unitree_go) StdoutLine: {'line': b'-- Symlinking: /home/jnu/go2_ws/install/unitree_go/include/unitree_go/unitree_go/msg/detail/height_map__type_support.h\n'}
[8.481081] (go2_interfaces) StdoutLine: {'line': b'-- Install configuration: ""\n'}
[8.481565] (go2_interfaces) StdoutLine: {'line': b'-- Execute custom install script\n'}
[8.481703] (go2_interfaces) StdoutLine: {'line': b'-- Symlinking: /home/jnu/go2_ws/install/go2_interfaces/share/ament_index/resource_index/rosidl_interfaces/go2_interfaces\n'}
[8.482713] (unitree_go) StdoutLine: {'line': b'-- Symlinking: /home/jnu/go2_ws/install/unitree_go/include/unitree_go/unitree_go/msg/detail/imu_state__functions.h\n'}
[8.486558] (unitree_go) StdoutLine: {'line': b'-- Symlinking: /home/jnu/go2_ws/install/unitree_go/include/unitree_go/unitree_go/msg/detail/imu_state__struct.h\n'}
[8.486660] (go2_interfaces) StdoutLine: {'line': b'-- Symlinking: /home/jnu/go2_ws/install/go2_interfaces/include/go2_interfaces/go2_interfaces/msg/rosidl_generator_c__visibility_control.h\n'}
[8.492275] (unitree_go) StdoutLine: {'line': b'-- Symlinking: /home/jnu/go2_ws/install/unitree_go/include/unitree_go/unitree_go/msg/detail/imu_state__type_support.h\n'}
[8.492416] (go2_interfaces) StdoutLine: {'line': b'-- Symlinking: /home/jnu/go2_ws/install/go2_interfaces/include/go2_interfaces/go2_interfaces/srv/body_height.h\n'}
[8.496362] (go2_interfaces) StdoutLine: {'line': b'-- Symlinking: /home/jnu/go2_ws/install/go2_interfaces/include/go2_interfaces/go2_interfaces/srv/continuous_gait.h\n'}
[8.497606] (unitree_go) StdoutLine: {'line': b'-- Symlinking: /home/jnu/go2_ws/install/unitree_go/include/unitree_go/unitree_go/msg/detail/interface_config__functions.h\n'}
[8.500325] (go2_interfaces) StdoutLine: {'line': b'-- Symlinking: /home/jnu/go2_ws/install/go2_interfaces/include/go2_interfaces/go2_interfaces/srv/detail/body_height__functions.h\n'}
[8.501876] (unitree_go) StdoutLine: {'line': b'-- Symlinking: /home/jnu/go2_ws/install/unitree_go/include/unitree_go/unitree_go/msg/detail/interface_config__struct.h\n'}
[8.505809] (go2_interfaces) StdoutLine: {'line': b'-- Symlinking: /home/jnu/go2_ws/install/go2_interfaces/include/go2_interfaces/go2_interfaces/srv/detail/body_height__struct.h\n'}
[8.506414] (unitree_go) StdoutLine: {'line': b'-- Symlinking: /home/jnu/go2_ws/install/unitree_go/include/unitree_go/unitree_go/msg/detail/interface_config__type_support.h\n'}
[8.510397] (unitree_go) StdoutLine: {'line': b'-- Symlinking: /home/jnu/go2_ws/install/unitree_go/include/unitree_go/unitree_go/msg/detail/lidar_state__functions.h\n'}
[8.511354] (go2_interfaces) StdoutLine: {'line': b'-- Symlinking: /home/jnu/go2_ws/install/go2_interfaces/include/go2_interfaces/go2_interfaces/srv/detail/body_height__type_support.h\n'}
[8.515994] (unitree_go) StdoutLine: {'line': b'-- Symlinking: /home/jnu/go2_ws/install/unitree_go/include/unitree_go/unitree_go/msg/detail/lidar_state__struct.h\n'}
[8.516589] (go2_interfaces) StdoutLine: {'line': b'-- Symlinking: /home/jnu/go2_ws/install/go2_interfaces/include/go2_interfaces/go2_interfaces/srv/detail/continuous_gait__functions.h\n'}
[8.520448] (go2_interfaces) StdoutLine: {'line': b'-- Symlinking: /home/jnu/go2_ws/install/go2_interfaces/include/go2_interfaces/go2_interfaces/srv/detail/continuous_gait__struct.h\n'}
[8.521580] (unitree_go) StdoutLine: {'line': b'-- Symlinking: /home/jnu/go2_ws/install/unitree_go/include/unitree_go/unitree_go/msg/detail/lidar_state__type_support.h\n'}
[8.523995] (go2_interfaces) StdoutLine: {'line': b'-- Symlinking: /home/jnu/go2_ws/install/go2_interfaces/include/go2_interfaces/go2_interfaces/srv/detail/continuous_gait__type_support.h\n'}
[8.525847] (unitree_go) StdoutLine: {'line': b'-- Symlinking: /home/jnu/go2_ws/install/unitree_go/include/unitree_go/unitree_go/msg/detail/low_cmd__functions.h\n'}
[8.527808] (go2_interfaces) StdoutLine: {'line': b'-- Symlinking: /home/jnu/go2_ws/install/go2_interfaces/include/go2_interfaces/go2_interfaces/srv/detail/euler__functions.h\n'}
[8.530597] (unitree_go) StdoutLine: {'line': b'-- Symlinking: /home/jnu/go2_ws/install/unitree_go/include/unitree_go/unitree_go/msg/detail/low_cmd__struct.h\n'}
[8.531493] (go2_interfaces) StdoutLine: {'line': b'-- Symlinking: /home/jnu/go2_ws/install/go2_interfaces/include/go2_interfaces/go2_interfaces/srv/detail/euler__struct.h\n'}
[8.531550] (-) TimerEvent: {}
[8.535438] (go2_interfaces) StdoutLine: {'line': b'-- Symlinking: /home/jnu/go2_ws/install/go2_interfaces/include/go2_interfaces/go2_interfaces/srv/detail/euler__type_support.h\n'}
[8.536222] (unitree_go) StdoutLine: {'line': b'-- Symlinking: /home/jnu/go2_ws/install/unitree_go/include/unitree_go/unitree_go/msg/detail/low_cmd__type_support.h\n'}
[8.540999] (go2_interfaces) StdoutLine: {'line': b'-- Symlinking: /home/jnu/go2_ws/install/go2_interfaces/include/go2_interfaces/go2_interfaces/srv/detail/foot_raise_height__functions.h\n'}
[8.541622] (unitree_go) StdoutLine: {'line': b'-- Symlinking: /home/jnu/go2_ws/install/unitree_go/include/unitree_go/unitree_go/msg/detail/low_state__functions.h\n'}
[8.544730] (go2_interfaces) StdoutLine: {'line': b'-- Symlinking: /home/jnu/go2_ws/install/go2_interfaces/include/go2_interfaces/go2_interfaces/srv/detail/foot_raise_height__struct.h\n'}
[8.547061] (unitree_go) StdoutLine: {'line': b'-- Symlinking: /home/jnu/go2_ws/install/unitree_go/include/unitree_go/unitree_go/msg/detail/low_state__struct.h\n'}
[8.549678] (go2_interfaces) StdoutLine: {'line': b'-- Symlinking: /home/jnu/go2_ws/install/go2_interfaces/include/go2_interfaces/go2_interfaces/srv/detail/foot_raise_height__type_support.h\n'}
[8.550745] (unitree_go) StdoutLine: {'line': b'-- Symlinking: /home/jnu/go2_ws/install/unitree_go/include/unitree_go/unitree_go/msg/detail/low_state__type_support.h\n'}
[8.554406] (go2_interfaces) StdoutLine: {'line': b'-- Symlinking: /home/jnu/go2_ws/install/go2_interfaces/include/go2_interfaces/go2_interfaces/srv/detail/get_body_height__functions.h\n'}
[8.555553] (unitree_go) StdoutLine: {'line': b'-- Symlinking: /home/jnu/go2_ws/install/unitree_go/include/unitree_go/unitree_go/msg/detail/motor_cmd__functions.h\n'}
[8.557969] (go2_interfaces) StdoutLine: {'line': b'-- Symlinking: /home/jnu/go2_ws/install/go2_interfaces/include/go2_interfaces/go2_interfaces/srv/detail/get_body_height__struct.h\n'}
[8.560192] (unitree_go) StdoutLine: {'line': b'-- Symlinking: /home/jnu/go2_ws/install/unitree_go/include/unitree_go/unitree_go/msg/detail/motor_cmd__struct.h\n'}
[8.563599] (go2_interfaces) StdoutLine: {'line': b'-- Symlinking: /home/jnu/go2_ws/install/go2_interfaces/include/go2_interfaces/go2_interfaces/srv/detail/get_body_height__type_support.h\n'}
[8.564733] (unitree_go) StdoutLine: {'line': b'-- Symlinking: /home/jnu/go2_ws/install/unitree_go/include/unitree_go/unitree_go/msg/detail/motor_cmd__type_support.h\n'}
[8.569118] (unitree_go) StdoutLine: {'line': b'-- Symlinking: /home/jnu/go2_ws/install/unitree_go/include/unitree_go/unitree_go/msg/detail/motor_cmds__functions.h\n'}
[8.569218] (go2_interfaces) StdoutLine: {'line': b'-- Symlinking: /home/jnu/go2_ws/install/go2_interfaces/include/go2_interfaces/go2_interfaces/srv/detail/get_brightness__functions.h\n'}
[8.573654] (unitree_go) StdoutLine: {'line': b'-- Symlinking: /home/jnu/go2_ws/install/unitree_go/include/unitree_go/unitree_go/msg/detail/motor_cmds__struct.h\n'}
[8.574017] (go2_interfaces) StdoutLine: {'line': b'-- Symlinking: /home/jnu/go2_ws/install/go2_interfaces/include/go2_interfaces/go2_interfaces/srv/detail/get_brightness__struct.h\n'}
[8.578850] (unitree_go) StdoutLine: {'line': b'-- Symlinking: /home/jnu/go2_ws/install/unitree_go/include/unitree_go/unitree_go/msg/detail/motor_cmds__type_support.h\n'}
[8.579544] (go2_interfaces) StdoutLine: {'line': b'-- Symlinking: /home/jnu/go2_ws/install/go2_interfaces/include/go2_interfaces/go2_interfaces/srv/detail/get_brightness__type_support.h\n'}
[8.582599] (unitree_go) StdoutLine: {'line': b'-- Symlinking: /home/jnu/go2_ws/install/unitree_go/include/unitree_go/unitree_go/msg/detail/motor_state__functions.h\n'}
[8.583740] (go2_interfaces) StdoutLine: {'line': b'-- Symlinking: /home/jnu/go2_ws/install/go2_interfaces/include/go2_interfaces/go2_interfaces/srv/detail/get_foot_raise_height__functions.h\n'}
[8.588045] (unitree_go) StdoutLine: {'line': b'-- Symlinking: /home/jnu/go2_ws/install/unitree_go/include/unitree_go/unitree_go/msg/detail/motor_state__struct.h\n'}
[8.589202] (go2_interfaces) StdoutLine: {'line': b'-- Symlinking: /home/jnu/go2_ws/install/go2_interfaces/include/go2_interfaces/go2_interfaces/srv/detail/get_foot_raise_height__struct.h\n'}
[8.592607] (unitree_go) StdoutLine: {'line': b'-- Symlinking: /home/jnu/go2_ws/install/unitree_go/include/unitree_go/unitree_go/msg/detail/motor_state__type_support.h\n'}
[8.593214] (go2_interfaces) StdoutLine: {'line': b'-- Symlinking: /home/jnu/go2_ws/install/go2_interfaces/include/go2_interfaces/go2_interfaces/srv/detail/get_foot_raise_height__type_support.h\n'}
[8.596214] (unitree_go) StdoutLine: {'line': b'-- Symlinking: /home/jnu/go2_ws/install/unitree_go/include/unitree_go/unitree_go/msg/detail/motor_states__functions.h\n'}
[8.597496] (go2_interfaces) StdoutLine: {'line': b'-- Symlinking: /home/jnu/go2_ws/install/go2_interfaces/include/go2_interfaces/go2_interfaces/srv/detail/get_speed_level__functions.h\n'}
[8.599799] (unitree_go) StdoutLine: {'line': b'-- Symlinking: /home/jnu/go2_ws/install/unitree_go/include/unitree_go/unitree_go/msg/detail/motor_states__struct.h\n'}
[8.602621] (go2_interfaces) StdoutLine: {'line': b'-- Symlinking: /home/jnu/go2_ws/install/go2_interfaces/include/go2_interfaces/go2_interfaces/srv/detail/get_speed_level__struct.h\n'}
[8.605332] (unitree_go) StdoutLine: {'line': b'-- Symlinking: /home/jnu/go2_ws/install/unitree_go/include/unitree_go/unitree_go/msg/detail/motor_states__type_support.h\n'}
[8.606868] (go2_interfaces) StdoutLine: {'line': b'-- Symlinking: /home/jnu/go2_ws/install/go2_interfaces/include/go2_interfaces/go2_interfaces/srv/detail/get_speed_level__type_support.h\n'}
[8.609389] (unitree_go) StdoutLine: {'line': b'-- Symlinking: /home/jnu/go2_ws/install/unitree_go/include/unitree_go/unitree_go/msg/detail/path_point__functions.h\n'}
[8.612424] (go2_interfaces) StdoutLine: {'line': b'-- Symlinking: /home/jnu/go2_ws/install/go2_interfaces/include/go2_interfaces/go2_interfaces/srv/detail/get_state__functions.h\n'}
[8.614822] (unitree_go) StdoutLine: {'line': b'-- Symlinking: /home/jnu/go2_ws/install/unitree_go/include/unitree_go/unitree_go/msg/detail/path_point__struct.h\n'}
[8.616690] (go2_interfaces) StdoutLine: {'line': b'-- Symlinking: /home/jnu/go2_ws/install/go2_interfaces/include/go2_interfaces/go2_interfaces/srv/detail/get_state__struct.h\n'}
[8.620042] (unitree_go) StdoutLine: {'line': b'-- Symlinking: /home/jnu/go2_ws/install/unitree_go/include/unitree_go/unitree_go/msg/detail/path_point__type_support.h\n'}
[8.622131] (go2_interfaces) StdoutLine: {'line': b'-- Symlinking: /home/jnu/go2_ws/install/go2_interfaces/include/go2_interfaces/go2_interfaces/srv/detail/get_state__type_support.h\n'}
[8.623682] (unitree_go) StdoutLine: {'line': b'-- Symlinking: /home/jnu/go2_ws/install/unitree_go/include/unitree_go/unitree_go/msg/detail/req__functions.h\n'}
[8.626203] (go2_interfaces) StdoutLine: {'line': b'-- Symlinking: /home/jnu/go2_ws/install/go2_interfaces/include/go2_interfaces/go2_interfaces/srv/detail/get_switch__functions.h\n'}
[8.627353] (unitree_go) StdoutLine: {'line': b'-- Symlinking: /home/jnu/go2_ws/install/unitree_go/include/unitree_go/unitree_go/msg/detail/req__struct.h\n'}
[8.629923] (go2_interfaces) StdoutLine: {'line': b'-- Symlinking: /home/jnu/go2_ws/install/go2_interfaces/include/go2_interfaces/go2_interfaces/srv/detail/get_switch__struct.h\n'}
[8.630837] (unitree_go) StdoutLine: {'line': b'-- Symlinking: /home/jnu/go2_ws/install/unitree_go/include/unitree_go/unitree_go/msg/detail/req__type_support.h\n'}
[8.631613] (-) TimerEvent: {}
[8.634418] (go2_interfaces) StdoutLine: {'line': b'-- Symlinking: /home/jnu/go2_ws/install/go2_interfaces/include/go2_interfaces/go2_interfaces/srv/detail/get_switch__type_support.h\n'}
[8.635599] (unitree_go) StdoutLine: {'line': b'-- Symlinking: /home/jnu/go2_ws/install/unitree_go/include/unitree_go/unitree_go/msg/detail/res__functions.h\n'}
[8.639566] (go2_interfaces) StdoutLine: {'line': b'-- Symlinking: /home/jnu/go2_ws/install/go2_interfaces/include/go2_interfaces/go2_interfaces/srv/detail/get_switch_obstacles_avoidance__functions.h\n'}
[8.640669] (unitree_go) StdoutLine: {'line': b'-- Symlinking: /home/jnu/go2_ws/install/unitree_go/include/unitree_go/unitree_go/msg/detail/res__struct.h\n'}
[8.643161] (go2_interfaces) StdoutLine: {'line': b'-- Symlinking: /home/jnu/go2_ws/install/go2_interfaces/include/go2_interfaces/go2_interfaces/srv/detail/get_switch_obstacles_avoidance__struct.h\n'}
[8.645274] (unitree_go) StdoutLine: {'line': b'-- Symlinking: /home/jnu/go2_ws/install/unitree_go/include/unitree_go/unitree_go/msg/detail/res__type_support.h\n'}
[8.646796] (go2_interfaces) StdoutLine: {'line': b'-- Symlinking: /home/jnu/go2_ws/install/go2_interfaces/include/go2_interfaces/go2_interfaces/srv/detail/get_switch_obstacles_avoidance__type_support.h\n'}
[8.650649] (unitree_go) StdoutLine: {'line': b'-- Symlinking: /home/jnu/go2_ws/install/unitree_go/include/unitree_go/unitree_go/msg/detail/sport_mode_cmd__functions.h\n'}
[8.652361] (go2_interfaces) StdoutLine: {'line': b'-- Symlinking: /home/jnu/go2_ws/install/go2_interfaces/include/go2_interfaces/go2_interfaces/srv/detail/get_volume__functions.h\n'}
[8.654490] (unitree_go) StdoutLine: {'line': b'-- Symlinking: /home/jnu/go2_ws/install/unitree_go/include/unitree_go/unitree_go/msg/detail/sport_mode_cmd__struct.h\n'}
[8.655935] (go2_interfaces) StdoutLine: {'line': b'-- Symlinking: /home/jnu/go2_ws/install/go2_interfaces/include/go2_interfaces/go2_interfaces/srv/detail/get_volume__struct.h\n'}
[8.660101] (unitree_go) StdoutLine: {'line': b'-- Symlinking: /home/jnu/go2_ws/install/unitree_go/include/unitree_go/unitree_go/msg/detail/sport_mode_cmd__type_support.h\n'}
[8.660954] (go2_interfaces) StdoutLine: {'line': b'-- Symlinking: /home/jnu/go2_ws/install/go2_interfaces/include/go2_interfaces/go2_interfaces/srv/detail/get_volume__type_support.h\n'}
[8.663681] (unitree_go) StdoutLine: {'line': b'-- Symlinking: /home/jnu/go2_ws/install/unitree_go/include/unitree_go/unitree_go/msg/detail/sport_mode_state__functions.h\n'}
[8.665047] (go2_interfaces) StdoutLine: {'line': b'-- Symlinking: /home/jnu/go2_ws/install/go2_interfaces/include/go2_interfaces/go2_interfaces/srv/detail/mode__functions.h\n'}
[8.668207] (unitree_go) StdoutLine: {'line': b'-- Symlinking: /home/jnu/go2_ws/install/unitree_go/include/unitree_go/unitree_go/msg/detail/sport_mode_state__struct.h\n'}
[8.670000] (go2_interfaces) StdoutLine: {'line': b'-- Symlinking: /home/jnu/go2_ws/install/go2_interfaces/include/go2_interfaces/go2_interfaces/srv/detail/mode__struct.h\n'}
[8.672346] (unitree_go) StdoutLine: {'line': b'-- Symlinking: /home/jnu/go2_ws/install/unitree_go/include/unitree_go/unitree_go/msg/detail/sport_mode_state__type_support.h\n'}
[8.674567] (go2_interfaces) StdoutLine: {'line': b'-- Symlinking: /home/jnu/go2_ws/install/go2_interfaces/include/go2_interfaces/go2_interfaces/srv/detail/mode__type_support.h\n'}
[8.677630] (unitree_go) StdoutLine: {'line': b'-- Symlinking: /home/jnu/go2_ws/install/unitree_go/include/unitree_go/unitree_go/msg/detail/time_spec__functions.h\n'}
[8.679222] (go2_interfaces) StdoutLine: {'line': b'-- Symlinking: /home/jnu/go2_ws/install/go2_interfaces/include/go2_interfaces/go2_interfaces/srv/detail/pose__functions.h\n'}
[8.681136] (unitree_go) StdoutLine: {'line': b'-- Symlinking: /home/jnu/go2_ws/install/unitree_go/include/unitree_go/unitree_go/msg/detail/time_spec__struct.h\n'}
[8.682756] (go2_interfaces) StdoutLine: {'line': b'-- Symlinking: /home/jnu/go2_ws/install/go2_interfaces/include/go2_interfaces/go2_interfaces/srv/detail/pose__struct.h\n'}
[8.684916] (unitree_go) StdoutLine: {'line': b'-- Symlinking: /home/jnu/go2_ws/install/unitree_go/include/unitree_go/unitree_go/msg/detail/time_spec__type_support.h\n'}
[8.687729] (go2_interfaces) StdoutLine: {'line': b'-- Symlinking: /home/jnu/go2_ws/install/go2_interfaces/include/go2_interfaces/go2_interfaces/srv/detail/pose__type_support.h\n'}
[8.689785] (unitree_go) StdoutLine: {'line': b'-- Symlinking: /home/jnu/go2_ws/install/unitree_go/include/unitree_go/unitree_go/msg/detail/uwb_state__functions.h\n'}
[8.691500] (go2_interfaces) StdoutLine: {'line': b'-- Symlinking: /home/jnu/go2_ws/install/go2_interfaces/include/go2_interfaces/go2_interfaces/srv/detail/say__functions.h\n'}
[8.693957] (unitree_go) StdoutLine: {'line': b'-- Symlinking: /home/jnu/go2_ws/install/unitree_go/include/unitree_go/unitree_go/msg/detail/uwb_state__struct.h\n'}
[8.695647] (go2_interfaces) StdoutLine: {'line': b'-- Symlinking: /home/jnu/go2_ws/install/go2_interfaces/include/go2_interfaces/go2_interfaces/srv/detail/say__struct.h\n'}
[8.699266] (unitree_go) StdoutLine: {'line': b'-- Symlinking: /home/jnu/go2_ws/install/unitree_go/include/unitree_go/unitree_go/msg/detail/uwb_state__type_support.h\n'}
[8.701121] (go2_interfaces) StdoutLine: {'line': b'-- Symlinking: /home/jnu/go2_ws/install/go2_interfaces/include/go2_interfaces/go2_interfaces/srv/detail/say__type_support.h\n'}
[8.702856] (unitree_go) StdoutLine: {'line': b'-- Symlinking: /home/jnu/go2_ws/install/unitree_go/include/unitree_go/unitree_go/msg/detail/uwb_switch__functions.h\n'}
[8.705528] (go2_interfaces) StdoutLine: {'line': b'-- Symlinking: /home/jnu/go2_ws/install/go2_interfaces/include/go2_interfaces/go2_interfaces/srv/detail/set_brightness__functions.h\n'}
[8.708206] (unitree_go) StdoutLine: {'line': b'-- Symlinking: /home/jnu/go2_ws/install/unitree_go/include/unitree_go/unitree_go/msg/detail/uwb_switch__struct.h\n'}
[8.709892] (go2_interfaces) StdoutLine: {'line': b'-- Symlinking: /home/jnu/go2_ws/install/go2_interfaces/include/go2_interfaces/go2_interfaces/srv/detail/set_brightness__struct.h\n'}
[8.712583] (unitree_go) StdoutLine: {'line': b'-- Symlinking: /home/jnu/go2_ws/install/unitree_go/include/unitree_go/unitree_go/msg/detail/uwb_switch__type_support.h\n'}
[8.714509] (go2_interfaces) StdoutLine: {'line': b'-- Symlinking: /home/jnu/go2_ws/install/go2_interfaces/include/go2_interfaces/go2_interfaces/srv/detail/set_brightness__type_support.h\n'}
[8.717712] (unitree_go) StdoutLine: {'line': b'-- Symlinking: /home/jnu/go2_ws/install/unitree_go/include/unitree_go/unitree_go/msg/detail/voxel_height_map_state__functions.h\n'}
[8.719194] (go2_interfaces) StdoutLine: {'line': b'-- Symlinking: /home/jnu/go2_ws/install/go2_interfaces/include/go2_interfaces/go2_interfaces/srv/detail/set_switch__functions.h\n'}
[8.722508] (unitree_go) StdoutLine: {'line': b'-- Symlinking: /home/jnu/go2_ws/install/unitree_go/include/unitree_go/unitree_go/msg/detail/voxel_height_map_state__struct.h\n'}
[8.724669] (go2_interfaces) StdoutLine: {'line': b'-- Symlinking: /home/jnu/go2_ws/install/go2_interfaces/include/go2_interfaces/go2_interfaces/srv/detail/set_switch__struct.h\n'}
[8.726785] (unitree_go) StdoutLine: {'line': b'-- Symlinking: /home/jnu/go2_ws/install/unitree_go/include/unitree_go/unitree_go/msg/detail/voxel_height_map_state__type_support.h\n'}
[8.729221] (go2_interfaces) StdoutLine: {'line': b'-- Symlinking: /home/jnu/go2_ws/install/go2_interfaces/include/go2_interfaces/go2_interfaces/srv/detail/set_switch__type_support.h\n'}
[8.731045] (unitree_go) StdoutLine: {'line': b'-- Symlinking: /home/jnu/go2_ws/install/unitree_go/include/unitree_go/unitree_go/msg/detail/voxel_map_compressed__functions.h\n'}
[8.731678] (-) TimerEvent: {}
[8.733751] (go2_interfaces) StdoutLine: {'line': b'-- Symlinking: /home/jnu/go2_ws/install/go2_interfaces/include/go2_interfaces/go2_interfaces/srv/detail/set_switch_obstacles_avoidance__functions.h\n'}
[8.736758] (unitree_go) StdoutLine: {'line': b'-- Symlinking: /home/jnu/go2_ws/install/unitree_go/include/unitree_go/unitree_go/msg/detail/voxel_map_compressed__struct.h\n'}
[8.737569] (go2_interfaces) StdoutLine: {'line': b'-- Symlinking: /home/jnu/go2_ws/install/go2_interfaces/include/go2_interfaces/go2_interfaces/srv/detail/set_switch_obstacles_avoidance__struct.h\n'}
[8.742296] (unitree_go) StdoutLine: {'line': b'-- Symlinking: /home/jnu/go2_ws/install/unitree_go/include/unitree_go/unitree_go/msg/detail/voxel_map_compressed__type_support.h\n'}
[8.743397] (go2_interfaces) StdoutLine: {'line': b'-- Symlinking: /home/jnu/go2_ws/install/go2_interfaces/include/go2_interfaces/go2_interfaces/srv/detail/set_switch_obstacles_avoidance__type_support.h\n'}
[8.747816] (unitree_go) StdoutLine: {'line': b'-- Symlinking: /home/jnu/go2_ws/install/unitree_go/include/unitree_go/unitree_go/msg/detail/wireless_controller__functions.h\n'}
[8.748695] (go2_interfaces) StdoutLine: {'line': b'-- Symlinking: /home/jnu/go2_ws/install/go2_interfaces/include/go2_interfaces/go2_interfaces/srv/detail/set_volume__functions.h\n'}
[8.752584] (unitree_go) StdoutLine: {'line': b'-- Symlinking: /home/jnu/go2_ws/install/unitree_go/include/unitree_go/unitree_go/msg/detail/wireless_controller__struct.h\n'}
[8.754227] (go2_interfaces) StdoutLine: {'line': b'-- Symlinking: /home/jnu/go2_ws/install/go2_interfaces/include/go2_interfaces/go2_interfaces/srv/detail/set_volume__struct.h\n'}
[8.757089] (unitree_go) StdoutLine: {'line': b'-- Symlinking: /home/jnu/go2_ws/install/unitree_go/include/unitree_go/unitree_go/msg/detail/wireless_controller__type_support.h\n'}
[8.758350] (go2_interfaces) StdoutLine: {'line': b'-- Symlinking: /home/jnu/go2_ws/install/go2_interfaces/include/go2_interfaces/go2_interfaces/srv/detail/set_volume__type_support.h\n'}
[8.761195] (unitree_go) StdoutLine: {'line': b'-- Symlinking: /home/jnu/go2_ws/install/unitree_go/include/unitree_go/unitree_go/msg/error.h\n'}
[8.763529] (go2_interfaces) StdoutLine: {'line': b'-- Symlinking: /home/jnu/go2_ws/install/go2_interfaces/include/go2_interfaces/go2_interfaces/srv/detail/speed_level__functions.h\n'}
[8.765452] (unitree_go) StdoutLine: {'line': b'-- Symlinking: /home/jnu/go2_ws/install/unitree_go/include/unitree_go/unitree_go/msg/go2_front_video_data.h\n'}
[8.767900] (go2_interfaces) StdoutLine: {'line': b'-- Symlinking: /home/jnu/go2_ws/install/go2_interfaces/include/go2_interfaces/go2_interfaces/srv/detail/speed_level__struct.h\n'}
[8.771031] (unitree_go) StdoutLine: {'line': b'-- Symlinking: /home/jnu/go2_ws/install/unitree_go/include/unitree_go/unitree_go/msg/height_map.h\n'}
[8.773442] (go2_interfaces) StdoutLine: {'line': b'-- Symlinking: /home/jnu/go2_ws/install/go2_interfaces/include/go2_interfaces/go2_interfaces/srv/detail/speed_level__type_support.h\n'}
[8.775923] (unitree_go) StdoutLine: {'line': b'-- Symlinking: /home/jnu/go2_ws/install/unitree_go/include/unitree_go/unitree_go/msg/imu_state.h\n'}
[8.779021] (go2_interfaces) StdoutLine: {'line': b'-- Symlinking: /home/jnu/go2_ws/install/go2_interfaces/include/go2_interfaces/go2_interfaces/srv/detail/switch_gait__functions.h\n'}
[8.779698] (unitree_go) StdoutLine: {'line': b'-- Symlinking: /home/jnu/go2_ws/install/unitree_go/include/unitree_go/unitree_go/msg/interface_config.h\n'}
[8.782804] (go2_interfaces) StdoutLine: {'line': b'-- Symlinking: /home/jnu/go2_ws/install/go2_interfaces/include/go2_interfaces/go2_interfaces/srv/detail/switch_gait__struct.h\n'}
[8.784392] (unitree_go) StdoutLine: {'line': b'-- Symlinking: /home/jnu/go2_ws/install/unitree_go/include/unitree_go/unitree_go/msg/lidar_state.h\n'}
[8.787153] (go2_interfaces) StdoutLine: {'line': b'-- Symlinking: /home/jnu/go2_ws/install/go2_interfaces/include/go2_interfaces/go2_interfaces/srv/detail/switch_gait__type_support.h\n'}
[8.790208] (unitree_go) StdoutLine: {'line': b'-- Symlinking: /home/jnu/go2_ws/install/unitree_go/include/unitree_go/unitree_go/msg/low_cmd.h\n'}
[8.791975] (go2_interfaces) StdoutLine: {'line': b'-- Symlinking: /home/jnu/go2_ws/install/go2_interfaces/include/go2_interfaces/go2_interfaces/srv/detail/switch_joystick__functions.h\n'}
[8.795274] (unitree_go) StdoutLine: {'line': b'-- Symlinking: /home/jnu/go2_ws/install/unitree_go/include/unitree_go/unitree_go/msg/low_state.h\n'}
[8.797482] (go2_interfaces) StdoutLine: {'line': b'-- Symlinking: /home/jnu/go2_ws/install/go2_interfaces/include/go2_interfaces/go2_interfaces/srv/detail/switch_joystick__struct.h\n'}
[8.799736] (unitree_go) StdoutLine: {'line': b'-- Symlinking: /home/jnu/go2_ws/install/unitree_go/include/unitree_go/unitree_go/msg/motor_cmd.h\n'}
[8.801527] (go2_interfaces) StdoutLine: {'line': b'-- Symlinking: /home/jnu/go2_ws/install/go2_interfaces/include/go2_interfaces/go2_interfaces/srv/detail/switch_joystick__type_support.h\n'}
[8.803655] (unitree_go) StdoutLine: {'line': b'-- Symlinking: /home/jnu/go2_ws/install/unitree_go/include/unitree_go/unitree_go/msg/motor_cmds.h\n'}
[8.805932] (go2_interfaces) StdoutLine: {'line': b'-- Symlinking: /home/jnu/go2_ws/install/go2_interfaces/include/go2_interfaces/go2_interfaces/srv/euler.h\n'}
[8.808450] (unitree_go) StdoutLine: {'line': b'-- Symlinking: /home/jnu/go2_ws/install/unitree_go/include/unitree_go/unitree_go/msg/motor_state.h\n'}
[8.809731] (go2_interfaces) StdoutLine: {'line': b'-- Symlinking: /home/jnu/go2_ws/install/go2_interfaces/include/go2_interfaces/go2_interfaces/srv/foot_raise_height.h\n'}
[8.812556] (unitree_go) StdoutLine: {'line': b'-- Symlinking: /home/jnu/go2_ws/install/unitree_go/include/unitree_go/unitree_go/msg/motor_states.h\n'}
[8.814732] (go2_interfaces) StdoutLine: {'line': b'-- Symlinking: /home/jnu/go2_ws/install/go2_interfaces/include/go2_interfaces/go2_interfaces/srv/get_body_height.h\n'}
[8.816489] (unitree_go) StdoutLine: {'line': b'-- Symlinking: /home/jnu/go2_ws/install/unitree_go/include/unitree_go/unitree_go/msg/path_point.h\n'}
[8.818639] (go2_interfaces) StdoutLine: {'line': b'-- Symlinking: /home/jnu/go2_ws/install/go2_interfaces/include/go2_interfaces/go2_interfaces/srv/get_brightness.h\n'}
[8.822079] (unitree_go) StdoutLine: {'line': b'-- Symlinking: /home/jnu/go2_ws/install/unitree_go/include/unitree_go/unitree_go/msg/req.h\n'}
[8.823660] (go2_interfaces) StdoutLine: {'line': b'-- Symlinking: /home/jnu/go2_ws/install/go2_interfaces/include/go2_interfaces/go2_interfaces/srv/get_foot_raise_height.h\n'}
[8.826158] (unitree_go) StdoutLine: {'line': b'-- Symlinking: /home/jnu/go2_ws/install/unitree_go/include/unitree_go/unitree_go/msg/res.h\n'}
[8.827479] (go2_interfaces) StdoutLine: {'line': b'-- Symlinking: /home/jnu/go2_ws/install/go2_interfaces/include/go2_interfaces/go2_interfaces/srv/get_speed_level.h\n'}
[8.830118] (unitree_go) StdoutLine: {'line': b'-- Symlinking: /home/jnu/go2_ws/install/unitree_go/include/unitree_go/unitree_go/msg/rosidl_generator_c__visibility_control.h\n'}
[8.831750] (-) TimerEvent: {}
[8.832199] (go2_interfaces) StdoutLine: {'line': b'-- Symlinking: /home/jnu/go2_ws/install/go2_interfaces/include/go2_interfaces/go2_interfaces/srv/get_state.h\n'}
[8.835954] (go2_interfaces) StdoutLine: {'line': b'-- Symlinking: /home/jnu/go2_ws/install/go2_interfaces/include/go2_interfaces/go2_interfaces/srv/get_switch.h\n'}
[8.836167] (unitree_go) StdoutLine: {'line': b'-- Symlinking: /home/jnu/go2_ws/install/unitree_go/include/unitree_go/unitree_go/msg/sport_mode_cmd.h\n'}
[8.840211] (go2_interfaces) StdoutLine: {'line': b'-- Symlinking: /home/jnu/go2_ws/install/go2_interfaces/include/go2_interfaces/go2_interfaces/srv/get_switch_obstacles_avoidance.h\n'}
[8.840511] (unitree_go) StdoutLine: {'line': b'-- Symlinking: /home/jnu/go2_ws/install/unitree_go/include/unitree_go/unitree_go/msg/sport_mode_state.h\n'}
[8.843921] (go2_interfaces) StdoutLine: {'line': b'-- Symlinking: /home/jnu/go2_ws/install/go2_interfaces/include/go2_interfaces/go2_interfaces/srv/get_volume.h\n'}
[8.846397] (unitree_go) StdoutLine: {'line': b'-- Symlinking: /home/jnu/go2_ws/install/unitree_go/include/unitree_go/unitree_go/msg/time_spec.h\n'}
[8.848483] (go2_interfaces) StdoutLine: {'line': b'-- Symlinking: /home/jnu/go2_ws/install/go2_interfaces/include/go2_interfaces/go2_interfaces/srv/mode.h\n'}
[8.850503] (unitree_go) StdoutLine: {'line': b'-- Symlinking: /home/jnu/go2_ws/install/unitree_go/include/unitree_go/unitree_go/msg/uwb_state.h\n'}
[8.852500] (go2_interfaces) StdoutLine: {'line': b'-- Symlinking: /home/jnu/go2_ws/install/go2_interfaces/include/go2_interfaces/go2_interfaces/srv/pose.h\n'}
[8.854480] (unitree_go) StdoutLine: {'line': b'-- Symlinking: /home/jnu/go2_ws/install/unitree_go/include/unitree_go/unitree_go/msg/uwb_switch.h\n'}
[8.856962] (go2_interfaces) StdoutLine: {'line': b'-- Symlinking: /home/jnu/go2_ws/install/go2_interfaces/include/go2_interfaces/go2_interfaces/srv/say.h\n'}
[8.858933] (unitree_go) StdoutLine: {'line': b'-- Symlinking: /home/jnu/go2_ws/install/unitree_go/include/unitree_go/unitree_go/msg/voxel_height_map_state.h\n'}
[8.862777] (go2_interfaces) StdoutLine: {'line': b'-- Symlinking: /home/jnu/go2_ws/install/go2_interfaces/include/go2_interfaces/go2_interfaces/srv/set_brightness.h\n'}
[8.863644] (unitree_go) StdoutLine: {'line': b'-- Symlinking: /home/jnu/go2_ws/install/unitree_go/include/unitree_go/unitree_go/msg/voxel_map_compressed.h\n'}
[8.868494] (go2_interfaces) StdoutLine: {'line': b'-- Symlinking: /home/jnu/go2_ws/install/go2_interfaces/include/go2_interfaces/go2_interfaces/srv/set_switch.h\n'}
[8.869416] (unitree_go) StdoutLine: {'line': b'-- Symlinking: /home/jnu/go2_ws/install/unitree_go/include/unitree_go/unitree_go/msg/wireless_controller.h\n'}
[8.873822] (go2_interfaces) StdoutLine: {'line': b'-- Symlinking: /home/jnu/go2_ws/install/go2_interfaces/include/go2_interfaces/go2_interfaces/srv/set_switch_obstacles_avoidance.h\n'}
[8.874666] (unitree_go) StdoutLine: {'line': b'-- Symlinking: /home/jnu/go2_ws/install/unitree_go/share/unitree_go/environment/library_path.sh\n'}
[8.877617] (go2_interfaces) StdoutLine: {'line': b'-- Symlinking: /home/jnu/go2_ws/install/go2_interfaces/include/go2_interfaces/go2_interfaces/srv/set_volume.h\n'}
[8.878561] (unitree_go) StdoutLine: {'line': b'-- Symlinking: /home/jnu/go2_ws/install/unitree_go/share/unitree_go/environment/library_path.dsv\n'}
[8.881577] (go2_interfaces) StdoutLine: {'line': b'-- Symlinking: /home/jnu/go2_ws/install/go2_interfaces/include/go2_interfaces/go2_interfaces/srv/speed_level.h\n'}
[8.883638] (unitree_go) StdoutLine: {'line': b'-- Symlinking: /home/jnu/go2_ws/install/unitree_go/include/unitree_go/unitree_go/msg/detail/audio_data__rosidl_typesupport_fastrtps_c.h\n'}
[8.887149] (go2_interfaces) StdoutLine: {'line': b'-- Symlinking: /home/jnu/go2_ws/install/go2_interfaces/include/go2_interfaces/go2_interfaces/srv/switch_gait.h\n'}
[8.888119] (unitree_go) StdoutLine: {'line': b'-- Symlinking: /home/jnu/go2_ws/install/unitree_go/include/unitree_go/unitree_go/msg/detail/bms_cmd__rosidl_typesupport_fastrtps_c.h\n'}
[8.890810] (go2_interfaces) StdoutLine: {'line': b'-- Symlinking: /home/jnu/go2_ws/install/go2_interfaces/include/go2_interfaces/go2_interfaces/srv/switch_joystick.h\n'}
[8.893932] (unitree_go) StdoutLine: {'line': b'-- Symlinking: /home/jnu/go2_ws/install/unitree_go/include/unitree_go/unitree_go/msg/detail/bms_state__rosidl_typesupport_fastrtps_c.h\n'}
[8.896575] (go2_interfaces) StdoutLine: {'line': b'-- Symlinking: /home/jnu/go2_ws/install/go2_interfaces/share/go2_interfaces/environment/library_path.sh\n'}
[8.898723] (unitree_go) StdoutLine: {'line': b'-- Symlinking: /home/jnu/go2_ws/install/unitree_go/include/unitree_go/unitree_go/msg/detail/error__rosidl_typesupport_fastrtps_c.h\n'}
[8.900615] (go2_interfaces) StdoutLine: {'line': b'-- Symlinking: /home/jnu/go2_ws/install/go2_interfaces/share/go2_interfaces/environment/library_path.dsv\n'}
[8.902684] (unitree_go) StdoutLine: {'line': b'-- Symlinking: /home/jnu/go2_ws/install/unitree_go/include/unitree_go/unitree_go/msg/detail/go2_front_video_data__rosidl_typesupport_fastrtps_c.h\n'}
[8.905391] (go2_interfaces) StdoutLine: {'line': b'-- Symlinking: /home/jnu/go2_ws/install/go2_interfaces/include/go2_interfaces/go2_interfaces/msg/rosidl_typesupport_fastrtps_c__visibility_control.h\n'}
[8.907057] (unitree_go) StdoutLine: {'line': b'-- Symlinking: /home/jnu/go2_ws/install/unitree_go/include/unitree_go/unitree_go/msg/detail/height_map__rosidl_typesupport_fastrtps_c.h\n'}
[8.910416] (go2_interfaces) StdoutLine: {'line': b'-- Symlinking: /home/jnu/go2_ws/install/go2_interfaces/include/go2_interfaces/go2_interfaces/srv/detail/body_height__rosidl_typesupport_fastrtps_c.h\n'}
[8.912853] (unitree_go) StdoutLine: {'line': b'-- Symlinking: /home/jnu/go2_ws/install/unitree_go/include/unitree_go/unitree_go/msg/detail/imu_state__rosidl_typesupport_fastrtps_c.h\n'}
[8.916031] (go2_interfaces) StdoutLine: {'line': b'-- Symlinking: /home/jnu/go2_ws/install/go2_interfaces/include/go2_interfaces/go2_interfaces/srv/detail/continuous_gait__rosidl_typesupport_fastrtps_c.h\n'}
[8.918524] (unitree_go) StdoutLine: {'line': b'-- Symlinking: /home/jnu/go2_ws/install/unitree_go/include/unitree_go/unitree_go/msg/detail/interface_config__rosidl_typesupport_fastrtps_c.h\n'}
[8.920629] (go2_interfaces) StdoutLine: {'line': b'-- Symlinking: /home/jnu/go2_ws/install/go2_interfaces/include/go2_interfaces/go2_interfaces/srv/detail/euler__rosidl_typesupport_fastrtps_c.h\n'}
[8.924321] (unitree_go) StdoutLine: {'line': b'-- Symlinking: /home/jnu/go2_ws/install/unitree_go/include/unitree_go/unitree_go/msg/detail/lidar_state__rosidl_typesupport_fastrtps_c.h\n'}
[8.924661] (go2_interfaces) StdoutLine: {'line': b'-- Symlinking: /home/jnu/go2_ws/install/go2_interfaces/include/go2_interfaces/go2_interfaces/srv/detail/foot_raise_height__rosidl_typesupport_fastrtps_c.h\n'}
[8.928878] (unitree_go) StdoutLine: {'line': b'-- Symlinking: /home/jnu/go2_ws/install/unitree_go/include/unitree_go/unitree_go/msg/detail/low_cmd__rosidl_typesupport_fastrtps_c.h\n'}
[8.929763] (go2_interfaces) StdoutLine: {'line': b'-- Symlinking: /home/jnu/go2_ws/install/go2_interfaces/include/go2_interfaces/go2_interfaces/srv/detail/get_body_height__rosidl_typesupport_fastrtps_c.h\n'}
[8.931817] (-) TimerEvent: {}
[8.934236] (unitree_go) StdoutLine: {'line': b'-- Symlinking: /home/jnu/go2_ws/install/unitree_go/include/unitree_go/unitree_go/msg/detail/low_state__rosidl_typesupport_fastrtps_c.h\n'}
[8.935298] (go2_interfaces) StdoutLine: {'line': b'-- Symlinking: /home/jnu/go2_ws/install/go2_interfaces/include/go2_interfaces/go2_interfaces/srv/detail/get_brightness__rosidl_typesupport_fastrtps_c.h\n'}
[8.939807] (unitree_go) StdoutLine: {'line': b'-- Symlinking: /home/jnu/go2_ws/install/unitree_go/include/unitree_go/unitree_go/msg/detail/motor_cmd__rosidl_typesupport_fastrtps_c.h\n'}
[8.940779] (go2_interfaces) StdoutLine: {'line': b'-- Symlinking: /home/jnu/go2_ws/install/go2_interfaces/include/go2_interfaces/go2_interfaces/srv/detail/get_foot_raise_height__rosidl_typesupport_fastrtps_c.h\n'}
[8.944404] (unitree_go) StdoutLine: {'line': b'-- Symlinking: /home/jnu/go2_ws/install/unitree_go/include/unitree_go/unitree_go/msg/detail/motor_cmds__rosidl_typesupport_fastrtps_c.h\n'}
[8.945319] (go2_interfaces) StdoutLine: {'line': b'-- Symlinking: /home/jnu/go2_ws/install/go2_interfaces/include/go2_interfaces/go2_interfaces/srv/detail/get_speed_level__rosidl_typesupport_fastrtps_c.h\n'}
[8.948279] (unitree_go) StdoutLine: {'line': b'-- Symlinking: /home/jnu/go2_ws/install/unitree_go/include/unitree_go/unitree_go/msg/detail/motor_state__rosidl_typesupport_fastrtps_c.h\n'}
[8.949599] (go2_interfaces) StdoutLine: {'line': b'-- Symlinking: /home/jnu/go2_ws/install/go2_interfaces/include/go2_interfaces/go2_interfaces/srv/detail/get_state__rosidl_typesupport_fastrtps_c.h\n'}
[8.952715] (unitree_go) StdoutLine: {'line': b'-- Symlinking: /home/jnu/go2_ws/install/unitree_go/include/unitree_go/unitree_go/msg/detail/motor_states__rosidl_typesupport_fastrtps_c.h\n'}
[8.954324] (go2_interfaces) StdoutLine: {'line': b'-- Symlinking: /home/jnu/go2_ws/install/go2_interfaces/include/go2_interfaces/go2_interfaces/srv/detail/get_switch__rosidl_typesupport_fastrtps_c.h\n'}
[8.958170] (unitree_go) StdoutLine: {'line': b'-- Symlinking: /home/jnu/go2_ws/install/unitree_go/include/unitree_go/unitree_go/msg/detail/path_point__rosidl_typesupport_fastrtps_c.h\n'}
[8.959791] (go2_interfaces) StdoutLine: {'line': b'-- Symlinking: /home/jnu/go2_ws/install/go2_interfaces/include/go2_interfaces/go2_interfaces/srv/detail/get_switch_obstacles_avoidance__rosidl_typesupport_fastrtps_c.h\n'}
[8.963702] (unitree_go) StdoutLine: {'line': b'-- Symlinking: /home/jnu/go2_ws/install/unitree_go/include/unitree_go/unitree_go/msg/detail/req__rosidl_typesupport_fastrtps_c.h\n'}
[8.965231] (go2_interfaces) StdoutLine: {'line': b'-- Symlinking: /home/jnu/go2_ws/install/go2_interfaces/include/go2_interfaces/go2_interfaces/srv/detail/get_volume__rosidl_typesupport_fastrtps_c.h\n'}
[8.968395] (unitree_go) StdoutLine: {'line': b'-- Symlinking: /home/jnu/go2_ws/install/unitree_go/include/unitree_go/unitree_go/msg/detail/res__rosidl_typesupport_fastrtps_c.h\n'}
[8.969250] (go2_interfaces) StdoutLine: {'line': b'-- Symlinking: /home/jnu/go2_ws/install/go2_interfaces/include/go2_interfaces/go2_interfaces/srv/detail/mode__rosidl_typesupport_fastrtps_c.h\n'}
[8.972293] (unitree_go) StdoutLine: {'line': b'-- Symlinking: /home/jnu/go2_ws/install/unitree_go/include/unitree_go/unitree_go/msg/detail/sport_mode_cmd__rosidl_typesupport_fastrtps_c.h\n'}
[8.973819] (go2_interfaces) StdoutLine: {'line': b'-- Symlinking: /home/jnu/go2_ws/install/go2_interfaces/include/go2_interfaces/go2_interfaces/srv/detail/pose__rosidl_typesupport_fastrtps_c.h\n'}
[8.977498] (unitree_go) StdoutLine: {'line': b'-- Symlinking: /home/jnu/go2_ws/install/unitree_go/include/unitree_go/unitree_go/msg/detail/sport_mode_state__rosidl_typesupport_fastrtps_c.h\n'}
[8.977729] (go2_interfaces) StdoutLine: {'line': b'-- Symlinking: /home/jnu/go2_ws/install/go2_interfaces/include/go2_interfaces/go2_interfaces/srv/detail/say__rosidl_typesupport_fastrtps_c.h\n'}
[8.981567] (unitree_go) StdoutLine: {'line': b'-- Symlinking: /home/jnu/go2_ws/install/unitree_go/include/unitree_go/unitree_go/msg/detail/time_spec__rosidl_typesupport_fastrtps_c.h\n'}
[8.981895] (go2_interfaces) StdoutLine: {'line': b'-- Symlinking: /home/jnu/go2_ws/install/go2_interfaces/include/go2_interfaces/go2_interfaces/srv/detail/set_brightness__rosidl_typesupport_fastrtps_c.h\n'}
[8.985692] (go2_interfaces) StdoutLine: {'line': b'-- Symlinking: /home/jnu/go2_ws/install/go2_interfaces/include/go2_interfaces/go2_interfaces/srv/detail/set_switch__rosidl_typesupport_fastrtps_c.h\n'}
[8.987211] (unitree_go) StdoutLine: {'line': b'-- Symlinking: /home/jnu/go2_ws/install/unitree_go/include/unitree_go/unitree_go/msg/detail/uwb_state__rosidl_typesupport_fastrtps_c.h\n'}
[8.989794] (go2_interfaces) StdoutLine: {'line': b'-- Symlinking: /home/jnu/go2_ws/install/go2_interfaces/include/go2_interfaces/go2_interfaces/srv/detail/set_switch_obstacles_avoidance__rosidl_typesupport_fastrtps_c.h\n'}
[8.992508] (unitree_go) StdoutLine: {'line': b'-- Symlinking: /home/jnu/go2_ws/install/unitree_go/include/unitree_go/unitree_go/msg/detail/uwb_switch__rosidl_typesupport_fastrtps_c.h\n'}
[8.993464] (go2_interfaces) StdoutLine: {'line': b'-- Symlinking: /home/jnu/go2_ws/install/go2_interfaces/include/go2_interfaces/go2_interfaces/srv/detail/set_volume__rosidl_typesupport_fastrtps_c.h\n'}
[8.997167] (unitree_go) StdoutLine: {'line': b'-- Symlinking: /home/jnu/go2_ws/install/unitree_go/include/unitree_go/unitree_go/msg/detail/voxel_height_map_state__rosidl_typesupport_fastrtps_c.h\n'}
[8.997789] (go2_interfaces) StdoutLine: {'line': b'-- Symlinking: /home/jnu/go2_ws/install/go2_interfaces/include/go2_interfaces/go2_interfaces/srv/detail/speed_level__rosidl_typesupport_fastrtps_c.h\n'}
[9.001328] (unitree_go) StdoutLine: {'line': b'-- Symlinking: /home/jnu/go2_ws/install/unitree_go/include/unitree_go/unitree_go/msg/detail/voxel_map_compressed__rosidl_typesupport_fastrtps_c.h\n'}
[9.003213] (go2_interfaces) StdoutLine: {'line': b'-- Symlinking: /home/jnu/go2_ws/install/go2_interfaces/include/go2_interfaces/go2_interfaces/srv/detail/switch_gait__rosidl_typesupport_fastrtps_c.h\n'}
[9.005295] (unitree_go) StdoutLine: {'line': b'-- Symlinking: /home/jnu/go2_ws/install/unitree_go/include/unitree_go/unitree_go/msg/detail/wireless_controller__rosidl_typesupport_fastrtps_c.h\n'}
[9.007920] (go2_interfaces) StdoutLine: {'line': b'-- Symlinking: /home/jnu/go2_ws/install/go2_interfaces/include/go2_interfaces/go2_interfaces/srv/detail/switch_joystick__rosidl_typesupport_fastrtps_c.h\n'}
[9.009836] (unitree_go) StdoutLine: {'line': b'-- Symlinking: /home/jnu/go2_ws/install/unitree_go/include/unitree_go/unitree_go/msg/rosidl_typesupport_fastrtps_c__visibility_control.h\n'}
[9.012696] (go2_interfaces) StdoutLine: {'line': b'-- Symlinking: /home/jnu/go2_ws/install/go2_interfaces/include/go2_interfaces/go2_interfaces/msg/rosidl_typesupport_introspection_c__visibility_control.h\n'}
[9.014202] (unitree_go) StdoutLine: {'line': b'-- Symlinking: /home/jnu/go2_ws/install/unitree_go/include/unitree_go/unitree_go/msg/detail/audio_data__rosidl_typesupport_introspection_c.h\n'}
[9.016926] (go2_interfaces) StdoutLine: {'line': b'-- Symlinking: /home/jnu/go2_ws/install/go2_interfaces/include/go2_interfaces/go2_interfaces/srv/detail/body_height__rosidl_typesupport_introspection_c.h\n'}
[9.017901] (unitree_go) StdoutLine: {'line': b'-- Symlinking: /home/jnu/go2_ws/install/unitree_go/include/unitree_go/unitree_go/msg/detail/bms_cmd__rosidl_typesupport_introspection_c.h\n'}
[9.020997] (go2_interfaces) StdoutLine: {'line': b'-- Symlinking: /home/jnu/go2_ws/install/go2_interfaces/include/go2_interfaces/go2_interfaces/srv/detail/continuous_gait__rosidl_typesupport_introspection_c.h\n'}
[9.022038] (unitree_go) StdoutLine: {'line': b'-- Symlinking: /home/jnu/go2_ws/install/unitree_go/include/unitree_go/unitree_go/msg/detail/bms_state__rosidl_typesupport_introspection_c.h\n'}
[9.025228] (go2_interfaces) StdoutLine: {'line': b'-- Symlinking: /home/jnu/go2_ws/install/go2_interfaces/include/go2_interfaces/go2_interfaces/srv/detail/euler__rosidl_typesupport_introspection_c.h\n'}
[9.026221] (unitree_go) StdoutLine: {'line': b'-- Symlinking: /home/jnu/go2_ws/install/unitree_go/include/unitree_go/unitree_go/msg/detail/error__rosidl_typesupport_introspection_c.h\n'}
[9.029212] (go2_interfaces) StdoutLine: {'line': b'-- Symlinking: /home/jnu/go2_ws/install/go2_interfaces/include/go2_interfaces/go2_interfaces/srv/detail/foot_raise_height__rosidl_typesupport_introspection_c.h\n'}
[9.031748] (unitree_go) StdoutLine: {'line': b'-- Symlinking: /home/jnu/go2_ws/install/unitree_go/include/unitree_go/unitree_go/msg/detail/go2_front_video_data__rosidl_typesupport_introspection_c.h\n'}
[9.031824] (-) TimerEvent: {}
[9.033220] (go2_interfaces) StdoutLine: {'line': b'-- Symlinking: /home/jnu/go2_ws/install/go2_interfaces/include/go2_interfaces/go2_interfaces/srv/detail/get_body_height__rosidl_typesupport_introspection_c.h\n'}
[9.036422] (unitree_go) StdoutLine: {'line': b'-- Symlinking: /home/jnu/go2_ws/install/unitree_go/include/unitree_go/unitree_go/msg/detail/height_map__rosidl_typesupport_introspection_c.h\n'}
[9.037301] (go2_interfaces) StdoutLine: {'line': b'-- Symlinking: /home/jnu/go2_ws/install/go2_interfaces/include/go2_interfaces/go2_interfaces/srv/detail/get_brightness__rosidl_typesupport_introspection_c.h\n'}
[9.041102] (unitree_go) StdoutLine: {'line': b'-- Symlinking: /home/jnu/go2_ws/install/unitree_go/include/unitree_go/unitree_go/msg/detail/imu_state__rosidl_typesupport_introspection_c.h\n'}
[9.041331] (go2_interfaces) StdoutLine: {'line': b'-- Symlinking: /home/jnu/go2_ws/install/go2_interfaces/include/go2_interfaces/go2_interfaces/srv/detail/get_foot_raise_height__rosidl_typesupport_introspection_c.h\n'}
[9.044779] (unitree_go) StdoutLine: {'line': b'-- Symlinking: /home/jnu/go2_ws/install/unitree_go/include/unitree_go/unitree_go/msg/detail/interface_config__rosidl_typesupport_introspection_c.h\n'}
[9.045393] (go2_interfaces) StdoutLine: {'line': b'-- Symlinking: /home/jnu/go2_ws/install/go2_interfaces/include/go2_interfaces/go2_interfaces/srv/detail/get_speed_level__rosidl_typesupport_introspection_c.h\n'}
[9.048960] (unitree_go) StdoutLine: {'line': b'-- Symlinking: /home/jnu/go2_ws/install/unitree_go/include/unitree_go/unitree_go/msg/detail/lidar_state__rosidl_typesupport_introspection_c.h\n'}
[9.050102] (go2_interfaces) StdoutLine: {'line': b'-- Symlinking: /home/jnu/go2_ws/install/go2_interfaces/include/go2_interfaces/go2_interfaces/srv/detail/get_state__rosidl_typesupport_introspection_c.h\n'}
[9.053529] (unitree_go) StdoutLine: {'line': b'-- Symlinking: /home/jnu/go2_ws/install/unitree_go/include/unitree_go/unitree_go/msg/detail/low_cmd__rosidl_typesupport_introspection_c.h\n'}
[9.055772] (go2_interfaces) StdoutLine: {'line': b'-- Symlinking: /home/jnu/go2_ws/install/go2_interfaces/include/go2_interfaces/go2_interfaces/srv/detail/get_switch__rosidl_typesupport_introspection_c.h\n'}
[9.057439] (unitree_go) StdoutLine: {'line': b'-- Symlinking: /home/jnu/go2_ws/install/unitree_go/include/unitree_go/unitree_go/msg/detail/low_state__rosidl_typesupport_introspection_c.h\n'}
[9.060761] (go2_interfaces) StdoutLine: {'line': b'-- Symlinking: /home/jnu/go2_ws/install/go2_interfaces/include/go2_interfaces/go2_interfaces/srv/detail/get_switch_obstacles_avoidance__rosidl_typesupport_introspection_c.h\n'}
[9.063149] (unitree_go) StdoutLine: {'line': b'-- Symlinking: /home/jnu/go2_ws/install/unitree_go/include/unitree_go/unitree_go/msg/detail/motor_cmd__rosidl_typesupport_introspection_c.h\n'}
[9.065191] (go2_interfaces) StdoutLine: {'line': b'-- Symlinking: /home/jnu/go2_ws/install/go2_interfaces/include/go2_interfaces/go2_interfaces/srv/detail/get_volume__rosidl_typesupport_introspection_c.h\n'}
[9.067127] (unitree_go) StdoutLine: {'line': b'-- Symlinking: /home/jnu/go2_ws/install/unitree_go/include/unitree_go/unitree_go/msg/detail/motor_cmds__rosidl_typesupport_introspection_c.h\n'}
[9.069632] (go2_interfaces) StdoutLine: {'line': b'-- Symlinking: /home/jnu/go2_ws/install/go2_interfaces/include/go2_interfaces/go2_interfaces/srv/detail/mode__rosidl_typesupport_introspection_c.h\n'}
[9.072144] (unitree_go) StdoutLine: {'line': b'-- Symlinking: /home/jnu/go2_ws/install/unitree_go/include/unitree_go/unitree_go/msg/detail/motor_state__rosidl_typesupport_introspection_c.h\n'}
[9.075255] (go2_interfaces) StdoutLine: {'line': b'-- Symlinking: /home/jnu/go2_ws/install/go2_interfaces/include/go2_interfaces/go2_interfaces/srv/detail/pose__rosidl_typesupport_introspection_c.h\n'}
[9.076891] (unitree_go) StdoutLine: {'line': b'-- Symlinking: /home/jnu/go2_ws/install/unitree_go/include/unitree_go/unitree_go/msg/detail/motor_states__rosidl_typesupport_introspection_c.h\n'}
[9.080066] (go2_interfaces) StdoutLine: {'line': b'-- Symlinking: /home/jnu/go2_ws/install/go2_interfaces/include/go2_interfaces/go2_interfaces/srv/detail/say__rosidl_typesupport_introspection_c.h\n'}
[9.082396] (unitree_go) StdoutLine: {'line': b'-- Symlinking: /home/jnu/go2_ws/install/unitree_go/include/unitree_go/unitree_go/msg/detail/path_point__rosidl_typesupport_introspection_c.h\n'}
[9.084168] (go2_interfaces) StdoutLine: {'line': b'-- Symlinking: /home/jnu/go2_ws/install/go2_interfaces/include/go2_interfaces/go2_interfaces/srv/detail/set_brightness__rosidl_typesupport_introspection_c.h\n'}
[9.086880] (unitree_go) StdoutLine: {'line': b'-- Symlinking: /home/jnu/go2_ws/install/unitree_go/include/unitree_go/unitree_go/msg/detail/req__rosidl_typesupport_introspection_c.h\n'}
[9.088690] (go2_interfaces) StdoutLine: {'line': b'-- Symlinking: /home/jnu/go2_ws/install/go2_interfaces/include/go2_interfaces/go2_interfaces/srv/detail/set_switch__rosidl_typesupport_introspection_c.h\n'}
[9.091504] (unitree_go) StdoutLine: {'line': b'-- Symlinking: /home/jnu/go2_ws/install/unitree_go/include/unitree_go/unitree_go/msg/detail/res__rosidl_typesupport_introspection_c.h\n'}
[9.093329] (go2_interfaces) StdoutLine: {'line': b'-- Symlinking: /home/jnu/go2_ws/install/go2_interfaces/include/go2_interfaces/go2_interfaces/srv/detail/set_switch_obstacles_avoidance__rosidl_typesupport_introspection_c.h\n'}
[9.095318] (unitree_go) StdoutLine: {'line': b'-- Symlinking: /home/jnu/go2_ws/install/unitree_go/include/unitree_go/unitree_go/msg/detail/sport_mode_cmd__rosidl_typesupport_introspection_c.h\n'}
[9.097276] (go2_interfaces) StdoutLine: {'line': b'-- Symlinking: /home/jnu/go2_ws/install/go2_interfaces/include/go2_interfaces/go2_interfaces/srv/detail/set_volume__rosidl_typesupport_introspection_c.h\n'}
[9.100377] (unitree_go) StdoutLine: {'line': b'-- Symlinking: /home/jnu/go2_ws/install/unitree_go/include/unitree_go/unitree_go/msg/detail/sport_mode_state__rosidl_typesupport_introspection_c.h\n'}
[9.103067] (go2_interfaces) StdoutLine: {'line': b'-- Symlinking: /home/jnu/go2_ws/install/go2_interfaces/include/go2_interfaces/go2_interfaces/srv/detail/speed_level__rosidl_typesupport_introspection_c.h\n'}
[9.105259] (unitree_go) StdoutLine: {'line': b'-- Symlinking: /home/jnu/go2_ws/install/unitree_go/include/unitree_go/unitree_go/msg/detail/time_spec__rosidl_typesupport_introspection_c.h\n'}
[9.109052] (go2_interfaces) StdoutLine: {'line': b'-- Symlinking: /home/jnu/go2_ws/install/go2_interfaces/include/go2_interfaces/go2_interfaces/srv/detail/switch_gait__rosidl_typesupport_introspection_c.h\n'}
[9.109440] (unitree_go) StdoutLine: {'line': b'-- Symlinking: /home/jnu/go2_ws/install/unitree_go/include/unitree_go/unitree_go/msg/detail/uwb_state__rosidl_typesupport_introspection_c.h\n'}
[9.114895] (go2_interfaces) StdoutLine: {'line': b'-- Symlinking: /home/jnu/go2_ws/install/go2_interfaces/include/go2_interfaces/go2_interfaces/srv/detail/switch_joystick__rosidl_typesupport_introspection_c.h\n'}
[9.115003] (unitree_go) StdoutLine: {'line': b'-- Symlinking: /home/jnu/go2_ws/install/unitree_go/include/unitree_go/unitree_go/msg/detail/uwb_switch__rosidl_typesupport_introspection_c.h\n'}
[9.119463] (unitree_go) StdoutLine: {'line': b'-- Symlinking: /home/jnu/go2_ws/install/unitree_go/include/unitree_go/unitree_go/msg/detail/voxel_height_map_state__rosidl_typesupport_introspection_c.h\n'}
[9.120258] (go2_interfaces) StdoutLine: {'line': b'-- Symlinking: /home/jnu/go2_ws/install/go2_interfaces/include/go2_interfaces/go2_interfaces/msg/rosidl_generator_cpp__visibility_control.hpp\n'}
[9.123961] (unitree_go) StdoutLine: {'line': b'-- Symlinking: /home/jnu/go2_ws/install/unitree_go/include/unitree_go/unitree_go/msg/detail/voxel_map_compressed__rosidl_typesupport_introspection_c.h\n'}
[9.125247] (go2_interfaces) StdoutLine: {'line': b'-- Symlinking: /home/jnu/go2_ws/install/go2_interfaces/include/go2_interfaces/go2_interfaces/srv/body_height.hpp\n'}
[9.129615] (unitree_go) StdoutLine: {'line': b'-- Symlinking: /home/jnu/go2_ws/install/unitree_go/include/unitree_go/unitree_go/msg/detail/wireless_controller__rosidl_typesupport_introspection_c.h\n'}
[9.130999] (go2_interfaces) StdoutLine: {'line': b'-- Symlinking: /home/jnu/go2_ws/install/go2_interfaces/include/go2_interfaces/go2_interfaces/srv/continuous_gait.hpp\n'}
[9.131890] (-) TimerEvent: {}
[9.134278] (unitree_go) StdoutLine: {'line': b'-- Symlinking: /home/jnu/go2_ws/install/unitree_go/include/unitree_go/unitree_go/msg/rosidl_typesupport_introspection_c__visibility_control.h\n'}
[9.135035] (go2_interfaces) StdoutLine: {'line': b'-- Symlinking: /home/jnu/go2_ws/install/go2_interfaces/include/go2_interfaces/go2_interfaces/srv/detail/body_height__builder.hpp\n'}
[9.139432] (unitree_go) StdoutLine: {'line': b'-- Symlinking: /home/jnu/go2_ws/install/unitree_go/include/unitree_go/unitree_go/msg/audio_data.hpp\n'}
[9.140513] (go2_interfaces) StdoutLine: {'line': b'-- Symlinking: /home/jnu/go2_ws/install/go2_interfaces/include/go2_interfaces/go2_interfaces/srv/detail/body_height__struct.hpp\n'}
[9.143203] (unitree_go) StdoutLine: {'line': b'-- Symlinking: /home/jnu/go2_ws/install/unitree_go/include/unitree_go/unitree_go/msg/bms_cmd.hpp\n'}
[9.144542] (go2_interfaces) StdoutLine: {'line': b'-- Symlinking: /home/jnu/go2_ws/install/go2_interfaces/include/go2_interfaces/go2_interfaces/srv/detail/body_height__traits.hpp\n'}
[9.146758] (unitree_go) StdoutLine: {'line': b'-- Symlinking: /home/jnu/go2_ws/install/unitree_go/include/unitree_go/unitree_go/msg/bms_state.hpp\n'}
[9.148749] (go2_interfaces) StdoutLine: {'line': b'-- Symlinking: /home/jnu/go2_ws/install/go2_interfaces/include/go2_interfaces/go2_interfaces/srv/detail/body_height__type_support.hpp\n'}
[9.150518] (unitree_go) StdoutLine: {'line': b'-- Symlinking: /home/jnu/go2_ws/install/unitree_go/include/unitree_go/unitree_go/msg/detail/audio_data__builder.hpp\n'}
[9.154356] (go2_interfaces) StdoutLine: {'line': b'-- Symlinking: /home/jnu/go2_ws/install/go2_interfaces/include/go2_interfaces/go2_interfaces/srv/detail/continuous_gait__builder.hpp\n'}
[9.156264] (unitree_go) StdoutLine: {'line': b'-- Symlinking: /home/jnu/go2_ws/install/unitree_go/include/unitree_go/unitree_go/msg/detail/audio_data__struct.hpp\n'}
[9.159186] (go2_interfaces) StdoutLine: {'line': b'-- Symlinking: /home/jnu/go2_ws/install/go2_interfaces/include/go2_interfaces/go2_interfaces/srv/detail/continuous_gait__struct.hpp\n'}
[9.160899] (unitree_go) StdoutLine: {'line': b'-- Symlinking: /home/jnu/go2_ws/install/unitree_go/include/unitree_go/unitree_go/msg/detail/audio_data__traits.hpp\n'}
[9.163658] (go2_interfaces) StdoutLine: {'line': b'-- Symlinking: /home/jnu/go2_ws/install/go2_interfaces/include/go2_interfaces/go2_interfaces/srv/detail/continuous_gait__traits.hpp\n'}
[9.166534] (unitree_go) StdoutLine: {'line': b'-- Symlinking: /home/jnu/go2_ws/install/unitree_go/include/unitree_go/unitree_go/msg/detail/audio_data__type_support.hpp\n'}
[9.168011] (go2_interfaces) StdoutLine: {'line': b'-- Symlinking: /home/jnu/go2_ws/install/go2_interfaces/include/go2_interfaces/go2_interfaces/srv/detail/continuous_gait__type_support.hpp\n'}
[9.171330] (unitree_go) StdoutLine: {'line': b'-- Symlinking: /home/jnu/go2_ws/install/unitree_go/include/unitree_go/unitree_go/msg/detail/bms_cmd__builder.hpp\n'}
[9.172700] (go2_interfaces) StdoutLine: {'line': b'-- Symlinking: /home/jnu/go2_ws/install/go2_interfaces/include/go2_interfaces/go2_interfaces/srv/detail/euler__builder.hpp\n'}
[9.175745] (unitree_go) StdoutLine: {'line': b'-- Symlinking: /home/jnu/go2_ws/install/unitree_go/include/unitree_go/unitree_go/msg/detail/bms_cmd__struct.hpp\n'}
[9.178407] (go2_interfaces) StdoutLine: {'line': b'-- Symlinking: /home/jnu/go2_ws/install/go2_interfaces/include/go2_interfaces/go2_interfaces/srv/detail/euler__struct.hpp\n'}
[9.181395] (unitree_go) StdoutLine: {'line': b'-- Symlinking: /home/jnu/go2_ws/install/unitree_go/include/unitree_go/unitree_go/msg/detail/bms_cmd__traits.hpp\n'}
[9.184066] (go2_interfaces) StdoutLine: {'line': b'-- Symlinking: /home/jnu/go2_ws/install/go2_interfaces/include/go2_interfaces/go2_interfaces/srv/detail/euler__traits.hpp\n'}
[9.185521] (unitree_go) StdoutLine: {'line': b'-- Symlinking: /home/jnu/go2_ws/install/unitree_go/include/unitree_go/unitree_go/msg/detail/bms_cmd__type_support.hpp\n'}
[9.188655] (go2_interfaces) StdoutLine: {'line': b'-- Symlinking: /home/jnu/go2_ws/install/go2_interfaces/include/go2_interfaces/go2_interfaces/srv/detail/euler__type_support.hpp\n'}
[9.190095] (unitree_go) StdoutLine: {'line': b'-- Symlinking: /home/jnu/go2_ws/install/unitree_go/include/unitree_go/unitree_go/msg/detail/bms_state__builder.hpp\n'}
[9.192685] (go2_interfaces) StdoutLine: {'line': b'-- Symlinking: /home/jnu/go2_ws/install/go2_interfaces/include/go2_interfaces/go2_interfaces/srv/detail/foot_raise_height__builder.hpp\n'}
[9.194639] (unitree_go) StdoutLine: {'line': b'-- Symlinking: /home/jnu/go2_ws/install/unitree_go/include/unitree_go/unitree_go/msg/detail/bms_state__struct.hpp\n'}
[9.197319] (go2_interfaces) StdoutLine: {'line': b'-- Symlinking: /home/jnu/go2_ws/install/go2_interfaces/include/go2_interfaces/go2_interfaces/srv/detail/foot_raise_height__struct.hpp\n'}
[9.198627] (unitree_go) StdoutLine: {'line': b'-- Symlinking: /home/jnu/go2_ws/install/unitree_go/include/unitree_go/unitree_go/msg/detail/bms_state__traits.hpp\n'}
[9.201452] (go2_interfaces) StdoutLine: {'line': b'-- Symlinking: /home/jnu/go2_ws/install/go2_interfaces/include/go2_interfaces/go2_interfaces/srv/detail/foot_raise_height__traits.hpp\n'}
[9.202535] (unitree_go) StdoutLine: {'line': b'-- Symlinking: /home/jnu/go2_ws/install/unitree_go/include/unitree_go/unitree_go/msg/detail/bms_state__type_support.hpp\n'}
[9.205472] (go2_interfaces) StdoutLine: {'line': b'-- Symlinking: /home/jnu/go2_ws/install/go2_interfaces/include/go2_interfaces/go2_interfaces/srv/detail/foot_raise_height__type_support.hpp\n'}
[9.208105] (unitree_go) StdoutLine: {'line': b'-- Symlinking: /home/jnu/go2_ws/install/unitree_go/include/unitree_go/unitree_go/msg/detail/error__builder.hpp\n'}
[9.211269] (go2_interfaces) StdoutLine: {'line': b'-- Symlinking: /home/jnu/go2_ws/install/go2_interfaces/include/go2_interfaces/go2_interfaces/srv/detail/get_body_height__builder.hpp\n'}
[9.213074] (unitree_go) StdoutLine: {'line': b'-- Symlinking: /home/jnu/go2_ws/install/unitree_go/include/unitree_go/unitree_go/msg/detail/error__struct.hpp\n'}
[9.216915] (go2_interfaces) StdoutLine: {'line': b'-- Symlinking: /home/jnu/go2_ws/install/go2_interfaces/include/go2_interfaces/go2_interfaces/srv/detail/get_body_height__struct.hpp\n'}
[9.217288] (unitree_go) StdoutLine: {'line': b'-- Symlinking: /home/jnu/go2_ws/install/unitree_go/include/unitree_go/unitree_go/msg/detail/error__traits.hpp\n'}
[9.222184] (go2_interfaces) StdoutLine: {'line': b'-- Symlinking: /home/jnu/go2_ws/install/go2_interfaces/include/go2_interfaces/go2_interfaces/srv/detail/get_body_height__traits.hpp\n'}
[9.222884] (unitree_go) StdoutLine: {'line': b'-- Symlinking: /home/jnu/go2_ws/install/unitree_go/include/unitree_go/unitree_go/msg/detail/error__type_support.hpp\n'}
[9.226654] (go2_interfaces) StdoutLine: {'line': b'-- Symlinking: /home/jnu/go2_ws/install/go2_interfaces/include/go2_interfaces/go2_interfaces/srv/detail/get_body_height__type_support.hpp\n'}
[9.227235] (unitree_go) StdoutLine: {'line': b'-- Symlinking: /home/jnu/go2_ws/install/unitree_go/include/unitree_go/unitree_go/msg/detail/go2_front_video_data__builder.hpp\n'}
[9.231973] (-) TimerEvent: {}
[9.232364] (go2_interfaces) StdoutLine: {'line': b'-- Symlinking: /home/jnu/go2_ws/install/go2_interfaces/include/go2_interfaces/go2_interfaces/srv/detail/get_brightness__builder.hpp\n'}
[9.232906] (unitree_go) StdoutLine: {'line': b'-- Symlinking: /home/jnu/go2_ws/install/unitree_go/include/unitree_go/unitree_go/msg/detail/go2_front_video_data__struct.hpp\n'}
[9.238272] (go2_interfaces) StdoutLine: {'line': b'-- Symlinking: /home/jnu/go2_ws/install/go2_interfaces/include/go2_interfaces/go2_interfaces/srv/detail/get_brightness__struct.hpp\n'}
[9.238377] (unitree_go) StdoutLine: {'line': b'-- Symlinking: /home/jnu/go2_ws/install/unitree_go/include/unitree_go/unitree_go/msg/detail/go2_front_video_data__traits.hpp\n'}
[9.242649] (unitree_go) StdoutLine: {'line': b'-- Symlinking: /home/jnu/go2_ws/install/unitree_go/include/unitree_go/unitree_go/msg/detail/go2_front_video_data__type_support.hpp\n'}
[9.244269] (go2_interfaces) StdoutLine: {'line': b'-- Symlinking: /home/jnu/go2_ws/install/go2_interfaces/include/go2_interfaces/go2_interfaces/srv/detail/get_brightness__traits.hpp\n'}
[9.247087] (unitree_go) StdoutLine: {'line': b'-- Symlinking: /home/jnu/go2_ws/install/unitree_go/include/unitree_go/unitree_go/msg/detail/height_map__builder.hpp\n'}
[9.249161] (go2_interfaces) StdoutLine: {'line': b'-- Symlinking: /home/jnu/go2_ws/install/go2_interfaces/include/go2_interfaces/go2_interfaces/srv/detail/get_brightness__type_support.hpp\n'}
[9.250922] (unitree_go) StdoutLine: {'line': b'-- Symlinking: /home/jnu/go2_ws/install/unitree_go/include/unitree_go/unitree_go/msg/detail/height_map__struct.hpp\n'}
[9.253907] (go2_interfaces) StdoutLine: {'line': b'-- Symlinking: /home/jnu/go2_ws/install/go2_interfaces/include/go2_interfaces/go2_interfaces/srv/detail/get_foot_raise_height__builder.hpp\n'}
[9.256755] (unitree_go) StdoutLine: {'line': b'-- Symlinking: /home/jnu/go2_ws/install/unitree_go/include/unitree_go/unitree_go/msg/detail/height_map__traits.hpp\n'}
[9.258312] (go2_interfaces) StdoutLine: {'line': b'-- Symlinking: /home/jnu/go2_ws/install/go2_interfaces/include/go2_interfaces/go2_interfaces/srv/detail/get_foot_raise_height__struct.hpp\n'}
[9.262358] (unitree_go) StdoutLine: {'line': b'-- Symlinking: /home/jnu/go2_ws/install/unitree_go/include/unitree_go/unitree_go/msg/detail/height_map__type_support.hpp\n'}
[9.263223] (go2_interfaces) StdoutLine: {'line': b'-- Symlinking: /home/jnu/go2_ws/install/go2_interfaces/include/go2_interfaces/go2_interfaces/srv/detail/get_foot_raise_height__traits.hpp\n'}
[9.266612] (unitree_go) StdoutLine: {'line': b'-- Symlinking: /home/jnu/go2_ws/install/unitree_go/include/unitree_go/unitree_go/msg/detail/imu_state__builder.hpp\n'}
[9.267431] (go2_interfaces) StdoutLine: {'line': b'-- Symlinking: /home/jnu/go2_ws/install/go2_interfaces/include/go2_interfaces/go2_interfaces/srv/detail/get_foot_raise_height__type_support.hpp\n'}
[9.271090] (unitree_go) StdoutLine: {'line': b'-- Symlinking: /home/jnu/go2_ws/install/unitree_go/include/unitree_go/unitree_go/msg/detail/imu_state__struct.hpp\n'}
[9.271633] (go2_interfaces) StdoutLine: {'line': b'-- Symlinking: /home/jnu/go2_ws/install/go2_interfaces/include/go2_interfaces/go2_interfaces/srv/detail/get_speed_level__builder.hpp\n'}
[9.274905] (unitree_go) StdoutLine: {'line': b'-- Symlinking: /home/jnu/go2_ws/install/unitree_go/include/unitree_go/unitree_go/msg/detail/imu_state__traits.hpp\n'}
[9.275607] (go2_interfaces) StdoutLine: {'line': b'-- Symlinking: /home/jnu/go2_ws/install/go2_interfaces/include/go2_interfaces/go2_interfaces/srv/detail/get_speed_level__struct.hpp\n'}
[9.278576] (unitree_go) StdoutLine: {'line': b'-- Symlinking: /home/jnu/go2_ws/install/unitree_go/include/unitree_go/unitree_go/msg/detail/imu_state__type_support.hpp\n'}
[9.280106] (go2_interfaces) StdoutLine: {'line': b'-- Symlinking: /home/jnu/go2_ws/install/go2_interfaces/include/go2_interfaces/go2_interfaces/srv/detail/get_speed_level__traits.hpp\n'}
[9.282953] (unitree_go) StdoutLine: {'line': b'-- Symlinking: /home/jnu/go2_ws/install/unitree_go/include/unitree_go/unitree_go/msg/detail/interface_config__builder.hpp\n'}
[9.284814] (go2_interfaces) StdoutLine: {'line': b'-- Symlinking: /home/jnu/go2_ws/install/go2_interfaces/include/go2_interfaces/go2_interfaces/srv/detail/get_speed_level__type_support.hpp\n'}
[9.288578] (unitree_go) StdoutLine: {'line': b'-- Symlinking: /home/jnu/go2_ws/install/unitree_go/include/unitree_go/unitree_go/msg/detail/interface_config__struct.hpp\n'}
[9.290376] (go2_interfaces) StdoutLine: {'line': b'-- Symlinking: /home/jnu/go2_ws/install/go2_interfaces/include/go2_interfaces/go2_interfaces/srv/detail/get_state__builder.hpp\n'}
[9.292574] (unitree_go) StdoutLine: {'line': b'-- Symlinking: /home/jnu/go2_ws/install/unitree_go/include/unitree_go/unitree_go/msg/detail/interface_config__traits.hpp\n'}
[9.295347] (go2_interfaces) StdoutLine: {'line': b'-- Symlinking: /home/jnu/go2_ws/install/go2_interfaces/include/go2_interfaces/go2_interfaces/srv/detail/get_state__struct.hpp\n'}
[9.297396] (unitree_go) StdoutLine: {'line': b'-- Symlinking: /home/jnu/go2_ws/install/unitree_go/include/unitree_go/unitree_go/msg/detail/interface_config__type_support.hpp\n'}
[9.299970] (go2_interfaces) StdoutLine: {'line': b'-- Symlinking: /home/jnu/go2_ws/install/go2_interfaces/include/go2_interfaces/go2_interfaces/srv/detail/get_state__traits.hpp\n'}
[9.302001] (unitree_go) StdoutLine: {'line': b'-- Symlinking: /home/jnu/go2_ws/install/unitree_go/include/unitree_go/unitree_go/msg/detail/lidar_state__builder.hpp\n'}
[9.303756] (go2_interfaces) StdoutLine: {'line': b'-- Symlinking: /home/jnu/go2_ws/install/go2_interfaces/include/go2_interfaces/go2_interfaces/srv/detail/get_state__type_support.hpp\n'}
[9.306237] (unitree_go) StdoutLine: {'line': b'-- Symlinking: /home/jnu/go2_ws/install/unitree_go/include/unitree_go/unitree_go/msg/detail/lidar_state__struct.hpp\n'}
[9.307578] (go2_interfaces) StdoutLine: {'line': b'-- Symlinking: /home/jnu/go2_ws/install/go2_interfaces/include/go2_interfaces/go2_interfaces/srv/detail/get_switch__builder.hpp\n'}
[9.311654] (unitree_go) StdoutLine: {'line': b'-- Symlinking: /home/jnu/go2_ws/install/unitree_go/include/unitree_go/unitree_go/msg/detail/lidar_state__traits.hpp\n'}
[9.313220] (go2_interfaces) StdoutLine: {'line': b'-- Symlinking: /home/jnu/go2_ws/install/go2_interfaces/include/go2_interfaces/go2_interfaces/srv/detail/get_switch__struct.hpp\n'}
[9.316408] (unitree_go) StdoutLine: {'line': b'-- Symlinking: /home/jnu/go2_ws/install/unitree_go/include/unitree_go/unitree_go/msg/detail/lidar_state__type_support.hpp\n'}
[9.318439] (go2_interfaces) StdoutLine: {'line': b'-- Symlinking: /home/jnu/go2_ws/install/go2_interfaces/include/go2_interfaces/go2_interfaces/srv/detail/get_switch__traits.hpp\n'}
[9.320460] (unitree_go) StdoutLine: {'line': b'-- Symlinking: /home/jnu/go2_ws/install/unitree_go/include/unitree_go/unitree_go/msg/detail/low_cmd__builder.hpp\n'}
[9.323607] (go2_interfaces) StdoutLine: {'line': b'-- Symlinking: /home/jnu/go2_ws/install/go2_interfaces/include/go2_interfaces/go2_interfaces/srv/detail/get_switch__type_support.hpp\n'}
[9.326225] (unitree_go) StdoutLine: {'line': b'-- Symlinking: /home/jnu/go2_ws/install/unitree_go/include/unitree_go/unitree_go/msg/detail/low_cmd__struct.hpp\n'}
[9.328750] (go2_interfaces) StdoutLine: {'line': b'-- Symlinking: /home/jnu/go2_ws/install/go2_interfaces/include/go2_interfaces/go2_interfaces/srv/detail/get_switch_obstacles_avoidance__builder.hpp\n'}
[9.330254] (unitree_go) StdoutLine: {'line': b'-- Symlinking: /home/jnu/go2_ws/install/unitree_go/include/unitree_go/unitree_go/msg/detail/low_cmd__traits.hpp\n'}
[9.332047] (-) TimerEvent: {}
[9.332994] (go2_interfaces) StdoutLine: {'line': b'-- Symlinking: /home/jnu/go2_ws/install/go2_interfaces/include/go2_interfaces/go2_interfaces/srv/detail/get_switch_obstacles_avoidance__struct.hpp\n'}
[9.336158] (unitree_go) StdoutLine: {'line': b'-- Symlinking: /home/jnu/go2_ws/install/unitree_go/include/unitree_go/unitree_go/msg/detail/low_cmd__type_support.hpp\n'}
[9.337612] (go2_interfaces) StdoutLine: {'line': b'-- Symlinking: /home/jnu/go2_ws/install/go2_interfaces/include/go2_interfaces/go2_interfaces/srv/detail/get_switch_obstacles_avoidance__traits.hpp\n'}
[9.340878] (unitree_go) StdoutLine: {'line': b'-- Symlinking: /home/jnu/go2_ws/install/unitree_go/include/unitree_go/unitree_go/msg/detail/low_state__builder.hpp\n'}
[9.342812] (go2_interfaces) StdoutLine: {'line': b'-- Symlinking: /home/jnu/go2_ws/install/go2_interfaces/include/go2_interfaces/go2_interfaces/srv/detail/get_switch_obstacles_avoidance__type_support.hpp\n'}
[9.344839] (unitree_go) StdoutLine: {'line': b'-- Symlinking: /home/jnu/go2_ws/install/unitree_go/include/unitree_go/unitree_go/msg/detail/low_state__struct.hpp\n'}
[9.348231] (go2_interfaces) StdoutLine: {'line': b'-- Symlinking: /home/jnu/go2_ws/install/go2_interfaces/include/go2_interfaces/go2_interfaces/srv/detail/get_volume__builder.hpp\n'}
[9.350754] (unitree_go) StdoutLine: {'line': b'-- Symlinking: /home/jnu/go2_ws/install/unitree_go/include/unitree_go/unitree_go/msg/detail/low_state__traits.hpp\n'}
[9.352701] (go2_interfaces) StdoutLine: {'line': b'-- Symlinking: /home/jnu/go2_ws/install/go2_interfaces/include/go2_interfaces/go2_interfaces/srv/detail/get_volume__struct.hpp\n'}
[9.355157] (unitree_go) StdoutLine: {'line': b'-- Symlinking: /home/jnu/go2_ws/install/unitree_go/include/unitree_go/unitree_go/msg/detail/low_state__type_support.hpp\n'}
[9.356976] (go2_interfaces) StdoutLine: {'line': b'-- Symlinking: /home/jnu/go2_ws/install/go2_interfaces/include/go2_interfaces/go2_interfaces/srv/detail/get_volume__traits.hpp\n'}
[9.360766] (unitree_go) StdoutLine: {'line': b'-- Symlinking: /home/jnu/go2_ws/install/unitree_go/include/unitree_go/unitree_go/msg/detail/motor_cmd__builder.hpp\n'}
[9.361977] (go2_interfaces) StdoutLine: {'line': b'-- Symlinking: /home/jnu/go2_ws/install/go2_interfaces/include/go2_interfaces/go2_interfaces/srv/detail/get_volume__type_support.hpp\n'}
[9.365219] (unitree_go) StdoutLine: {'line': b'-- Symlinking: /home/jnu/go2_ws/install/unitree_go/include/unitree_go/unitree_go/msg/detail/motor_cmd__struct.hpp\n'}
[9.365940] (go2_interfaces) StdoutLine: {'line': b'-- Symlinking: /home/jnu/go2_ws/install/go2_interfaces/include/go2_interfaces/go2_interfaces/srv/detail/mode__builder.hpp\n'}
[9.369672] (unitree_go) StdoutLine: {'line': b'-- Symlinking: /home/jnu/go2_ws/install/unitree_go/include/unitree_go/unitree_go/msg/detail/motor_cmd__traits.hpp\n'}
[9.371761] (go2_interfaces) StdoutLine: {'line': b'-- Symlinking: /home/jnu/go2_ws/install/go2_interfaces/include/go2_interfaces/go2_interfaces/srv/detail/mode__struct.hpp\n'}
[9.374098] (unitree_go) StdoutLine: {'line': b'-- Symlinking: /home/jnu/go2_ws/install/unitree_go/include/unitree_go/unitree_go/msg/detail/motor_cmd__type_support.hpp\n'}
[9.377211] (go2_interfaces) StdoutLine: {'line': b'-- Symlinking: /home/jnu/go2_ws/install/go2_interfaces/include/go2_interfaces/go2_interfaces/srv/detail/mode__traits.hpp\n'}
[9.379963] (unitree_go) StdoutLine: {'line': b'-- Symlinking: /home/jnu/go2_ws/install/unitree_go/include/unitree_go/unitree_go/msg/detail/motor_cmds__builder.hpp\n'}
[9.381713] (go2_interfaces) StdoutLine: {'line': b'-- Symlinking: /home/jnu/go2_ws/install/go2_interfaces/include/go2_interfaces/go2_interfaces/srv/detail/mode__type_support.hpp\n'}
[9.384424] (unitree_go) StdoutLine: {'line': b'-- Symlinking: /home/jnu/go2_ws/install/unitree_go/include/unitree_go/unitree_go/msg/detail/motor_cmds__struct.hpp\n'}
[9.386491] (go2_interfaces) StdoutLine: {'line': b'-- Symlinking: /home/jnu/go2_ws/install/go2_interfaces/include/go2_interfaces/go2_interfaces/srv/detail/pose__builder.hpp\n'}
[9.388602] (unitree_go) StdoutLine: {'line': b'-- Symlinking: /home/jnu/go2_ws/install/unitree_go/include/unitree_go/unitree_go/msg/detail/motor_cmds__traits.hpp\n'}
[9.391322] (go2_interfaces) StdoutLine: {'line': b'-- Symlinking: /home/jnu/go2_ws/install/go2_interfaces/include/go2_interfaces/go2_interfaces/srv/detail/pose__struct.hpp\n'}
[9.393055] (unitree_go) StdoutLine: {'line': b'-- Symlinking: /home/jnu/go2_ws/install/unitree_go/include/unitree_go/unitree_go/msg/detail/motor_cmds__type_support.hpp\n'}
[9.396499] (go2_interfaces) StdoutLine: {'line': b'-- Symlinking: /home/jnu/go2_ws/install/go2_interfaces/include/go2_interfaces/go2_interfaces/srv/detail/pose__traits.hpp\n'}
[9.397891] (unitree_go) StdoutLine: {'line': b'-- Symlinking: /home/jnu/go2_ws/install/unitree_go/include/unitree_go/unitree_go/msg/detail/motor_state__builder.hpp\n'}
[9.402304] (go2_interfaces) StdoutLine: {'line': b'-- Symlinking: /home/jnu/go2_ws/install/go2_interfaces/include/go2_interfaces/go2_interfaces/srv/detail/pose__type_support.hpp\n'}
[9.403746] (unitree_go) StdoutLine: {'line': b'-- Symlinking: /home/jnu/go2_ws/install/unitree_go/include/unitree_go/unitree_go/msg/detail/motor_state__struct.hpp\n'}
[9.406455] (go2_interfaces) StdoutLine: {'line': b'-- Symlinking: /home/jnu/go2_ws/install/go2_interfaces/include/go2_interfaces/go2_interfaces/srv/detail/say__builder.hpp\n'}
[9.409773] (unitree_go) StdoutLine: {'line': b'-- Symlinking: /home/jnu/go2_ws/install/unitree_go/include/unitree_go/unitree_go/msg/detail/motor_state__traits.hpp\n'}
[9.411432] (go2_interfaces) StdoutLine: {'line': b'-- Symlinking: /home/jnu/go2_ws/install/go2_interfaces/include/go2_interfaces/go2_interfaces/srv/detail/say__struct.hpp\n'}
[9.413796] (unitree_go) StdoutLine: {'line': b'-- Symlinking: /home/jnu/go2_ws/install/unitree_go/include/unitree_go/unitree_go/msg/detail/motor_state__type_support.hpp\n'}
[9.416401] (go2_interfaces) StdoutLine: {'line': b'-- Symlinking: /home/jnu/go2_ws/install/go2_interfaces/include/go2_interfaces/go2_interfaces/srv/detail/say__traits.hpp\n'}
[9.417769] (unitree_go) StdoutLine: {'line': b'-- Symlinking: /home/jnu/go2_ws/install/unitree_go/include/unitree_go/unitree_go/msg/detail/motor_states__builder.hpp\n'}
[9.421385] (go2_interfaces) StdoutLine: {'line': b'-- Symlinking: /home/jnu/go2_ws/install/go2_interfaces/include/go2_interfaces/go2_interfaces/srv/detail/say__type_support.hpp\n'}
[9.422443] (unitree_go) StdoutLine: {'line': b'-- Symlinking: /home/jnu/go2_ws/install/unitree_go/include/unitree_go/unitree_go/msg/detail/motor_states__struct.hpp\n'}
[9.426702] (go2_interfaces) StdoutLine: {'line': b'-- Symlinking: /home/jnu/go2_ws/install/go2_interfaces/include/go2_interfaces/go2_interfaces/srv/detail/set_brightness__builder.hpp\n'}
[9.428179] (unitree_go) StdoutLine: {'line': b'-- Symlinking: /home/jnu/go2_ws/install/unitree_go/include/unitree_go/unitree_go/msg/detail/motor_states__traits.hpp\n'}
[9.430692] (go2_interfaces) StdoutLine: {'line': b'-- Symlinking: /home/jnu/go2_ws/install/go2_interfaces/include/go2_interfaces/go2_interfaces/srv/detail/set_brightness__struct.hpp\n'}
[9.432119] (-) TimerEvent: {}
[9.433924] (unitree_go) StdoutLine: {'line': b'-- Symlinking: /home/jnu/go2_ws/install/unitree_go/include/unitree_go/unitree_go/msg/detail/motor_states__type_support.hpp\n'}
[9.436541] (go2_interfaces) StdoutLine: {'line': b'-- Symlinking: /home/jnu/go2_ws/install/go2_interfaces/include/go2_interfaces/go2_interfaces/srv/detail/set_brightness__traits.hpp\n'}
[9.437872] (unitree_go) StdoutLine: {'line': b'-- Symlinking: /home/jnu/go2_ws/install/unitree_go/include/unitree_go/unitree_go/msg/detail/path_point__builder.hpp\n'}
[9.441114] (go2_interfaces) StdoutLine: {'line': b'-- Symlinking: /home/jnu/go2_ws/install/go2_interfaces/include/go2_interfaces/go2_interfaces/srv/detail/set_brightness__type_support.hpp\n'}
[9.441793] (unitree_go) StdoutLine: {'line': b'-- Symlinking: /home/jnu/go2_ws/install/unitree_go/include/unitree_go/unitree_go/msg/detail/path_point__struct.hpp\n'}
[9.446842] (go2_interfaces) StdoutLine: {'line': b'-- Symlinking: /home/jnu/go2_ws/install/go2_interfaces/include/go2_interfaces/go2_interfaces/srv/detail/set_switch__builder.hpp\n'}
[9.447627] (unitree_go) StdoutLine: {'line': b'-- Symlinking: /home/jnu/go2_ws/install/unitree_go/include/unitree_go/unitree_go/msg/detail/path_point__traits.hpp\n'}
[9.451894] (go2_interfaces) StdoutLine: {'line': b'-- Symlinking: /home/jnu/go2_ws/install/go2_interfaces/include/go2_interfaces/go2_interfaces/srv/detail/set_switch__struct.hpp\n'}
[9.453710] (unitree_go) StdoutLine: {'line': b'-- Symlinking: /home/jnu/go2_ws/install/unitree_go/include/unitree_go/unitree_go/msg/detail/path_point__type_support.hpp\n'}
[9.456410] (go2_interfaces) StdoutLine: {'line': b'-- Symlinking: /home/jnu/go2_ws/install/go2_interfaces/include/go2_interfaces/go2_interfaces/srv/detail/set_switch__traits.hpp\n'}
[9.458577] (unitree_go) StdoutLine: {'line': b'-- Symlinking: /home/jnu/go2_ws/install/unitree_go/include/unitree_go/unitree_go/msg/detail/req__builder.hpp\n'}
[9.460954] (go2_interfaces) StdoutLine: {'line': b'-- Symlinking: /home/jnu/go2_ws/install/go2_interfaces/include/go2_interfaces/go2_interfaces/srv/detail/set_switch__type_support.hpp\n'}
[9.463571] (unitree_go) StdoutLine: {'line': b'-- Symlinking: /home/jnu/go2_ws/install/unitree_go/include/unitree_go/unitree_go/msg/detail/req__struct.hpp\n'}
[9.465216] (go2_interfaces) StdoutLine: {'line': b'-- Symlinking: /home/jnu/go2_ws/install/go2_interfaces/include/go2_interfaces/go2_interfaces/srv/detail/set_switch_obstacles_avoidance__builder.hpp\n'}
[9.469659] (unitree_go) StdoutLine: {'line': b'-- Symlinking: /home/jnu/go2_ws/install/unitree_go/include/unitree_go/unitree_go/msg/detail/req__traits.hpp\n'}
[9.470665] (go2_interfaces) StdoutLine: {'line': b'-- Symlinking: /home/jnu/go2_ws/install/go2_interfaces/include/go2_interfaces/go2_interfaces/srv/detail/set_switch_obstacles_avoidance__struct.hpp\n'}
[9.474951] (unitree_go) StdoutLine: {'line': b'-- Symlinking: /home/jnu/go2_ws/install/unitree_go/include/unitree_go/unitree_go/msg/detail/req__type_support.hpp\n'}
[9.476285] (go2_interfaces) StdoutLine: {'line': b'-- Symlinking: /home/jnu/go2_ws/install/go2_interfaces/include/go2_interfaces/go2_interfaces/srv/detail/set_switch_obstacles_avoidance__traits.hpp\n'}
[9.479794] (unitree_go) StdoutLine: {'line': b'-- Symlinking: /home/jnu/go2_ws/install/unitree_go/include/unitree_go/unitree_go/msg/detail/res__builder.hpp\n'}
[9.481183] (go2_interfaces) StdoutLine: {'line': b'-- Symlinking: /home/jnu/go2_ws/install/go2_interfaces/include/go2_interfaces/go2_interfaces/srv/detail/set_switch_obstacles_avoidance__type_support.hpp\n'}
[9.485494] (go2_interfaces) StdoutLine: {'line': b'-- Symlinking: /home/jnu/go2_ws/install/go2_interfaces/include/go2_interfaces/go2_interfaces/srv/detail/set_volume__builder.hpp\n'}
[9.485725] (unitree_go) StdoutLine: {'line': b'-- Symlinking: /home/jnu/go2_ws/install/unitree_go/include/unitree_go/unitree_go/msg/detail/res__struct.hpp\n'}
[9.489765] (go2_interfaces) StdoutLine: {'line': b'-- Symlinking: /home/jnu/go2_ws/install/go2_interfaces/include/go2_interfaces/go2_interfaces/srv/detail/set_volume__struct.hpp\n'}
[9.489825] (unitree_go) StdoutLine: {'line': b'-- Symlinking: /home/jnu/go2_ws/install/unitree_go/include/unitree_go/unitree_go/msg/detail/res__traits.hpp\n'}
[9.495075] (unitree_go) StdoutLine: {'line': b'-- Symlinking: /home/jnu/go2_ws/install/unitree_go/include/unitree_go/unitree_go/msg/detail/res__type_support.hpp\n'}
[9.495713] (go2_interfaces) StdoutLine: {'line': b'-- Symlinking: /home/jnu/go2_ws/install/go2_interfaces/include/go2_interfaces/go2_interfaces/srv/detail/set_volume__traits.hpp\n'}
[9.500092] (unitree_go) StdoutLine: {'line': b'-- Symlinking: /home/jnu/go2_ws/install/unitree_go/include/unitree_go/unitree_go/msg/detail/sport_mode_cmd__builder.hpp\n'}
[9.501363] (go2_interfaces) StdoutLine: {'line': b'-- Symlinking: /home/jnu/go2_ws/install/go2_interfaces/include/go2_interfaces/go2_interfaces/srv/detail/set_volume__type_support.hpp\n'}
[9.504433] (unitree_go) StdoutLine: {'line': b'-- Symlinking: /home/jnu/go2_ws/install/unitree_go/include/unitree_go/unitree_go/msg/detail/sport_mode_cmd__struct.hpp\n'}
[9.507210] (go2_interfaces) StdoutLine: {'line': b'-- Symlinking: /home/jnu/go2_ws/install/go2_interfaces/include/go2_interfaces/go2_interfaces/srv/detail/speed_level__builder.hpp\n'}
[9.510182] (unitree_go) StdoutLine: {'line': b'-- Symlinking: /home/jnu/go2_ws/install/unitree_go/include/unitree_go/unitree_go/msg/detail/sport_mode_cmd__traits.hpp\n'}
[9.511737] (go2_interfaces) StdoutLine: {'line': b'-- Symlinking: /home/jnu/go2_ws/install/go2_interfaces/include/go2_interfaces/go2_interfaces/srv/detail/speed_level__struct.hpp\n'}
[9.513777] (unitree_go) StdoutLine: {'line': b'-- Symlinking: /home/jnu/go2_ws/install/unitree_go/include/unitree_go/unitree_go/msg/detail/sport_mode_cmd__type_support.hpp\n'}
[9.515421] (go2_interfaces) StdoutLine: {'line': b'-- Symlinking: /home/jnu/go2_ws/install/go2_interfaces/include/go2_interfaces/go2_interfaces/srv/detail/speed_level__traits.hpp\n'}
[9.519594] (unitree_go) StdoutLine: {'line': b'-- Symlinking: /home/jnu/go2_ws/install/unitree_go/include/unitree_go/unitree_go/msg/detail/sport_mode_state__builder.hpp\n'}
[9.520696] (go2_interfaces) StdoutLine: {'line': b'-- Symlinking: /home/jnu/go2_ws/install/go2_interfaces/include/go2_interfaces/go2_interfaces/srv/detail/speed_level__type_support.hpp\n'}
[9.524315] (unitree_go) StdoutLine: {'line': b'-- Symlinking: /home/jnu/go2_ws/install/unitree_go/include/unitree_go/unitree_go/msg/detail/sport_mode_state__struct.hpp\n'}
[9.526319] (go2_interfaces) StdoutLine: {'line': b'-- Symlinking: /home/jnu/go2_ws/install/go2_interfaces/include/go2_interfaces/go2_interfaces/srv/detail/switch_gait__builder.hpp\n'}
[9.528548] (unitree_go) StdoutLine: {'line': b'-- Symlinking: /home/jnu/go2_ws/install/unitree_go/include/unitree_go/unitree_go/msg/detail/sport_mode_state__traits.hpp\n'}
[9.531766] (go2_interfaces) StdoutLine: {'line': b'-- Symlinking: /home/jnu/go2_ws/install/go2_interfaces/include/go2_interfaces/go2_interfaces/srv/detail/switch_gait__struct.hpp\n'}
[9.532176] (-) TimerEvent: {}
[9.533451] (unitree_go) StdoutLine: {'line': b'-- Symlinking: /home/jnu/go2_ws/install/unitree_go/include/unitree_go/unitree_go/msg/detail/sport_mode_state__type_support.hpp\n'}
[9.537343] (go2_interfaces) StdoutLine: {'line': b'-- Symlinking: /home/jnu/go2_ws/install/go2_interfaces/include/go2_interfaces/go2_interfaces/srv/detail/switch_gait__traits.hpp\n'}
[9.538714] (unitree_go) StdoutLine: {'line': b'-- Symlinking: /home/jnu/go2_ws/install/unitree_go/include/unitree_go/unitree_go/msg/detail/time_spec__builder.hpp\n'}
[9.543352] (go2_interfaces) StdoutLine: {'line': b'-- Symlinking: /home/jnu/go2_ws/install/go2_interfaces/include/go2_interfaces/go2_interfaces/srv/detail/switch_gait__type_support.hpp\n'}
[9.544371] (unitree_go) StdoutLine: {'line': b'-- Symlinking: /home/jnu/go2_ws/install/unitree_go/include/unitree_go/unitree_go/msg/detail/time_spec__struct.hpp\n'}
[9.547941] (go2_interfaces) StdoutLine: {'line': b'-- Symlinking: /home/jnu/go2_ws/install/go2_interfaces/include/go2_interfaces/go2_interfaces/srv/detail/switch_joystick__builder.hpp\n'}
[9.548876] (unitree_go) StdoutLine: {'line': b'-- Symlinking: /home/jnu/go2_ws/install/unitree_go/include/unitree_go/unitree_go/msg/detail/time_spec__traits.hpp\n'}
[9.553344] (unitree_go) StdoutLine: {'line': b'-- Symlinking: /home/jnu/go2_ws/install/unitree_go/include/unitree_go/unitree_go/msg/detail/time_spec__type_support.hpp\n'}
[9.553796] (go2_interfaces) StdoutLine: {'line': b'-- Symlinking: /home/jnu/go2_ws/install/go2_interfaces/include/go2_interfaces/go2_interfaces/srv/detail/switch_joystick__struct.hpp\n'}
[9.557936] (unitree_go) StdoutLine: {'line': b'-- Symlinking: /home/jnu/go2_ws/install/unitree_go/include/unitree_go/unitree_go/msg/detail/uwb_state__builder.hpp\n'}
[9.558222] (go2_interfaces) StdoutLine: {'line': b'-- Symlinking: /home/jnu/go2_ws/install/go2_interfaces/include/go2_interfaces/go2_interfaces/srv/detail/switch_joystick__traits.hpp\n'}
[9.561968] (unitree_go) StdoutLine: {'line': b'-- Symlinking: /home/jnu/go2_ws/install/unitree_go/include/unitree_go/unitree_go/msg/detail/uwb_state__struct.hpp\n'}
[9.562143] (go2_interfaces) StdoutLine: {'line': b'-- Symlinking: /home/jnu/go2_ws/install/go2_interfaces/include/go2_interfaces/go2_interfaces/srv/detail/switch_joystick__type_support.hpp\n'}
[9.567929] (unitree_go) StdoutLine: {'line': b'-- Symlinking: /home/jnu/go2_ws/install/unitree_go/include/unitree_go/unitree_go/msg/detail/uwb_state__traits.hpp\n'}
[9.568087] (go2_interfaces) StdoutLine: {'line': b'-- Symlinking: /home/jnu/go2_ws/install/go2_interfaces/include/go2_interfaces/go2_interfaces/srv/euler.hpp\n'}
[9.572641] (unitree_go) StdoutLine: {'line': b'-- Symlinking: /home/jnu/go2_ws/install/unitree_go/include/unitree_go/unitree_go/msg/detail/uwb_state__type_support.hpp\n'}
[9.572913] (go2_interfaces) StdoutLine: {'line': b'-- Symlinking: /home/jnu/go2_ws/install/go2_interfaces/include/go2_interfaces/go2_interfaces/srv/foot_raise_height.hpp\n'}
[9.578098] (unitree_go) StdoutLine: {'line': b'-- Symlinking: /home/jnu/go2_ws/install/unitree_go/include/unitree_go/unitree_go/msg/detail/uwb_switch__builder.hpp\n'}
[9.578387] (go2_interfaces) StdoutLine: {'line': b'-- Symlinking: /home/jnu/go2_ws/install/go2_interfaces/include/go2_interfaces/go2_interfaces/srv/get_body_height.hpp\n'}
[9.583530] (go2_interfaces) StdoutLine: {'line': b'-- Symlinking: /home/jnu/go2_ws/install/go2_interfaces/include/go2_interfaces/go2_interfaces/srv/get_brightness.hpp\n'}
[9.584347] (unitree_go) StdoutLine: {'line': b'-- Symlinking: /home/jnu/go2_ws/install/unitree_go/include/unitree_go/unitree_go/msg/detail/uwb_switch__struct.hpp\n'}
[9.588487] (unitree_go) StdoutLine: {'line': b'-- Symlinking: /home/jnu/go2_ws/install/unitree_go/include/unitree_go/unitree_go/msg/detail/uwb_switch__traits.hpp\n'}
[9.588543] (go2_interfaces) StdoutLine: {'line': b'-- Symlinking: /home/jnu/go2_ws/install/go2_interfaces/include/go2_interfaces/go2_interfaces/srv/get_foot_raise_height.hpp\n'}
[9.594611] (unitree_go) StdoutLine: {'line': b'-- Symlinking: /home/jnu/go2_ws/install/unitree_go/include/unitree_go/unitree_go/msg/detail/uwb_switch__type_support.hpp\n'}
[9.594742] (go2_interfaces) StdoutLine: {'line': b'-- Symlinking: /home/jnu/go2_ws/install/go2_interfaces/include/go2_interfaces/go2_interfaces/srv/get_speed_level.hpp\n'}
[9.600683] (unitree_go) StdoutLine: {'line': b'-- Symlinking: /home/jnu/go2_ws/install/unitree_go/include/unitree_go/unitree_go/msg/detail/voxel_height_map_state__builder.hpp\n'}
[9.600950] (go2_interfaces) StdoutLine: {'line': b'-- Symlinking: /home/jnu/go2_ws/install/go2_interfaces/include/go2_interfaces/go2_interfaces/srv/get_state.hpp\n'}
[9.606454] (go2_interfaces) StdoutLine: {'line': b'-- Symlinking: /home/jnu/go2_ws/install/go2_interfaces/include/go2_interfaces/go2_interfaces/srv/get_switch.hpp\n'}
[9.606630] (unitree_go) StdoutLine: {'line': b'-- Symlinking: /home/jnu/go2_ws/install/unitree_go/include/unitree_go/unitree_go/msg/detail/voxel_height_map_state__struct.hpp\n'}
[9.610700] (go2_interfaces) StdoutLine: {'line': b'-- Symlinking: /home/jnu/go2_ws/install/go2_interfaces/include/go2_interfaces/go2_interfaces/srv/get_switch_obstacles_avoidance.hpp\n'}
[9.612014] (unitree_go) StdoutLine: {'line': b'-- Symlinking: /home/jnu/go2_ws/install/unitree_go/include/unitree_go/unitree_go/msg/detail/voxel_height_map_state__traits.hpp\n'}
[9.616206] (go2_interfaces) StdoutLine: {'line': b'-- Symlinking: /home/jnu/go2_ws/install/go2_interfaces/include/go2_interfaces/go2_interfaces/srv/get_volume.hpp\n'}
[9.617721] (unitree_go) StdoutLine: {'line': b'-- Symlinking: /home/jnu/go2_ws/install/unitree_go/include/unitree_go/unitree_go/msg/detail/voxel_height_map_state__type_support.hpp\n'}
[9.620966] (go2_interfaces) StdoutLine: {'line': b'-- Symlinking: /home/jnu/go2_ws/install/go2_interfaces/include/go2_interfaces/go2_interfaces/srv/mode.hpp\n'}
[9.622619] (unitree_go) StdoutLine: {'line': b'-- Symlinking: /home/jnu/go2_ws/install/unitree_go/include/unitree_go/unitree_go/msg/detail/voxel_map_compressed__builder.hpp\n'}
[9.624788] (go2_interfaces) StdoutLine: {'line': b'-- Symlinking: /home/jnu/go2_ws/install/go2_interfaces/include/go2_interfaces/go2_interfaces/srv/pose.hpp\n'}
[9.626741] (unitree_go) StdoutLine: {'line': b'-- Symlinking: /home/jnu/go2_ws/install/unitree_go/include/unitree_go/unitree_go/msg/detail/voxel_map_compressed__struct.hpp\n'}
[9.630380] (go2_interfaces) StdoutLine: {'line': b'-- Symlinking: /home/jnu/go2_ws/install/go2_interfaces/include/go2_interfaces/go2_interfaces/srv/say.hpp\n'}
[9.632233] (-) TimerEvent: {}
[9.632459] (unitree_go) StdoutLine: {'line': b'-- Symlinking: /home/jnu/go2_ws/install/unitree_go/include/unitree_go/unitree_go/msg/detail/voxel_map_compressed__traits.hpp\n'}
[9.635715] (go2_interfaces) StdoutLine: {'line': b'-- Symlinking: /home/jnu/go2_ws/install/go2_interfaces/include/go2_interfaces/go2_interfaces/srv/set_brightness.hpp\n'}
[9.638262] (unitree_go) StdoutLine: {'line': b'-- Symlinking: /home/jnu/go2_ws/install/unitree_go/include/unitree_go/unitree_go/msg/detail/voxel_map_compressed__type_support.hpp\n'}
[9.642627] (go2_interfaces) StdoutLine: {'line': b'-- Symlinking: /home/jnu/go2_ws/install/go2_interfaces/include/go2_interfaces/go2_interfaces/srv/set_switch.hpp\n'}
[9.645245] (unitree_go) StdoutLine: {'line': b'-- Symlinking: /home/jnu/go2_ws/install/unitree_go/include/unitree_go/unitree_go/msg/detail/wireless_controller__builder.hpp\n'}
[9.647074] (go2_interfaces) StdoutLine: {'line': b'-- Symlinking: /home/jnu/go2_ws/install/go2_interfaces/include/go2_interfaces/go2_interfaces/srv/set_switch_obstacles_avoidance.hpp\n'}
[9.649447] (unitree_go) StdoutLine: {'line': b'-- Symlinking: /home/jnu/go2_ws/install/unitree_go/include/unitree_go/unitree_go/msg/detail/wireless_controller__struct.hpp\n'}
[9.651043] (go2_interfaces) StdoutLine: {'line': b'-- Symlinking: /home/jnu/go2_ws/install/go2_interfaces/include/go2_interfaces/go2_interfaces/srv/set_volume.hpp\n'}
[9.653832] (unitree_go) StdoutLine: {'line': b'-- Symlinking: /home/jnu/go2_ws/install/unitree_go/include/unitree_go/unitree_go/msg/detail/wireless_controller__traits.hpp\n'}
[9.655352] (go2_interfaces) StdoutLine: {'line': b'-- Symlinking: /home/jnu/go2_ws/install/go2_interfaces/include/go2_interfaces/go2_interfaces/srv/speed_level.hpp\n'}
[9.657982] (unitree_go) StdoutLine: {'line': b'-- Symlinking: /home/jnu/go2_ws/install/unitree_go/include/unitree_go/unitree_go/msg/detail/wireless_controller__type_support.hpp\n'}
[9.659878] (go2_interfaces) StdoutLine: {'line': b'-- Symlinking: /home/jnu/go2_ws/install/go2_interfaces/include/go2_interfaces/go2_interfaces/srv/switch_gait.hpp\n'}
[9.661801] (unitree_go) StdoutLine: {'line': b'-- Symlinking: /home/jnu/go2_ws/install/unitree_go/include/unitree_go/unitree_go/msg/error.hpp\n'}
[9.665371] (go2_interfaces) StdoutLine: {'line': b'-- Symlinking: /home/jnu/go2_ws/install/go2_interfaces/include/go2_interfaces/go2_interfaces/srv/switch_joystick.hpp\n'}
[9.666991] (unitree_go) StdoutLine: {'line': b'-- Symlinking: /home/jnu/go2_ws/install/unitree_go/include/unitree_go/unitree_go/msg/go2_front_video_data.hpp\n'}
[9.669454] (go2_interfaces) StdoutLine: {'line': b'-- Symlinking: /home/jnu/go2_ws/install/go2_interfaces/include/go2_interfaces/go2_interfaces/msg/rosidl_typesupport_fastrtps_cpp__visibility_control.h\n'}
[9.671146] (unitree_go) StdoutLine: {'line': b'-- Symlinking: /home/jnu/go2_ws/install/unitree_go/include/unitree_go/unitree_go/msg/height_map.hpp\n'}
[9.673458] (go2_interfaces) StdoutLine: {'line': b'-- Symlinking: /home/jnu/go2_ws/install/go2_interfaces/include/go2_interfaces/go2_interfaces/srv/detail/body_height__rosidl_typesupport_fastrtps_cpp.hpp\n'}
[9.676926] (unitree_go) StdoutLine: {'line': b'-- Symlinking: /home/jnu/go2_ws/install/unitree_go/include/unitree_go/unitree_go/msg/imu_state.hpp\n'}
[9.678246] (go2_interfaces) StdoutLine: {'line': b'-- Symlinking: /home/jnu/go2_ws/install/go2_interfaces/include/go2_interfaces/go2_interfaces/srv/detail/continuous_gait__rosidl_typesupport_fastrtps_cpp.hpp\n'}
[9.680940] (unitree_go) StdoutLine: {'line': b'-- Symlinking: /home/jnu/go2_ws/install/unitree_go/include/unitree_go/unitree_go/msg/interface_config.hpp\n'}
[9.681785] (go2_interfaces) StdoutLine: {'line': b'-- Symlinking: /home/jnu/go2_ws/install/go2_interfaces/include/go2_interfaces/go2_interfaces/srv/detail/euler__rosidl_typesupport_fastrtps_cpp.hpp\n'}
[9.684673] (unitree_go) StdoutLine: {'line': b'-- Symlinking: /home/jnu/go2_ws/install/unitree_go/include/unitree_go/unitree_go/msg/lidar_state.hpp\n'}
[9.685578] (go2_interfaces) StdoutLine: {'line': b'-- Symlinking: /home/jnu/go2_ws/install/go2_interfaces/include/go2_interfaces/go2_interfaces/srv/detail/foot_raise_height__rosidl_typesupport_fastrtps_cpp.hpp\n'}
[9.688385] (unitree_go) StdoutLine: {'line': b'-- Symlinking: /home/jnu/go2_ws/install/unitree_go/include/unitree_go/unitree_go/msg/low_cmd.hpp\n'}
[9.690638] (go2_interfaces) StdoutLine: {'line': b'-- Symlinking: /home/jnu/go2_ws/install/go2_interfaces/include/go2_interfaces/go2_interfaces/srv/detail/get_body_height__rosidl_typesupport_fastrtps_cpp.hpp\n'}
[9.692762] (unitree_go) StdoutLine: {'line': b'-- Symlinking: /home/jnu/go2_ws/install/unitree_go/include/unitree_go/unitree_go/msg/low_state.hpp\n'}
[9.694803] (go2_interfaces) StdoutLine: {'line': b'-- Symlinking: /home/jnu/go2_ws/install/go2_interfaces/include/go2_interfaces/go2_interfaces/srv/detail/get_brightness__rosidl_typesupport_fastrtps_cpp.hpp\n'}
[9.696951] (unitree_go) StdoutLine: {'line': b'-- Symlinking: /home/jnu/go2_ws/install/unitree_go/include/unitree_go/unitree_go/msg/motor_cmd.hpp\n'}
[9.699475] (go2_interfaces) StdoutLine: {'line': b'-- Symlinking: /home/jnu/go2_ws/install/go2_interfaces/include/go2_interfaces/go2_interfaces/srv/detail/get_foot_raise_height__rosidl_typesupport_fastrtps_cpp.hpp\n'}
[9.701462] (unitree_go) StdoutLine: {'line': b'-- Symlinking: /home/jnu/go2_ws/install/unitree_go/include/unitree_go/unitree_go/msg/motor_cmds.hpp\n'}
[9.704291] (go2_interfaces) StdoutLine: {'line': b'-- Symlinking: /home/jnu/go2_ws/install/go2_interfaces/include/go2_interfaces/go2_interfaces/srv/detail/get_speed_level__rosidl_typesupport_fastrtps_cpp.hpp\n'}
[9.706817] (unitree_go) StdoutLine: {'line': b'-- Symlinking: /home/jnu/go2_ws/install/unitree_go/include/unitree_go/unitree_go/msg/motor_state.hpp\n'}
[9.708186] (go2_interfaces) StdoutLine: {'line': b'-- Symlinking: /home/jnu/go2_ws/install/go2_interfaces/include/go2_interfaces/go2_interfaces/srv/detail/get_state__rosidl_typesupport_fastrtps_cpp.hpp\n'}
[9.711041] (unitree_go) StdoutLine: {'line': b'-- Symlinking: /home/jnu/go2_ws/install/unitree_go/include/unitree_go/unitree_go/msg/motor_states.hpp\n'}
[9.713662] (go2_interfaces) StdoutLine: {'line': b'-- Symlinking: /home/jnu/go2_ws/install/go2_interfaces/include/go2_interfaces/go2_interfaces/srv/detail/get_switch__rosidl_typesupport_fastrtps_cpp.hpp\n'}
[9.716523] (unitree_go) StdoutLine: {'line': b'-- Symlinking: /home/jnu/go2_ws/install/unitree_go/include/unitree_go/unitree_go/msg/path_point.hpp\n'}
[9.719557] (go2_interfaces) StdoutLine: {'line': b'-- Symlinking: /home/jnu/go2_ws/install/go2_interfaces/include/go2_interfaces/go2_interfaces/srv/detail/get_switch_obstacles_avoidance__rosidl_typesupport_fastrtps_cpp.hpp\n'}
[9.721284] (unitree_go) StdoutLine: {'line': b'-- Symlinking: /home/jnu/go2_ws/install/unitree_go/include/unitree_go/unitree_go/msg/req.hpp\n'}
[9.725470] (go2_interfaces) StdoutLine: {'line': b'-- Symlinking: /home/jnu/go2_ws/install/go2_interfaces/include/go2_interfaces/go2_interfaces/srv/detail/get_volume__rosidl_typesupport_fastrtps_cpp.hpp\n'}
[9.726944] (unitree_go) StdoutLine: {'line': b'-- Symlinking: /home/jnu/go2_ws/install/unitree_go/include/unitree_go/unitree_go/msg/res.hpp\n'}
[9.729570] (go2_interfaces) StdoutLine: {'line': b'-- Symlinking: /home/jnu/go2_ws/install/go2_interfaces/include/go2_interfaces/go2_interfaces/srv/detail/mode__rosidl_typesupport_fastrtps_cpp.hpp\n'}
[9.730738] (unitree_go) StdoutLine: {'line': b'-- Symlinking: /home/jnu/go2_ws/install/unitree_go/include/unitree_go/unitree_go/msg/rosidl_generator_cpp__visibility_control.hpp\n'}
[9.732313] (-) TimerEvent: {}
[9.733664] (go2_interfaces) StdoutLine: {'line': b'-- Symlinking: /home/jnu/go2_ws/install/go2_interfaces/include/go2_interfaces/go2_interfaces/srv/detail/pose__rosidl_typesupport_fastrtps_cpp.hpp\n'}
[9.735888] (unitree_go) StdoutLine: {'line': b'-- Symlinking: /home/jnu/go2_ws/install/unitree_go/include/unitree_go/unitree_go/msg/sport_mode_cmd.hpp\n'}
[9.739475] (go2_interfaces) StdoutLine: {'line': b'-- Symlinking: /home/jnu/go2_ws/install/go2_interfaces/include/go2_interfaces/go2_interfaces/srv/detail/say__rosidl_typesupport_fastrtps_cpp.hpp\n'}
[9.741015] (unitree_go) StdoutLine: {'line': b'-- Symlinking: /home/jnu/go2_ws/install/unitree_go/include/unitree_go/unitree_go/msg/sport_mode_state.hpp\n'}
[9.743737] (go2_interfaces) StdoutLine: {'line': b'-- Symlinking: /home/jnu/go2_ws/install/go2_interfaces/include/go2_interfaces/go2_interfaces/srv/detail/set_brightness__rosidl_typesupport_fastrtps_cpp.hpp\n'}
[9.745475] (unitree_go) StdoutLine: {'line': b'-- Symlinking: /home/jnu/go2_ws/install/unitree_go/include/unitree_go/unitree_go/msg/time_spec.hpp\n'}
[9.747465] (go2_interfaces) StdoutLine: {'line': b'-- Symlinking: /home/jnu/go2_ws/install/go2_interfaces/include/go2_interfaces/go2_interfaces/srv/detail/set_switch__rosidl_typesupport_fastrtps_cpp.hpp\n'}
[9.749464] (unitree_go) StdoutLine: {'line': b'-- Symlinking: /home/jnu/go2_ws/install/unitree_go/include/unitree_go/unitree_go/msg/uwb_state.hpp\n'}
[9.751561] (go2_interfaces) StdoutLine: {'line': b'-- Symlinking: /home/jnu/go2_ws/install/go2_interfaces/include/go2_interfaces/go2_interfaces/srv/detail/set_switch_obstacles_avoidance__rosidl_typesupport_fastrtps_cpp.hpp\n'}
[9.753465] (unitree_go) StdoutLine: {'line': b'-- Symlinking: /home/jnu/go2_ws/install/unitree_go/include/unitree_go/unitree_go/msg/uwb_switch.hpp\n'}
[9.756010] (go2_interfaces) StdoutLine: {'line': b'-- Symlinking: /home/jnu/go2_ws/install/go2_interfaces/include/go2_interfaces/go2_interfaces/srv/detail/set_volume__rosidl_typesupport_fastrtps_cpp.hpp\n'}
[9.757483] (unitree_go) StdoutLine: {'line': b'-- Symlinking: /home/jnu/go2_ws/install/unitree_go/include/unitree_go/unitree_go/msg/voxel_height_map_state.hpp\n'}
[9.760010] (go2_interfaces) StdoutLine: {'line': b'-- Symlinking: /home/jnu/go2_ws/install/go2_interfaces/include/go2_interfaces/go2_interfaces/srv/detail/speed_level__rosidl_typesupport_fastrtps_cpp.hpp\n'}
[9.763147] (unitree_go) StdoutLine: {'line': b'-- Symlinking: /home/jnu/go2_ws/install/unitree_go/include/unitree_go/unitree_go/msg/voxel_map_compressed.hpp\n'}
[9.765772] (go2_interfaces) StdoutLine: {'line': b'-- Symlinking: /home/jnu/go2_ws/install/go2_interfaces/include/go2_interfaces/go2_interfaces/srv/detail/switch_gait__rosidl_typesupport_fastrtps_cpp.hpp\n'}
[9.767749] (unitree_go) StdoutLine: {'line': b'-- Symlinking: /home/jnu/go2_ws/install/unitree_go/include/unitree_go/unitree_go/msg/wireless_controller.hpp\n'}
[9.771327] (go2_interfaces) StdoutLine: {'line': b'-- Symlinking: /home/jnu/go2_ws/install/go2_interfaces/include/go2_interfaces/go2_interfaces/srv/detail/switch_joystick__rosidl_typesupport_fastrtps_cpp.hpp\n'}
[9.772398] (unitree_go) StdoutLine: {'line': b'-- Symlinking: /home/jnu/go2_ws/install/unitree_go/include/unitree_go/unitree_go/msg/detail/audio_data__rosidl_typesupport_fastrtps_cpp.hpp\n'}
[9.775336] (go2_interfaces) StdoutLine: {'line': b'-- Symlinking: /home/jnu/go2_ws/install/go2_interfaces/include/go2_interfaces/go2_interfaces/srv/detail/body_height__rosidl_typesupport_introspection_cpp.hpp\n'}
[9.777809] (unitree_go) StdoutLine: {'line': b'-- Symlinking: /home/jnu/go2_ws/install/unitree_go/include/unitree_go/unitree_go/msg/detail/bms_cmd__rosidl_typesupport_fastrtps_cpp.hpp\n'}
[9.780671] (go2_interfaces) StdoutLine: {'line': b'-- Symlinking: /home/jnu/go2_ws/install/go2_interfaces/include/go2_interfaces/go2_interfaces/srv/detail/continuous_gait__rosidl_typesupport_introspection_cpp.hpp\n'}
[9.782096] (unitree_go) StdoutLine: {'line': b'-- Symlinking: /home/jnu/go2_ws/install/unitree_go/include/unitree_go/unitree_go/msg/detail/bms_state__rosidl_typesupport_fastrtps_cpp.hpp\n'}
[9.786787] (go2_interfaces) StdoutLine: {'line': b'-- Symlinking: /home/jnu/go2_ws/install/go2_interfaces/include/go2_interfaces/go2_interfaces/srv/detail/euler__rosidl_typesupport_introspection_cpp.hpp\n'}
[9.787246] (unitree_go) StdoutLine: {'line': b'-- Symlinking: /home/jnu/go2_ws/install/unitree_go/include/unitree_go/unitree_go/msg/detail/error__rosidl_typesupport_fastrtps_cpp.hpp\n'}
[9.792962] (go2_interfaces) StdoutLine: {'line': b'-- Symlinking: /home/jnu/go2_ws/install/go2_interfaces/include/go2_interfaces/go2_interfaces/srv/detail/foot_raise_height__rosidl_typesupport_introspection_cpp.hpp\n'}
[9.793130] (unitree_go) StdoutLine: {'line': b'-- Symlinking: /home/jnu/go2_ws/install/unitree_go/include/unitree_go/unitree_go/msg/detail/go2_front_video_data__rosidl_typesupport_fastrtps_cpp.hpp\n'}
[9.798766] (go2_interfaces) StdoutLine: {'line': b'-- Symlinking: /home/jnu/go2_ws/install/go2_interfaces/include/go2_interfaces/go2_interfaces/srv/detail/get_body_height__rosidl_typesupport_introspection_cpp.hpp\n'}
[9.799024] (unitree_go) StdoutLine: {'line': b'-- Symlinking: /home/jnu/go2_ws/install/unitree_go/include/unitree_go/unitree_go/msg/detail/height_map__rosidl_typesupport_fastrtps_cpp.hpp\n'}
[9.803691] (unitree_go) StdoutLine: {'line': b'-- Symlinking: /home/jnu/go2_ws/install/unitree_go/include/unitree_go/unitree_go/msg/detail/imu_state__rosidl_typesupport_fastrtps_cpp.hpp\n'}
[9.803796] (go2_interfaces) StdoutLine: {'line': b'-- Symlinking: /home/jnu/go2_ws/install/go2_interfaces/include/go2_interfaces/go2_interfaces/srv/detail/get_brightness__rosidl_typesupport_introspection_cpp.hpp\n'}
[9.807816] (go2_interfaces) StdoutLine: {'line': b'-- Symlinking: /home/jnu/go2_ws/install/go2_interfaces/include/go2_interfaces/go2_interfaces/srv/detail/get_foot_raise_height__rosidl_typesupport_introspection_cpp.hpp\n'}
[9.809519] (unitree_go) StdoutLine: {'line': b'-- Symlinking: /home/jnu/go2_ws/install/unitree_go/include/unitree_go/unitree_go/msg/detail/interface_config__rosidl_typesupport_fastrtps_cpp.hpp\n'}
[9.813193] (go2_interfaces) StdoutLine: {'line': b'-- Symlinking: /home/jnu/go2_ws/install/go2_interfaces/include/go2_interfaces/go2_interfaces/srv/detail/get_speed_level__rosidl_typesupport_introspection_cpp.hpp\n'}
[9.815215] (unitree_go) StdoutLine: {'line': b'-- Symlinking: /home/jnu/go2_ws/install/unitree_go/include/unitree_go/unitree_go/msg/detail/lidar_state__rosidl_typesupport_fastrtps_cpp.hpp\n'}
[9.818238] (go2_interfaces) StdoutLine: {'line': b'-- Symlinking: /home/jnu/go2_ws/install/go2_interfaces/include/go2_interfaces/go2_interfaces/srv/detail/get_state__rosidl_typesupport_introspection_cpp.hpp\n'}
[9.820248] (unitree_go) StdoutLine: {'line': b'-- Symlinking: /home/jnu/go2_ws/install/unitree_go/include/unitree_go/unitree_go/msg/detail/low_cmd__rosidl_typesupport_fastrtps_cpp.hpp\n'}
[9.822790] (go2_interfaces) StdoutLine: {'line': b'-- Symlinking: /home/jnu/go2_ws/install/go2_interfaces/include/go2_interfaces/go2_interfaces/srv/detail/get_switch__rosidl_typesupport_introspection_cpp.hpp\n'}
[9.824577] (unitree_go) StdoutLine: {'line': b'-- Symlinking: /home/jnu/go2_ws/install/unitree_go/include/unitree_go/unitree_go/msg/detail/low_state__rosidl_typesupport_fastrtps_cpp.hpp\n'}
[9.827236] (go2_interfaces) StdoutLine: {'line': b'-- Symlinking: /home/jnu/go2_ws/install/go2_interfaces/include/go2_interfaces/go2_interfaces/srv/detail/get_switch_obstacles_avoidance__rosidl_typesupport_introspection_cpp.hpp\n'}
[9.828636] (unitree_go) StdoutLine: {'line': b'-- Symlinking: /home/jnu/go2_ws/install/unitree_go/include/unitree_go/unitree_go/msg/detail/motor_cmd__rosidl_typesupport_fastrtps_cpp.hpp\n'}
[9.831497] (go2_interfaces) StdoutLine: {'line': b'-- Symlinking: /home/jnu/go2_ws/install/go2_interfaces/include/go2_interfaces/go2_interfaces/srv/detail/get_volume__rosidl_typesupport_introspection_cpp.hpp\n'}
[9.832372] (-) TimerEvent: {}
[9.834627] (unitree_go) StdoutLine: {'line': b'-- Symlinking: /home/jnu/go2_ws/install/unitree_go/include/unitree_go/unitree_go/msg/detail/motor_cmds__rosidl_typesupport_fastrtps_cpp.hpp\n'}
[9.836575] (go2_interfaces) StdoutLine: {'line': b'-- Symlinking: /home/jnu/go2_ws/install/go2_interfaces/include/go2_interfaces/go2_interfaces/srv/detail/mode__rosidl_typesupport_introspection_cpp.hpp\n'}
[9.840531] (unitree_go) StdoutLine: {'line': b'-- Symlinking: /home/jnu/go2_ws/install/unitree_go/include/unitree_go/unitree_go/msg/detail/motor_state__rosidl_typesupport_fastrtps_cpp.hpp\n'}
[9.841887] (go2_interfaces) StdoutLine: {'line': b'-- Symlinking: /home/jnu/go2_ws/install/go2_interfaces/include/go2_interfaces/go2_interfaces/srv/detail/pose__rosidl_typesupport_introspection_cpp.hpp\n'}
[9.846601] (unitree_go) StdoutLine: {'line': b'-- Symlinking: /home/jnu/go2_ws/install/unitree_go/include/unitree_go/unitree_go/msg/detail/motor_states__rosidl_typesupport_fastrtps_cpp.hpp\n'}
[9.847738] (go2_interfaces) StdoutLine: {'line': b'-- Symlinking: /home/jnu/go2_ws/install/go2_interfaces/include/go2_interfaces/go2_interfaces/srv/detail/say__rosidl_typesupport_introspection_cpp.hpp\n'}
[9.851049] (unitree_go) StdoutLine: {'line': b'-- Symlinking: /home/jnu/go2_ws/install/unitree_go/include/unitree_go/unitree_go/msg/detail/path_point__rosidl_typesupport_fastrtps_cpp.hpp\n'}
[9.851971] (go2_interfaces) StdoutLine: {'line': b'-- Symlinking: /home/jnu/go2_ws/install/go2_interfaces/include/go2_interfaces/go2_interfaces/srv/detail/set_brightness__rosidl_typesupport_introspection_cpp.hpp\n'}
[9.854921] (unitree_go) StdoutLine: {'line': b'-- Symlinking: /home/jnu/go2_ws/install/unitree_go/include/unitree_go/unitree_go/msg/detail/req__rosidl_typesupport_fastrtps_cpp.hpp\n'}
[9.855855] (go2_interfaces) StdoutLine: {'line': b'-- Symlinking: /home/jnu/go2_ws/install/go2_interfaces/include/go2_interfaces/go2_interfaces/srv/detail/set_switch__rosidl_typesupport_introspection_cpp.hpp\n'}
[9.860858] (unitree_go) StdoutLine: {'line': b'-- Symlinking: /home/jnu/go2_ws/install/unitree_go/include/unitree_go/unitree_go/msg/detail/res__rosidl_typesupport_fastrtps_cpp.hpp\n'}
[9.861797] (go2_interfaces) StdoutLine: {'line': b'-- Symlinking: /home/jnu/go2_ws/install/go2_interfaces/include/go2_interfaces/go2_interfaces/srv/detail/set_switch_obstacles_avoidance__rosidl_typesupport_introspection_cpp.hpp\n'}
[9.866057] (unitree_go) StdoutLine: {'line': b'-- Symlinking: /home/jnu/go2_ws/install/unitree_go/include/unitree_go/unitree_go/msg/detail/sport_mode_cmd__rosidl_typesupport_fastrtps_cpp.hpp\n'}
[9.867728] (go2_interfaces) StdoutLine: {'line': b'-- Symlinking: /home/jnu/go2_ws/install/go2_interfaces/include/go2_interfaces/go2_interfaces/srv/detail/set_volume__rosidl_typesupport_introspection_cpp.hpp\n'}
[9.871947] (unitree_go) StdoutLine: {'line': b'-- Symlinking: /home/jnu/go2_ws/install/unitree_go/include/unitree_go/unitree_go/msg/detail/sport_mode_state__rosidl_typesupport_fastrtps_cpp.hpp\n'}
[9.872033] (go2_interfaces) StdoutLine: {'line': b'-- Symlinking: /home/jnu/go2_ws/install/go2_interfaces/include/go2_interfaces/go2_interfaces/srv/detail/speed_level__rosidl_typesupport_introspection_cpp.hpp\n'}
[9.875967] (unitree_go) StdoutLine: {'line': b'-- Symlinking: /home/jnu/go2_ws/install/unitree_go/include/unitree_go/unitree_go/msg/detail/time_spec__rosidl_typesupport_fastrtps_cpp.hpp\n'}
[9.877167] (go2_interfaces) StdoutLine: {'line': b'-- Symlinking: /home/jnu/go2_ws/install/go2_interfaces/include/go2_interfaces/go2_interfaces/srv/detail/switch_gait__rosidl_typesupport_introspection_cpp.hpp\n'}
[9.879826] (unitree_go) StdoutLine: {'line': b'-- Symlinking: /home/jnu/go2_ws/install/unitree_go/include/unitree_go/unitree_go/msg/detail/uwb_state__rosidl_typesupport_fastrtps_cpp.hpp\n'}
[9.881477] (go2_interfaces) StdoutLine: {'line': b'-- Symlinking: /home/jnu/go2_ws/install/go2_interfaces/include/go2_interfaces/go2_interfaces/srv/detail/switch_joystick__rosidl_typesupport_introspection_cpp.hpp\n'}
[9.885552] (unitree_go) StdoutLine: {'line': b'-- Symlinking: /home/jnu/go2_ws/install/unitree_go/include/unitree_go/unitree_go/msg/detail/uwb_switch__rosidl_typesupport_fastrtps_cpp.hpp\n'}
[9.887330] (go2_interfaces) StdoutLine: {'line': b'-- Symlinking: /home/jnu/go2_ws/install/go2_interfaces/share/go2_interfaces/environment/pythonpath.sh\n'}
[9.890350] (unitree_go) StdoutLine: {'line': b'-- Symlinking: /home/jnu/go2_ws/install/unitree_go/include/unitree_go/unitree_go/msg/detail/voxel_height_map_state__rosidl_typesupport_fastrtps_cpp.hpp\n'}
[9.891633] (go2_interfaces) StdoutLine: {'line': b'-- Symlinking: /home/jnu/go2_ws/install/go2_interfaces/share/go2_interfaces/environment/pythonpath.dsv\n'}
[9.894841] (unitree_go) StdoutLine: {'line': b'-- Symlinking: /home/jnu/go2_ws/install/unitree_go/include/unitree_go/unitree_go/msg/detail/voxel_map_compressed__rosidl_typesupport_fastrtps_cpp.hpp\n'}
[9.897501] (go2_interfaces) StdoutLine: {'line': b'-- Symlinking: /home/jnu/go2_ws/install/go2_interfaces/local/lib/python3.10/dist-packages/go2_interfaces-1.0.0-py3.10.egg-info/PKG-INFO\n'}
[9.899136] (unitree_go) StdoutLine: {'line': b'-- Symlinking: /home/jnu/go2_ws/install/unitree_go/include/unitree_go/unitree_go/msg/detail/wireless_controller__rosidl_typesupport_fastrtps_cpp.hpp\n'}
[9.901824] (go2_interfaces) StdoutLine: {'line': b'-- Symlinking: /home/jnu/go2_ws/install/go2_interfaces/local/lib/python3.10/dist-packages/go2_interfaces-1.0.0-py3.10.egg-info/SOURCES.txt\n'}
[9.902807] (unitree_go) StdoutLine: {'line': b'-- Symlinking: /home/jnu/go2_ws/install/unitree_go/include/unitree_go/unitree_go/msg/rosidl_typesupport_fastrtps_cpp__visibility_control.h\n'}
[9.906207] (go2_interfaces) StdoutLine: {'line': b'-- Symlinking: /home/jnu/go2_ws/install/go2_interfaces/local/lib/python3.10/dist-packages/go2_interfaces-1.0.0-py3.10.egg-info/dependency_links.txt\n'}
[9.908898] (unitree_go) StdoutLine: {'line': b'-- Symlinking: /home/jnu/go2_ws/install/unitree_go/include/unitree_go/unitree_go/msg/detail/audio_data__rosidl_typesupport_introspection_cpp.hpp\n'}
[9.910859] (go2_interfaces) StdoutLine: {'line': b'-- Symlinking: /home/jnu/go2_ws/install/go2_interfaces/local/lib/python3.10/dist-packages/go2_interfaces-1.0.0-py3.10.egg-info/top_level.txt\n'}
[9.913906] (unitree_go) StdoutLine: {'line': b'-- Symlinking: /home/jnu/go2_ws/install/unitree_go/include/unitree_go/unitree_go/msg/detail/bms_cmd__rosidl_typesupport_introspection_cpp.hpp\n'}
[9.916904] (go2_interfaces) StdoutLine: {'line': b'-- Symlinking: /home/jnu/go2_ws/install/go2_interfaces/local/lib/python3.10/dist-packages/go2_interfaces/__init__.py\n'}
[9.919735] (unitree_go) StdoutLine: {'line': b'-- Symlinking: /home/jnu/go2_ws/install/unitree_go/include/unitree_go/unitree_go/msg/detail/bms_state__rosidl_typesupport_introspection_cpp.hpp\n'}
[9.922562] (go2_interfaces) StdoutLine: {'line': b'-- Symlinking: /home/jnu/go2_ws/install/go2_interfaces/local/lib/python3.10/dist-packages/go2_interfaces/_go2_interfaces_s.ep.rosidl_typesupport_c.c\n'}
[9.923689] (unitree_go) StdoutLine: {'line': b'-- Symlinking: /home/jnu/go2_ws/install/unitree_go/include/unitree_go/unitree_go/msg/detail/error__rosidl_typesupport_introspection_cpp.hpp\n'}
[9.926788] (go2_interfaces) StdoutLine: {'line': b'-- Symlinking: /home/jnu/go2_ws/install/go2_interfaces/local/lib/python3.10/dist-packages/go2_interfaces/_go2_interfaces_s.ep.rosidl_typesupport_fastrtps_c.c\n'}
[9.928455] (unitree_go) StdoutLine: {'line': b'-- Symlinking: /home/jnu/go2_ws/install/unitree_go/include/unitree_go/unitree_go/msg/detail/go2_front_video_data__rosidl_typesupport_introspection_cpp.hpp\n'}
[9.932218] (go2_interfaces) StdoutLine: {'line': b'-- Symlinking: /home/jnu/go2_ws/install/go2_interfaces/local/lib/python3.10/dist-packages/go2_interfaces/_go2_interfaces_s.ep.rosidl_typesupport_introspection_c.c\n'}
[9.932433] (-) TimerEvent: {}
[9.933468] (unitree_go) StdoutLine: {'line': b'-- Symlinking: /home/jnu/go2_ws/install/unitree_go/include/unitree_go/unitree_go/msg/detail/height_map__rosidl_typesupport_introspection_cpp.hpp\n'}
[9.937614] (go2_interfaces) StdoutLine: {'line': b'-- Symlinking: /home/jnu/go2_ws/install/go2_interfaces/local/lib/python3.10/dist-packages/go2_interfaces/go2_interfaces_s__rosidl_typesupport_c.cpython-310-x86_64-linux-gnu.so\n'}
[9.938582] (unitree_go) StdoutLine: {'line': b'-- Symlinking: /home/jnu/go2_ws/install/unitree_go/include/unitree_go/unitree_go/msg/detail/imu_state__rosidl_typesupport_introspection_cpp.hpp\n'}
[9.943315] (go2_interfaces) StdoutLine: {'line': b'-- Symlinking: /home/jnu/go2_ws/install/go2_interfaces/local/lib/python3.10/dist-packages/go2_interfaces/go2_interfaces_s__rosidl_typesupport_fastrtps_c.cpython-310-x86_64-linux-gnu.so\n'}
[9.944232] (unitree_go) StdoutLine: {'line': b'-- Symlinking: /home/jnu/go2_ws/install/unitree_go/include/unitree_go/unitree_go/msg/detail/interface_config__rosidl_typesupport_introspection_cpp.hpp\n'}
[9.947594] (go2_interfaces) StdoutLine: {'line': b'-- Symlinking: /home/jnu/go2_ws/install/go2_interfaces/local/lib/python3.10/dist-packages/go2_interfaces/go2_interfaces_s__rosidl_typesupport_introspection_c.cpython-310-x86_64-linux-gnu.so\n'}
[9.948710] (unitree_go) StdoutLine: {'line': b'-- Symlinking: /home/jnu/go2_ws/install/unitree_go/include/unitree_go/unitree_go/msg/detail/lidar_state__rosidl_typesupport_introspection_cpp.hpp\n'}
[9.952095] (go2_interfaces) StdoutLine: {'line': b'-- Symlinking: /home/jnu/go2_ws/install/go2_interfaces/local/lib/python3.10/dist-packages/go2_interfaces/libgo2_interfaces__rosidl_generator_py.so\n'}
[9.953178] (unitree_go) StdoutLine: {'line': b'-- Symlinking: /home/jnu/go2_ws/install/unitree_go/include/unitree_go/unitree_go/msg/detail/low_cmd__rosidl_typesupport_introspection_cpp.hpp\n'}
[9.956469] (go2_interfaces) StdoutLine: {'line': b'-- Symlinking: /home/jnu/go2_ws/install/go2_interfaces/local/lib/python3.10/dist-packages/go2_interfaces/srv/__init__.py\n'}
[9.957989] (unitree_go) StdoutLine: {'line': b'-- Symlinking: /home/jnu/go2_ws/install/unitree_go/include/unitree_go/unitree_go/msg/detail/low_state__rosidl_typesupport_introspection_cpp.hpp\n'}
[9.961671] (go2_interfaces) StdoutLine: {'line': b'-- Symlinking: /home/jnu/go2_ws/install/go2_interfaces/local/lib/python3.10/dist-packages/go2_interfaces/srv/_body_height.py\n'}
[9.963868] (unitree_go) StdoutLine: {'line': b'-- Symlinking: /home/jnu/go2_ws/install/unitree_go/include/unitree_go/unitree_go/msg/detail/motor_cmd__rosidl_typesupport_introspection_cpp.hpp\n'}
[9.965645] (go2_interfaces) StdoutLine: {'line': b'-- Symlinking: /home/jnu/go2_ws/install/go2_interfaces/local/lib/python3.10/dist-packages/go2_interfaces/srv/_body_height_s.c\n'}
[9.969257] (unitree_go) StdoutLine: {'line': b'-- Symlinking: /home/jnu/go2_ws/install/unitree_go/include/unitree_go/unitree_go/msg/detail/motor_cmds__rosidl_typesupport_introspection_cpp.hpp\n'}
[9.970758] (go2_interfaces) StdoutLine: {'line': b'-- Symlinking: /home/jnu/go2_ws/install/go2_interfaces/local/lib/python3.10/dist-packages/go2_interfaces/srv/_continuous_gait.py\n'}
[9.974033] (unitree_go) StdoutLine: {'line': b'-- Symlinking: /home/jnu/go2_ws/install/unitree_go/include/unitree_go/unitree_go/msg/detail/motor_state__rosidl_typesupport_introspection_cpp.hpp\n'}
[9.976074] (go2_interfaces) StdoutLine: {'line': b'-- Symlinking: /home/jnu/go2_ws/install/go2_interfaces/local/lib/python3.10/dist-packages/go2_interfaces/srv/_continuous_gait_s.c\n'}
[9.977998] (unitree_go) StdoutLine: {'line': b'-- Symlinking: /home/jnu/go2_ws/install/unitree_go/include/unitree_go/unitree_go/msg/detail/motor_states__rosidl_typesupport_introspection_cpp.hpp\n'}
[9.979829] (go2_interfaces) StdoutLine: {'line': b'-- Symlinking: /home/jnu/go2_ws/install/go2_interfaces/local/lib/python3.10/dist-packages/go2_interfaces/srv/_euler.py\n'}
[9.982904] (unitree_go) StdoutLine: {'line': b'-- Symlinking: /home/jnu/go2_ws/install/unitree_go/include/unitree_go/unitree_go/msg/detail/path_point__rosidl_typesupport_introspection_cpp.hpp\n'}
[9.985863] (go2_interfaces) StdoutLine: {'line': b'-- Symlinking: /home/jnu/go2_ws/install/go2_interfaces/local/lib/python3.10/dist-packages/go2_interfaces/srv/_euler_s.c\n'}
[9.987247] (unitree_go) StdoutLine: {'line': b'-- Symlinking: /home/jnu/go2_ws/install/unitree_go/include/unitree_go/unitree_go/msg/detail/req__rosidl_typesupport_introspection_cpp.hpp\n'}
[9.991811] (go2_interfaces) StdoutLine: {'line': b'-- Symlinking: /home/jnu/go2_ws/install/go2_interfaces/local/lib/python3.10/dist-packages/go2_interfaces/srv/_foot_raise_height.py\n'}
[9.993098] (unitree_go) StdoutLine: {'line': b'-- Symlinking: /home/jnu/go2_ws/install/unitree_go/include/unitree_go/unitree_go/msg/detail/res__rosidl_typesupport_introspection_cpp.hpp\n'}
[9.995942] (go2_interfaces) StdoutLine: {'line': b'-- Symlinking: /home/jnu/go2_ws/install/go2_interfaces/local/lib/python3.10/dist-packages/go2_interfaces/srv/_foot_raise_height_s.c\n'}
[9.997488] (unitree_go) StdoutLine: {'line': b'-- Symlinking: /home/jnu/go2_ws/install/unitree_go/include/unitree_go/unitree_go/msg/detail/sport_mode_cmd__rosidl_typesupport_introspection_cpp.hpp\n'}
[10.001687] (go2_interfaces) StdoutLine: {'line': b'-- Symlinking: /home/jnu/go2_ws/install/go2_interfaces/local/lib/python3.10/dist-packages/go2_interfaces/srv/_get_body_height.py\n'}
[10.002551] (unitree_go) StdoutLine: {'line': b'-- Symlinking: /home/jnu/go2_ws/install/unitree_go/include/unitree_go/unitree_go/msg/detail/sport_mode_state__rosidl_typesupport_introspection_cpp.hpp\n'}
[10.006564] (go2_interfaces) StdoutLine: {'line': b'-- Symlinking: /home/jnu/go2_ws/install/go2_interfaces/local/lib/python3.10/dist-packages/go2_interfaces/srv/_get_body_height_s.c\n'}
[10.008245] (unitree_go) StdoutLine: {'line': b'-- Symlinking: /home/jnu/go2_ws/install/unitree_go/include/unitree_go/unitree_go/msg/detail/time_spec__rosidl_typesupport_introspection_cpp.hpp\n'}
[10.011043] (go2_interfaces) StdoutLine: {'line': b'-- Symlinking: /home/jnu/go2_ws/install/go2_interfaces/local/lib/python3.10/dist-packages/go2_interfaces/srv/_get_brightness.py\n'}
[10.012443] (unitree_go) StdoutLine: {'line': b'-- Symlinking: /home/jnu/go2_ws/install/unitree_go/include/unitree_go/unitree_go/msg/detail/uwb_state__rosidl_typesupport_introspection_cpp.hpp\n'}
[10.015899] (go2_interfaces) StdoutLine: {'line': b'-- Symlinking: /home/jnu/go2_ws/install/go2_interfaces/local/lib/python3.10/dist-packages/go2_interfaces/srv/_get_brightness_s.c\n'}
[10.017147] (unitree_go) StdoutLine: {'line': b'-- Symlinking: /home/jnu/go2_ws/install/unitree_go/include/unitree_go/unitree_go/msg/detail/uwb_switch__rosidl_typesupport_introspection_cpp.hpp\n'}
[10.021615] (unitree_go) StdoutLine: {'line': b'-- Symlinking: /home/jnu/go2_ws/install/unitree_go/include/unitree_go/unitree_go/msg/detail/voxel_height_map_state__rosidl_typesupport_introspection_cpp.hpp\n'}
[10.022036] (go2_interfaces) StdoutLine: {'line': b'-- Symlinking: /home/jnu/go2_ws/install/go2_interfaces/local/lib/python3.10/dist-packages/go2_interfaces/srv/_get_foot_raise_height.py\n'}
[10.026588] (unitree_go) StdoutLine: {'line': b'-- Symlinking: /home/jnu/go2_ws/install/unitree_go/include/unitree_go/unitree_go/msg/detail/voxel_map_compressed__rosidl_typesupport_introspection_cpp.hpp\n'}
[10.026931] (go2_interfaces) StdoutLine: {'line': b'-- Symlinking: /home/jnu/go2_ws/install/go2_interfaces/local/lib/python3.10/dist-packages/go2_interfaces/srv/_get_foot_raise_height_s.c\n'}
[10.031245] (unitree_go) StdoutLine: {'line': b'-- Symlinking: /home/jnu/go2_ws/install/unitree_go/include/unitree_go/unitree_go/msg/detail/wireless_controller__rosidl_typesupport_introspection_cpp.hpp\n'}
[10.032505] (-) TimerEvent: {}
[10.032997] (go2_interfaces) StdoutLine: {'line': b'-- Symlinking: /home/jnu/go2_ws/install/go2_interfaces/local/lib/python3.10/dist-packages/go2_interfaces/srv/_get_speed_level.py\n'}
[10.035590] (unitree_go) StdoutLine: {'line': b'-- Symlinking: /home/jnu/go2_ws/install/unitree_go/share/unitree_go/environment/pythonpath.sh\n'}
[10.038873] (go2_interfaces) StdoutLine: {'line': b'-- Symlinking: /home/jnu/go2_ws/install/go2_interfaces/local/lib/python3.10/dist-packages/go2_interfaces/srv/_get_speed_level_s.c\n'}
[10.041440] (unitree_go) StdoutLine: {'line': b'-- Symlinking: /home/jnu/go2_ws/install/unitree_go/share/unitree_go/environment/pythonpath.dsv\n'}
[10.043725] (go2_interfaces) StdoutLine: {'line': b'-- Symlinking: /home/jnu/go2_ws/install/go2_interfaces/local/lib/python3.10/dist-packages/go2_interfaces/srv/_get_state.py\n'}
[10.047733] (unitree_go) StdoutLine: {'line': b'-- Symlinking: /home/jnu/go2_ws/install/unitree_go/local/lib/python3.10/dist-packages/unitree_go-0.0.1-py3.10.egg-info/PKG-INFO\n'}
[10.048553] (go2_interfaces) StdoutLine: {'line': b'-- Symlinking: /home/jnu/go2_ws/install/go2_interfaces/local/lib/python3.10/dist-packages/go2_interfaces/srv/_get_state_s.c\n'}
[10.052083] (unitree_go) StdoutLine: {'line': b'-- Symlinking: /home/jnu/go2_ws/install/unitree_go/local/lib/python3.10/dist-packages/unitree_go-0.0.1-py3.10.egg-info/SOURCES.txt\n'}
[10.052730] (go2_interfaces) StdoutLine: {'line': b'-- Symlinking: /home/jnu/go2_ws/install/go2_interfaces/local/lib/python3.10/dist-packages/go2_interfaces/srv/_get_switch.py\n'}
[10.058271] (unitree_go) StdoutLine: {'line': b'-- Symlinking: /home/jnu/go2_ws/install/unitree_go/local/lib/python3.10/dist-packages/unitree_go-0.0.1-py3.10.egg-info/dependency_links.txt\n'}
[10.058397] (go2_interfaces) StdoutLine: {'line': b'-- Symlinking: /home/jnu/go2_ws/install/go2_interfaces/local/lib/python3.10/dist-packages/go2_interfaces/srv/_get_switch_obstacles_avoidance.py\n'}
[10.065221] (go2_interfaces) StdoutLine: {'line': b'-- Symlinking: /home/jnu/go2_ws/install/go2_interfaces/local/lib/python3.10/dist-packages/go2_interfaces/srv/_get_switch_obstacles_avoidance_s.c\n'}
[10.065274] (unitree_go) StdoutLine: {'line': b'-- Symlinking: /home/jnu/go2_ws/install/unitree_go/local/lib/python3.10/dist-packages/unitree_go-0.0.1-py3.10.egg-info/top_level.txt\n'}
[10.070345] (go2_interfaces) StdoutLine: {'line': b'-- Symlinking: /home/jnu/go2_ws/install/go2_interfaces/local/lib/python3.10/dist-packages/go2_interfaces/srv/_get_switch_s.c\n'}
[10.070965] (unitree_go) StdoutLine: {'line': b'-- Symlinking: /home/jnu/go2_ws/install/unitree_go/local/lib/python3.10/dist-packages/unitree_go/__init__.py\n'}
[10.075246] (go2_interfaces) StdoutLine: {'line': b'-- Symlinking: /home/jnu/go2_ws/install/go2_interfaces/local/lib/python3.10/dist-packages/go2_interfaces/srv/_get_volume.py\n'}
[10.076291] (unitree_go) StdoutLine: {'line': b'-- Symlinking: /home/jnu/go2_ws/install/unitree_go/local/lib/python3.10/dist-packages/unitree_go/_unitree_go_s.ep.rosidl_typesupport_c.c\n'}
[10.079504] (go2_interfaces) StdoutLine: {'line': b'-- Symlinking: /home/jnu/go2_ws/install/go2_interfaces/local/lib/python3.10/dist-packages/go2_interfaces/srv/_get_volume_s.c\n'}
[10.082167] (unitree_go) StdoutLine: {'line': b'-- Symlinking: /home/jnu/go2_ws/install/unitree_go/local/lib/python3.10/dist-packages/unitree_go/_unitree_go_s.ep.rosidl_typesupport_fastrtps_c.c\n'}
[10.085478] (go2_interfaces) StdoutLine: {'line': b'-- Symlinking: /home/jnu/go2_ws/install/go2_interfaces/local/lib/python3.10/dist-packages/go2_interfaces/srv/_mode.py\n'}
[10.086002] (unitree_go) StdoutLine: {'line': b'-- Symlinking: /home/jnu/go2_ws/install/unitree_go/local/lib/python3.10/dist-packages/unitree_go/_unitree_go_s.ep.rosidl_typesupport_introspection_c.c\n'}
[10.091246] (go2_interfaces) StdoutLine: {'line': b'-- Symlinking: /home/jnu/go2_ws/install/go2_interfaces/local/lib/python3.10/dist-packages/go2_interfaces/srv/_mode_s.c\n'}
[10.091765] (unitree_go) StdoutLine: {'line': b'-- Symlinking: /home/jnu/go2_ws/install/unitree_go/local/lib/python3.10/dist-packages/unitree_go/libunitree_go__rosidl_generator_py.so\n'}
[10.096672] (unitree_go) StdoutLine: {'line': b'-- Symlinking: /home/jnu/go2_ws/install/unitree_go/local/lib/python3.10/dist-packages/unitree_go/msg/__init__.py\n'}
[10.097154] (go2_interfaces) StdoutLine: {'line': b'-- Symlinking: /home/jnu/go2_ws/install/go2_interfaces/local/lib/python3.10/dist-packages/go2_interfaces/srv/_pose.py\n'}
[10.101999] (go2_interfaces) StdoutLine: {'line': b'-- Symlinking: /home/jnu/go2_ws/install/go2_interfaces/local/lib/python3.10/dist-packages/go2_interfaces/srv/_pose_s.c\n'}
[10.102224] (unitree_go) StdoutLine: {'line': b'-- Symlinking: /home/jnu/go2_ws/install/unitree_go/local/lib/python3.10/dist-packages/unitree_go/msg/_audio_data.py\n'}
[10.108854] (unitree_go) StdoutLine: {'line': b'-- Symlinking: /home/jnu/go2_ws/install/unitree_go/local/lib/python3.10/dist-packages/unitree_go/msg/_audio_data_s.c\n'}
[10.108961] (go2_interfaces) StdoutLine: {'line': b'-- Symlinking: /home/jnu/go2_ws/install/go2_interfaces/local/lib/python3.10/dist-packages/go2_interfaces/srv/_say.py\n'}
[10.116323] (go2_interfaces) StdoutLine: {'line': b'-- Symlinking: /home/jnu/go2_ws/install/go2_interfaces/local/lib/python3.10/dist-packages/go2_interfaces/srv/_say_s.c\n'}
[10.116543] (unitree_go) StdoutLine: {'line': b'-- Symlinking: /home/jnu/go2_ws/install/unitree_go/local/lib/python3.10/dist-packages/unitree_go/msg/_bms_cmd.py\n'}
[10.123108] (go2_interfaces) StdoutLine: {'line': b'-- Symlinking: /home/jnu/go2_ws/install/go2_interfaces/local/lib/python3.10/dist-packages/go2_interfaces/srv/_set_brightness.py\n'}
[10.124260] (unitree_go) StdoutLine: {'line': b'-- Symlinking: /home/jnu/go2_ws/install/unitree_go/local/lib/python3.10/dist-packages/unitree_go/msg/_bms_cmd_s.c\n'}
[10.131484] (unitree_go) StdoutLine: {'line': b'-- Symlinking: /home/jnu/go2_ws/install/unitree_go/local/lib/python3.10/dist-packages/unitree_go/msg/_bms_state.py\n'}
[10.131727] (go2_interfaces) StdoutLine: {'line': b'-- Symlinking: /home/jnu/go2_ws/install/go2_interfaces/local/lib/python3.10/dist-packages/go2_interfaces/srv/_set_brightness_s.c\n'}
[10.132584] (-) TimerEvent: {}
[10.140231] (unitree_go) StdoutLine: {'line': b'-- Symlinking: /home/jnu/go2_ws/install/unitree_go/local/lib/python3.10/dist-packages/unitree_go/msg/_bms_state_s.c\n'}
[10.140493] (go2_interfaces) StdoutLine: {'line': b'-- Symlinking: /home/jnu/go2_ws/install/go2_interfaces/local/lib/python3.10/dist-packages/go2_interfaces/srv/_set_switch.py\n'}
[10.145452] (go2_interfaces) StdoutLine: {'line': b'-- Symlinking: /home/jnu/go2_ws/install/go2_interfaces/local/lib/python3.10/dist-packages/go2_interfaces/srv/_set_switch_obstacles_avoidance.py\n'}
[10.145710] (unitree_go) StdoutLine: {'line': b'-- Symlinking: /home/jnu/go2_ws/install/unitree_go/local/lib/python3.10/dist-packages/unitree_go/msg/_error.py\n'}
[10.151730] (unitree_go) StdoutLine: {'line': b'-- Symlinking: /home/jnu/go2_ws/install/unitree_go/local/lib/python3.10/dist-packages/unitree_go/msg/_error_s.c\n'}
[10.151854] (go2_interfaces) StdoutLine: {'line': b'-- Symlinking: /home/jnu/go2_ws/install/go2_interfaces/local/lib/python3.10/dist-packages/go2_interfaces/srv/_set_switch_obstacles_avoidance_s.c\n'}
[10.159154] (go2_interfaces) StdoutLine: {'line': b'-- Symlinking: /home/jnu/go2_ws/install/go2_interfaces/local/lib/python3.10/dist-packages/go2_interfaces/srv/_set_switch_s.c\n'}
[10.159249] (unitree_go) StdoutLine: {'line': b'-- Symlinking: /home/jnu/go2_ws/install/unitree_go/local/lib/python3.10/dist-packages/unitree_go/msg/_go2_front_video_data.py\n'}
[10.163339] (go2_interfaces) StdoutLine: {'line': b'-- Symlinking: /home/jnu/go2_ws/install/go2_interfaces/local/lib/python3.10/dist-packages/go2_interfaces/srv/_set_volume.py\n'}
[10.165049] (unitree_go) StdoutLine: {'line': b'-- Symlinking: /home/jnu/go2_ws/install/unitree_go/local/lib/python3.10/dist-packages/unitree_go/msg/_go2_front_video_data_s.c\n'}
[10.168206] (go2_interfaces) StdoutLine: {'line': b'-- Symlinking: /home/jnu/go2_ws/install/go2_interfaces/local/lib/python3.10/dist-packages/go2_interfaces/srv/_set_volume_s.c\n'}
[10.169090] (unitree_go) StdoutLine: {'line': b'-- Symlinking: /home/jnu/go2_ws/install/unitree_go/local/lib/python3.10/dist-packages/unitree_go/msg/_height_map.py\n'}
[10.173039] (go2_interfaces) StdoutLine: {'line': b'-- Symlinking: /home/jnu/go2_ws/install/go2_interfaces/local/lib/python3.10/dist-packages/go2_interfaces/srv/_speed_level.py\n'}
[10.173433] (unitree_go) StdoutLine: {'line': b'-- Symlinking: /home/jnu/go2_ws/install/unitree_go/local/lib/python3.10/dist-packages/unitree_go/msg/_height_map_s.c\n'}
[10.177405] (go2_interfaces) StdoutLine: {'line': b'-- Symlinking: /home/jnu/go2_ws/install/go2_interfaces/local/lib/python3.10/dist-packages/go2_interfaces/srv/_speed_level_s.c\n'}
[10.179191] (unitree_go) StdoutLine: {'line': b'-- Symlinking: /home/jnu/go2_ws/install/unitree_go/local/lib/python3.10/dist-packages/unitree_go/msg/_imu_state.py\n'}
[10.183107] (go2_interfaces) StdoutLine: {'line': b'-- Symlinking: /home/jnu/go2_ws/install/go2_interfaces/local/lib/python3.10/dist-packages/go2_interfaces/srv/_switch_gait.py\n'}
[10.185009] (unitree_go) StdoutLine: {'line': b'-- Symlinking: /home/jnu/go2_ws/install/unitree_go/local/lib/python3.10/dist-packages/unitree_go/msg/_imu_state_s.c\n'}
[10.186992] (go2_interfaces) StdoutLine: {'line': b'-- Symlinking: /home/jnu/go2_ws/install/go2_interfaces/local/lib/python3.10/dist-packages/go2_interfaces/srv/_switch_gait_s.c\n'}
[10.190689] (unitree_go) StdoutLine: {'line': b'-- Symlinking: /home/jnu/go2_ws/install/unitree_go/local/lib/python3.10/dist-packages/unitree_go/msg/_interface_config.py\n'}
[10.192891] (go2_interfaces) StdoutLine: {'line': b'-- Symlinking: /home/jnu/go2_ws/install/go2_interfaces/local/lib/python3.10/dist-packages/go2_interfaces/srv/_switch_joystick.py\n'}
[10.194835] (unitree_go) StdoutLine: {'line': b'-- Symlinking: /home/jnu/go2_ws/install/unitree_go/local/lib/python3.10/dist-packages/unitree_go/msg/_interface_config_s.c\n'}
[10.198271] (go2_interfaces) StdoutLine: {'line': b'-- Symlinking: /home/jnu/go2_ws/install/go2_interfaces/local/lib/python3.10/dist-packages/go2_interfaces/srv/_switch_joystick_s.c\n'}
[10.198956] (unitree_go) StdoutLine: {'line': b'-- Symlinking: /home/jnu/go2_ws/install/unitree_go/local/lib/python3.10/dist-packages/unitree_go/msg/_lidar_state.py\n'}
[10.203435] (go2_interfaces) StdoutLine: {'line': b'-- Up-to-date symlink: /home/jnu/go2_ws/install/go2_interfaces/local/lib/python3.10/dist-packages/go2_interfaces/go2_interfaces_s__rosidl_typesupport_fastrtps_c.cpython-310-x86_64-linux-gnu.so\n'}
[10.203508] (go2_interfaces) StdoutLine: {'line': b'-- Up-to-date symlink: /home/jnu/go2_ws/install/go2_interfaces/local/lib/python3.10/dist-packages/go2_interfaces/go2_interfaces_s__rosidl_typesupport_introspection_c.cpython-310-x86_64-linux-gnu.so\n'}
[10.203607] (go2_interfaces) StdoutLine: {'line': b'-- Up-to-date symlink: /home/jnu/go2_ws/install/go2_interfaces/local/lib/python3.10/dist-packages/go2_interfaces/go2_interfaces_s__rosidl_typesupport_c.cpython-310-x86_64-linux-gnu.so\n'}
[10.203718] (go2_interfaces) StdoutLine: {'line': b'-- Symlinking: /home/jnu/go2_ws/install/go2_interfaces/share/go2_interfaces/srv/BodyHeight.idl\n'}
[10.205168] (unitree_go) StdoutLine: {'line': b'-- Symlinking: /home/jnu/go2_ws/install/unitree_go/local/lib/python3.10/dist-packages/unitree_go/msg/_lidar_state_s.c\n'}
[10.209088] (go2_interfaces) StdoutLine: {'line': b'-- Symlinking: /home/jnu/go2_ws/install/go2_interfaces/share/go2_interfaces/srv/ContinuousGait.idl\n'}
[10.210869] (unitree_go) StdoutLine: {'line': b'-- Symlinking: /home/jnu/go2_ws/install/unitree_go/local/lib/python3.10/dist-packages/unitree_go/msg/_low_cmd.py\n'}
[10.214384] (go2_interfaces) StdoutLine: {'line': b'-- Symlinking: /home/jnu/go2_ws/install/go2_interfaces/share/go2_interfaces/srv/Euler.idl\n'}
[10.215601] (unitree_go) StdoutLine: {'line': b'-- Symlinking: /home/jnu/go2_ws/install/unitree_go/local/lib/python3.10/dist-packages/unitree_go/msg/_low_cmd_s.c\n'}
[10.219728] (go2_interfaces) StdoutLine: {'line': b'-- Symlinking: /home/jnu/go2_ws/install/go2_interfaces/share/go2_interfaces/srv/FootRaiseHeight.idl\n'}
[10.219792] (unitree_go) StdoutLine: {'line': b'-- Symlinking: /home/jnu/go2_ws/install/unitree_go/local/lib/python3.10/dist-packages/unitree_go/msg/_low_state.py\n'}
[10.224183] (go2_interfaces) StdoutLine: {'line': b'-- Symlinking: /home/jnu/go2_ws/install/go2_interfaces/share/go2_interfaces/srv/GetBodyHeight.idl\n'}
[10.224525] (unitree_go) StdoutLine: {'line': b'-- Symlinking: /home/jnu/go2_ws/install/unitree_go/local/lib/python3.10/dist-packages/unitree_go/msg/_low_state_s.c\n'}
[10.230057] (go2_interfaces) StdoutLine: {'line': b'-- Symlinking: /home/jnu/go2_ws/install/go2_interfaces/share/go2_interfaces/srv/GetBrightness.idl\n'}
[10.230345] (unitree_go) StdoutLine: {'line': b'-- Symlinking: /home/jnu/go2_ws/install/unitree_go/local/lib/python3.10/dist-packages/unitree_go/msg/_motor_cmd.py\n'}
[10.232641] (-) TimerEvent: {}
[10.234211] (go2_interfaces) StdoutLine: {'line': b'-- Symlinking: /home/jnu/go2_ws/install/go2_interfaces/share/go2_interfaces/srv/GetFootRaiseHeight.idl\n'}
[10.236541] (unitree_go) StdoutLine: {'line': b'-- Symlinking: /home/jnu/go2_ws/install/unitree_go/local/lib/python3.10/dist-packages/unitree_go/msg/_motor_cmd_s.c\n'}
[10.238265] (go2_interfaces) StdoutLine: {'line': b'-- Symlinking: /home/jnu/go2_ws/install/go2_interfaces/share/go2_interfaces/srv/GetSpeedLevel.idl\n'}
[10.242376] (unitree_go) StdoutLine: {'line': b'-- Symlinking: /home/jnu/go2_ws/install/unitree_go/local/lib/python3.10/dist-packages/unitree_go/msg/_motor_cmds.py\n'}
[10.242903] (go2_interfaces) StdoutLine: {'line': b'-- Symlinking: /home/jnu/go2_ws/install/go2_interfaces/share/go2_interfaces/srv/GetState.idl\n'}
[10.248183] (unitree_go) StdoutLine: {'line': b'-- Symlinking: /home/jnu/go2_ws/install/unitree_go/local/lib/python3.10/dist-packages/unitree_go/msg/_motor_cmds_s.c\n'}
[10.248611] (go2_interfaces) StdoutLine: {'line': b'-- Symlinking: /home/jnu/go2_ws/install/go2_interfaces/share/go2_interfaces/srv/GetSwitch.idl\n'}
[10.253199] (go2_interfaces) StdoutLine: {'line': b'-- Symlinking: /home/jnu/go2_ws/install/go2_interfaces/share/go2_interfaces/srv/GetSwitchObstaclesAvoidance.idl\n'}
[10.254196] (unitree_go) StdoutLine: {'line': b'-- Symlinking: /home/jnu/go2_ws/install/unitree_go/local/lib/python3.10/dist-packages/unitree_go/msg/_motor_state.py\n'}
[10.257978] (go2_interfaces) StdoutLine: {'line': b'-- Symlinking: /home/jnu/go2_ws/install/go2_interfaces/share/go2_interfaces/srv/GetVolume.idl\n'}
[10.260235] (unitree_go) StdoutLine: {'line': b'-- Symlinking: /home/jnu/go2_ws/install/unitree_go/local/lib/python3.10/dist-packages/unitree_go/msg/_motor_state_s.c\n'}
[10.262103] (go2_interfaces) StdoutLine: {'line': b'-- Symlinking: /home/jnu/go2_ws/install/go2_interfaces/share/go2_interfaces/srv/Mode.idl\n'}
[10.265313] (unitree_go) StdoutLine: {'line': b'-- Symlinking: /home/jnu/go2_ws/install/unitree_go/local/lib/python3.10/dist-packages/unitree_go/msg/_motor_states.py\n'}
[10.266218] (go2_interfaces) StdoutLine: {'line': b'-- Symlinking: /home/jnu/go2_ws/install/go2_interfaces/share/go2_interfaces/srv/Pose.idl\n'}
[10.270101] (unitree_go) StdoutLine: {'line': b'-- Symlinking: /home/jnu/go2_ws/install/unitree_go/local/lib/python3.10/dist-packages/unitree_go/msg/_motor_states_s.c\n'}
[10.270422] (go2_interfaces) StdoutLine: {'line': b'-- Symlinking: /home/jnu/go2_ws/install/go2_interfaces/share/go2_interfaces/srv/Say.idl\n'}
[10.276120] (go2_interfaces) StdoutLine: {'line': b'-- Symlinking: /home/jnu/go2_ws/install/go2_interfaces/share/go2_interfaces/srv/SetBrightness.idl\n'}
[10.276488] (unitree_go) StdoutLine: {'line': b'-- Symlinking: /home/jnu/go2_ws/install/unitree_go/local/lib/python3.10/dist-packages/unitree_go/msg/_path_point.py\n'}
[10.281669] (unitree_go) StdoutLine: {'line': b'-- Symlinking: /home/jnu/go2_ws/install/unitree_go/local/lib/python3.10/dist-packages/unitree_go/msg/_path_point_s.c\n'}
[10.281794] (go2_interfaces) StdoutLine: {'line': b'-- Symlinking: /home/jnu/go2_ws/install/go2_interfaces/share/go2_interfaces/srv/SetSwitch.idl\n'}
[10.286314] (unitree_go) StdoutLine: {'line': b'-- Symlinking: /home/jnu/go2_ws/install/unitree_go/local/lib/python3.10/dist-packages/unitree_go/msg/_req.py\n'}
[10.286447] (go2_interfaces) StdoutLine: {'line': b'-- Symlinking: /home/jnu/go2_ws/install/go2_interfaces/share/go2_interfaces/srv/SetSwitchObstaclesAvoidance.idl\n'}
[10.290816] (unitree_go) StdoutLine: {'line': b'-- Symlinking: /home/jnu/go2_ws/install/unitree_go/local/lib/python3.10/dist-packages/unitree_go/msg/_req_s.c\n'}
[10.291063] (go2_interfaces) StdoutLine: {'line': b'-- Symlinking: /home/jnu/go2_ws/install/go2_interfaces/share/go2_interfaces/srv/SetVolume.idl\n'}
[10.295050] (unitree_go) StdoutLine: {'line': b'-- Symlinking: /home/jnu/go2_ws/install/unitree_go/local/lib/python3.10/dist-packages/unitree_go/msg/_res.py\n'}
[10.295144] (go2_interfaces) StdoutLine: {'line': b'-- Symlinking: /home/jnu/go2_ws/install/go2_interfaces/share/go2_interfaces/srv/SpeedLevel.idl\n'}
[10.300607] (unitree_go) StdoutLine: {'line': b'-- Symlinking: /home/jnu/go2_ws/install/unitree_go/local/lib/python3.10/dist-packages/unitree_go/msg/_res_s.c\n'}
[10.301326] (go2_interfaces) StdoutLine: {'line': b'-- Symlinking: /home/jnu/go2_ws/install/go2_interfaces/share/go2_interfaces/srv/SwitchGait.idl\n'}
[10.305626] (unitree_go) StdoutLine: {'line': b'-- Symlinking: /home/jnu/go2_ws/install/unitree_go/local/lib/python3.10/dist-packages/unitree_go/msg/_sport_mode_cmd.py\n'}
[10.307235] (go2_interfaces) StdoutLine: {'line': b'-- Symlinking: /home/jnu/go2_ws/install/go2_interfaces/share/go2_interfaces/srv/SwitchJoystick.idl\n'}
[10.309761] (unitree_go) StdoutLine: {'line': b'-- Symlinking: /home/jnu/go2_ws/install/unitree_go/local/lib/python3.10/dist-packages/unitree_go/msg/_sport_mode_cmd_s.c\n'}
[10.312075] (go2_interfaces) StdoutLine: {'line': b'-- Symlinking: /home/jnu/go2_ws/install/go2_interfaces/share/go2_interfaces/srv/BodyHeight.srv\n'}
[10.314197] (unitree_go) StdoutLine: {'line': b'-- Symlinking: /home/jnu/go2_ws/install/unitree_go/local/lib/python3.10/dist-packages/unitree_go/msg/_sport_mode_state.py\n'}
[10.316690] (go2_interfaces) StdoutLine: {'line': b'-- Symlinking: /home/jnu/go2_ws/install/go2_interfaces/share/go2_interfaces/srv/BodyHeight_Request.msg\n'}
[10.319085] (unitree_go) StdoutLine: {'line': b'-- Symlinking: /home/jnu/go2_ws/install/unitree_go/local/lib/python3.10/dist-packages/unitree_go/msg/_sport_mode_state_s.c\n'}
[10.321425] (go2_interfaces) StdoutLine: {'line': b'-- Symlinking: /home/jnu/go2_ws/install/go2_interfaces/share/go2_interfaces/srv/BodyHeight_Response.msg\n'}
[10.325580] (unitree_go) StdoutLine: {'line': b'-- Symlinking: /home/jnu/go2_ws/install/unitree_go/local/lib/python3.10/dist-packages/unitree_go/msg/_time_spec.py\n'}
[10.327644] (go2_interfaces) StdoutLine: {'line': b'-- Symlinking: /home/jnu/go2_ws/install/go2_interfaces/share/go2_interfaces/srv/ContinuousGait.srv\n'}
[10.331762] (unitree_go) StdoutLine: {'line': b'-- Symlinking: /home/jnu/go2_ws/install/unitree_go/local/lib/python3.10/dist-packages/unitree_go/msg/_time_spec_s.c\n'}
[10.332685] (go2_interfaces) StdoutLine: {'line': b'-- Symlinking: /home/jnu/go2_ws/install/go2_interfaces/share/go2_interfaces/srv/ContinuousGait_Request.msg\n'}
[10.332751] (-) TimerEvent: {}
[10.337212] (unitree_go) StdoutLine: {'line': b'-- Symlinking: /home/jnu/go2_ws/install/unitree_go/local/lib/python3.10/dist-packages/unitree_go/msg/_uwb_state.py\n'}
[10.337331] (go2_interfaces) StdoutLine: {'line': b'-- Symlinking: /home/jnu/go2_ws/install/go2_interfaces/share/go2_interfaces/srv/ContinuousGait_Response.msg\n'}
[10.342301] (unitree_go) StdoutLine: {'line': b'-- Symlinking: /home/jnu/go2_ws/install/unitree_go/local/lib/python3.10/dist-packages/unitree_go/msg/_uwb_state_s.c\n'}
[10.342429] (go2_interfaces) StdoutLine: {'line': b'-- Symlinking: /home/jnu/go2_ws/install/go2_interfaces/share/go2_interfaces/srv/Euler.srv\n'}
[10.347612] (go2_interfaces) StdoutLine: {'line': b'-- Symlinking: /home/jnu/go2_ws/install/go2_interfaces/share/go2_interfaces/srv/Euler_Request.msg\n'}
[10.348067] (unitree_go) StdoutLine: {'line': b'-- Symlinking: /home/jnu/go2_ws/install/unitree_go/local/lib/python3.10/dist-packages/unitree_go/msg/_uwb_switch.py\n'}
[10.354032] (go2_interfaces) StdoutLine: {'line': b'-- Symlinking: /home/jnu/go2_ws/install/go2_interfaces/share/go2_interfaces/srv/Euler_Response.msg\n'}
[10.354209] (unitree_go) StdoutLine: {'line': b'-- Symlinking: /home/jnu/go2_ws/install/unitree_go/local/lib/python3.10/dist-packages/unitree_go/msg/_uwb_switch_s.c\n'}
[10.358462] (go2_interfaces) StdoutLine: {'line': b'-- Symlinking: /home/jnu/go2_ws/install/go2_interfaces/share/go2_interfaces/srv/FootRaiseHeight.srv\n'}
[10.360908] (unitree_go) StdoutLine: {'line': b'-- Symlinking: /home/jnu/go2_ws/install/unitree_go/local/lib/python3.10/dist-packages/unitree_go/msg/_voxel_height_map_state.py\n'}
[10.363169] (go2_interfaces) StdoutLine: {'line': b'-- Symlinking: /home/jnu/go2_ws/install/go2_interfaces/share/go2_interfaces/srv/FootRaiseHeight_Request.msg\n'}
[10.365607] (unitree_go) StdoutLine: {'line': b'-- Symlinking: /home/jnu/go2_ws/install/unitree_go/local/lib/python3.10/dist-packages/unitree_go/msg/_voxel_height_map_state_s.c\n'}
[10.369137] (go2_interfaces) StdoutLine: {'line': b'-- Symlinking: /home/jnu/go2_ws/install/go2_interfaces/share/go2_interfaces/srv/FootRaiseHeight_Response.msg\n'}
[10.370806] (unitree_go) StdoutLine: {'line': b'-- Symlinking: /home/jnu/go2_ws/install/unitree_go/local/lib/python3.10/dist-packages/unitree_go/msg/_voxel_map_compressed.py\n'}
[10.375335] (go2_interfaces) StdoutLine: {'line': b'-- Symlinking: /home/jnu/go2_ws/install/go2_interfaces/share/go2_interfaces/srv/GetBodyHeight.srv\n'}
[10.377137] (unitree_go) StdoutLine: {'line': b'-- Symlinking: /home/jnu/go2_ws/install/unitree_go/local/lib/python3.10/dist-packages/unitree_go/msg/_voxel_map_compressed_s.c\n'}
[10.380808] (go2_interfaces) StdoutLine: {'line': b'-- Symlinking: /home/jnu/go2_ws/install/go2_interfaces/share/go2_interfaces/srv/GetBodyHeight_Request.msg\n'}
[10.383490] (unitree_go) StdoutLine: {'line': b'-- Symlinking: /home/jnu/go2_ws/install/unitree_go/local/lib/python3.10/dist-packages/unitree_go/msg/_wireless_controller.py\n'}
[10.385075] (go2_interfaces) StdoutLine: {'line': b'-- Symlinking: /home/jnu/go2_ws/install/go2_interfaces/share/go2_interfaces/srv/GetBodyHeight_Response.msg\n'}
[10.387736] (unitree_go) StdoutLine: {'line': b'-- Symlinking: /home/jnu/go2_ws/install/unitree_go/local/lib/python3.10/dist-packages/unitree_go/msg/_wireless_controller_s.c\n'}
[10.388828] (go2_interfaces) StdoutLine: {'line': b'-- Symlinking: /home/jnu/go2_ws/install/go2_interfaces/share/go2_interfaces/srv/GetBrightness.srv\n'}
[10.393528] (unitree_go) StdoutLine: {'line': b'-- Symlinking: /home/jnu/go2_ws/install/unitree_go/local/lib/python3.10/dist-packages/unitree_go/unitree_go_s__rosidl_typesupport_c.cpython-310-x86_64-linux-gnu.so\n'}
[10.394274] (go2_interfaces) StdoutLine: {'line': b'-- Symlinking: /home/jnu/go2_ws/install/go2_interfaces/share/go2_interfaces/srv/GetBrightness_Request.msg\n'}
[10.399229] (unitree_go) StdoutLine: {'line': b'-- Symlinking: /home/jnu/go2_ws/install/unitree_go/local/lib/python3.10/dist-packages/unitree_go/unitree_go_s__rosidl_typesupport_fastrtps_c.cpython-310-x86_64-linux-gnu.so\n'}
[10.399732] (go2_interfaces) StdoutLine: {'line': b'-- Symlinking: /home/jnu/go2_ws/install/go2_interfaces/share/go2_interfaces/srv/GetBrightness_Response.msg\n'}
[10.404159] (unitree_go) StdoutLine: {'line': b'-- Symlinking: /home/jnu/go2_ws/install/unitree_go/local/lib/python3.10/dist-packages/unitree_go/unitree_go_s__rosidl_typesupport_introspection_c.cpython-310-x86_64-linux-gnu.so\n'}
[10.404891] (go2_interfaces) StdoutLine: {'line': b'-- Symlinking: /home/jnu/go2_ws/install/go2_interfaces/share/go2_interfaces/srv/GetFootRaiseHeight.srv\n'}
[10.408805] (go2_interfaces) StdoutLine: {'line': b'-- Symlinking: /home/jnu/go2_ws/install/go2_interfaces/share/go2_interfaces/srv/GetFootRaiseHeight_Request.msg\n'}
[10.409307] (unitree_go) StdoutLine: {'line': b'-- Up-to-date symlink: /home/jnu/go2_ws/install/unitree_go/local/lib/python3.10/dist-packages/unitree_go/unitree_go_s__rosidl_typesupport_fastrtps_c.cpython-310-x86_64-linux-gnu.so\n'}
[10.409353] (unitree_go) StdoutLine: {'line': b'-- Up-to-date symlink: /home/jnu/go2_ws/install/unitree_go/local/lib/python3.10/dist-packages/unitree_go/unitree_go_s__rosidl_typesupport_introspection_c.cpython-310-x86_64-linux-gnu.so\n'}
[10.409529] (unitree_go) StdoutLine: {'line': b'-- Up-to-date symlink: /home/jnu/go2_ws/install/unitree_go/local/lib/python3.10/dist-packages/unitree_go/unitree_go_s__rosidl_typesupport_c.cpython-310-x86_64-linux-gnu.so\n'}
[10.409632] (unitree_go) StdoutLine: {'line': b'-- Symlinking: /home/jnu/go2_ws/install/unitree_go/share/unitree_go/msg/AudioData.idl\n'}
[10.413668] (go2_interfaces) StdoutLine: {'line': b'-- Symlinking: /home/jnu/go2_ws/install/go2_interfaces/share/go2_interfaces/srv/GetFootRaiseHeight_Response.msg\n'}
[10.413989] (unitree_go) StdoutLine: {'line': b'-- Symlinking: /home/jnu/go2_ws/install/unitree_go/share/unitree_go/msg/BmsCmd.idl\n'}
[10.419030] (unitree_go) StdoutLine: {'line': b'-- Symlinking: /home/jnu/go2_ws/install/unitree_go/share/unitree_go/msg/BmsState.idl\n'}
[10.419390] (go2_interfaces) StdoutLine: {'line': b'-- Symlinking: /home/jnu/go2_ws/install/go2_interfaces/share/go2_interfaces/srv/GetSpeedLevel.srv\n'}
[10.422872] (unitree_go) StdoutLine: {'line': b'-- Symlinking: /home/jnu/go2_ws/install/unitree_go/share/unitree_go/msg/Error.idl\n'}
[10.424900] (go2_interfaces) StdoutLine: {'line': b'-- Symlinking: /home/jnu/go2_ws/install/go2_interfaces/share/go2_interfaces/srv/GetSpeedLevel_Request.msg\n'}
[10.427804] (unitree_go) StdoutLine: {'line': b'-- Symlinking: /home/jnu/go2_ws/install/unitree_go/share/unitree_go/msg/Go2FrontVideoData.idl\n'}
[10.429053] (go2_interfaces) StdoutLine: {'line': b'-- Symlinking: /home/jnu/go2_ws/install/go2_interfaces/share/go2_interfaces/srv/GetSpeedLevel_Response.msg\n'}
[10.432172] (unitree_go) StdoutLine: {'line': b'-- Symlinking: /home/jnu/go2_ws/install/unitree_go/share/unitree_go/msg/HeightMap.idl\n'}
[10.432806] (-) TimerEvent: {}
[10.433524] (go2_interfaces) StdoutLine: {'line': b'-- Symlinking: /home/jnu/go2_ws/install/go2_interfaces/share/go2_interfaces/srv/GetState.srv\n'}
[10.436115] (unitree_go) StdoutLine: {'line': b'-- Symlinking: /home/jnu/go2_ws/install/unitree_go/share/unitree_go/msg/IMUState.idl\n'}
[10.438228] (go2_interfaces) StdoutLine: {'line': b'-- Symlinking: /home/jnu/go2_ws/install/go2_interfaces/share/go2_interfaces/srv/GetState_Request.msg\n'}
[10.440792] (unitree_go) StdoutLine: {'line': b'-- Symlinking: /home/jnu/go2_ws/install/unitree_go/share/unitree_go/msg/InterfaceConfig.idl\n'}
[10.441998] (go2_interfaces) StdoutLine: {'line': b'-- Symlinking: /home/jnu/go2_ws/install/go2_interfaces/share/go2_interfaces/srv/GetState_Response.msg\n'}
[10.444577] (unitree_go) StdoutLine: {'line': b'-- Symlinking: /home/jnu/go2_ws/install/unitree_go/share/unitree_go/msg/LidarState.idl\n'}
[10.448454] (go2_interfaces) StdoutLine: {'line': b'-- Symlinking: /home/jnu/go2_ws/install/go2_interfaces/share/go2_interfaces/srv/GetSwitch.srv\n'}
[10.452124] (unitree_go) StdoutLine: {'line': b'-- Symlinking: /home/jnu/go2_ws/install/unitree_go/share/unitree_go/msg/LowCmd.idl\n'}
[10.453554] (go2_interfaces) StdoutLine: {'line': b'-- Symlinking: /home/jnu/go2_ws/install/go2_interfaces/share/go2_interfaces/srv/GetSwitch_Request.msg\n'}
[10.458861] (unitree_go) StdoutLine: {'line': b'-- Symlinking: /home/jnu/go2_ws/install/unitree_go/share/unitree_go/msg/LowState.idl\n'}
[10.461939] (go2_interfaces) StdoutLine: {'line': b'-- Symlinking: /home/jnu/go2_ws/install/go2_interfaces/share/go2_interfaces/srv/GetSwitch_Response.msg\n'}
[10.467928] (unitree_go) StdoutLine: {'line': b'-- Symlinking: /home/jnu/go2_ws/install/unitree_go/share/unitree_go/msg/MotorCmd.idl\n'}
[10.469842] (go2_interfaces) StdoutLine: {'line': b'-- Symlinking: /home/jnu/go2_ws/install/go2_interfaces/share/go2_interfaces/srv/GetSwitchObstaclesAvoidance.srv\n'}
[10.477410] (unitree_go) StdoutLine: {'line': b'-- Symlinking: /home/jnu/go2_ws/install/unitree_go/share/unitree_go/msg/MotorCmds.idl\n'}
[10.479707] (go2_interfaces) StdoutLine: {'line': b'-- Symlinking: /home/jnu/go2_ws/install/go2_interfaces/share/go2_interfaces/srv/GetSwitchObstaclesAvoidance_Request.msg\n'}
[10.492600] (unitree_go) StdoutLine: {'line': b'-- Symlinking: /home/jnu/go2_ws/install/unitree_go/share/unitree_go/msg/MotorState.idl\n'}
[10.493877] (go2_interfaces) StdoutLine: {'line': b'-- Symlinking: /home/jnu/go2_ws/install/go2_interfaces/share/go2_interfaces/srv/GetSwitchObstaclesAvoidance_Response.msg\n'}
[10.508359] (unitree_go) StdoutLine: {'line': b'-- Symlinking: /home/jnu/go2_ws/install/unitree_go/share/unitree_go/msg/MotorStates.idl\n'}
[10.509636] (go2_interfaces) StdoutLine: {'line': b'-- Symlinking: /home/jnu/go2_ws/install/go2_interfaces/share/go2_interfaces/srv/GetVolume.srv\n'}
[10.520105] (unitree_go) StdoutLine: {'line': b'-- Symlinking: /home/jnu/go2_ws/install/unitree_go/share/unitree_go/msg/PathPoint.idl\n'}
[10.521091] (go2_interfaces) StdoutLine: {'line': b'-- Symlinking: /home/jnu/go2_ws/install/go2_interfaces/share/go2_interfaces/srv/GetVolume_Request.msg\n'}
[10.526536] (unitree_go) StdoutLine: {'line': b'-- Symlinking: /home/jnu/go2_ws/install/unitree_go/share/unitree_go/msg/Req.idl\n'}
[10.527565] (go2_interfaces) StdoutLine: {'line': b'-- Symlinking: /home/jnu/go2_ws/install/go2_interfaces/share/go2_interfaces/srv/GetVolume_Response.msg\n'}
[10.532893] (-) TimerEvent: {}
[10.534833] (unitree_go) StdoutLine: {'line': b'-- Symlinking: /home/jnu/go2_ws/install/unitree_go/share/unitree_go/msg/Res.idl\n'}
[10.536598] (go2_interfaces) StdoutLine: {'line': b'-- Symlinking: /home/jnu/go2_ws/install/go2_interfaces/share/go2_interfaces/srv/Mode.srv\n'}
[10.545549] (unitree_go) StdoutLine: {'line': b'-- Symlinking: /home/jnu/go2_ws/install/unitree_go/share/unitree_go/msg/SportModeCmd.idl\n'}
[10.546403] (go2_interfaces) StdoutLine: {'line': b'-- Symlinking: /home/jnu/go2_ws/install/go2_interfaces/share/go2_interfaces/srv/Mode_Request.msg\n'}
[10.553597] (unitree_go) StdoutLine: {'line': b'-- Symlinking: /home/jnu/go2_ws/install/unitree_go/share/unitree_go/msg/SportModeState.idl\n'}
[10.560835] (go2_interfaces) StdoutLine: {'line': b'-- Symlinking: /home/jnu/go2_ws/install/go2_interfaces/share/go2_interfaces/srv/Mode_Response.msg\n'}
[10.565869] (unitree_go) StdoutLine: {'line': b'-- Symlinking: /home/jnu/go2_ws/install/unitree_go/share/unitree_go/msg/TimeSpec.idl\n'}
[10.573180] (go2_interfaces) StdoutLine: {'line': b'-- Symlinking: /home/jnu/go2_ws/install/go2_interfaces/share/go2_interfaces/srv/Pose.srv\n'}
[10.583084] (unitree_go) StdoutLine: {'line': b'-- Symlinking: /home/jnu/go2_ws/install/unitree_go/share/unitree_go/msg/UwbState.idl\n'}
[10.591241] (go2_interfaces) StdoutLine: {'line': b'-- Symlinking: /home/jnu/go2_ws/install/go2_interfaces/share/go2_interfaces/srv/Pose_Request.msg\n'}
[10.597452] (unitree_go) StdoutLine: {'line': b'-- Symlinking: /home/jnu/go2_ws/install/unitree_go/share/unitree_go/msg/UwbSwitch.idl\n'}
[10.603473] (go2_interfaces) StdoutLine: {'line': b'-- Symlinking: /home/jnu/go2_ws/install/go2_interfaces/share/go2_interfaces/srv/Pose_Response.msg\n'}
[10.609002] (unitree_go) StdoutLine: {'line': b'-- Symlinking: /home/jnu/go2_ws/install/unitree_go/share/unitree_go/msg/VoxelMapCompressed.idl\n'}
[10.616880] (go2_interfaces) StdoutLine: {'line': b'-- Symlinking: /home/jnu/go2_ws/install/go2_interfaces/share/go2_interfaces/srv/Say.srv\n'}
[10.622157] (unitree_go) StdoutLine: {'line': b'-- Symlinking: /home/jnu/go2_ws/install/unitree_go/share/unitree_go/msg/VoxelHeightMapState.idl\n'}
[10.629499] (go2_interfaces) StdoutLine: {'line': b'-- Symlinking: /home/jnu/go2_ws/install/go2_interfaces/share/go2_interfaces/srv/Say_Request.msg\n'}
[10.632686] (unitree_go) StdoutLine: {'line': b'-- Symlinking: /home/jnu/go2_ws/install/unitree_go/share/unitree_go/msg/WirelessController.idl\n'}
[10.632960] (-) TimerEvent: {}
[10.640941] (go2_interfaces) StdoutLine: {'line': b'-- Symlinking: /home/jnu/go2_ws/install/go2_interfaces/share/go2_interfaces/srv/Say_Response.msg\n'}
[10.642700] (unitree_go) StdoutLine: {'line': b'-- Symlinking: /home/jnu/go2_ws/install/unitree_go/share/unitree_go/msg/AudioData.msg\n'}
[10.647189] (go2_interfaces) StdoutLine: {'line': b'-- Symlinking: /home/jnu/go2_ws/install/go2_interfaces/share/go2_interfaces/srv/SetBrightness.srv\n'}
[10.651821] (unitree_go) StdoutLine: {'line': b'-- Symlinking: /home/jnu/go2_ws/install/unitree_go/share/unitree_go/msg/BmsCmd.msg\n'}
[10.657714] (go2_interfaces) StdoutLine: {'line': b'-- Symlinking: /home/jnu/go2_ws/install/go2_interfaces/share/go2_interfaces/srv/SetBrightness_Request.msg\n'}
[10.663693] (unitree_go) StdoutLine: {'line': b'-- Symlinking: /home/jnu/go2_ws/install/unitree_go/share/unitree_go/msg/BmsState.msg\n'}
[10.668781] (go2_interfaces) StdoutLine: {'line': b'-- Symlinking: /home/jnu/go2_ws/install/go2_interfaces/share/go2_interfaces/srv/SetBrightness_Response.msg\n'}
[10.674519] (unitree_go) StdoutLine: {'line': b'-- Symlinking: /home/jnu/go2_ws/install/unitree_go/share/unitree_go/msg/Error.msg\n'}
[10.679663] (go2_interfaces) StdoutLine: {'line': b'-- Symlinking: /home/jnu/go2_ws/install/go2_interfaces/share/go2_interfaces/srv/SetSwitch.srv\n'}
[10.686106] (unitree_go) StdoutLine: {'line': b'-- Symlinking: /home/jnu/go2_ws/install/unitree_go/share/unitree_go/msg/Go2FrontVideoData.msg\n'}
[10.689340] (go2_interfaces) StdoutLine: {'line': b'-- Symlinking: /home/jnu/go2_ws/install/go2_interfaces/share/go2_interfaces/srv/SetSwitch_Request.msg\n'}
[10.695532] (unitree_go) StdoutLine: {'line': b'-- Symlinking: /home/jnu/go2_ws/install/unitree_go/share/unitree_go/msg/HeightMap.msg\n'}
[10.698644] (go2_interfaces) StdoutLine: {'line': b'-- Symlinking: /home/jnu/go2_ws/install/go2_interfaces/share/go2_interfaces/srv/SetSwitch_Response.msg\n'}
[10.705427] (unitree_go) StdoutLine: {'line': b'-- Symlinking: /home/jnu/go2_ws/install/unitree_go/share/unitree_go/msg/IMUState.msg\n'}
[10.709048] (go2_interfaces) StdoutLine: {'line': b'-- Symlinking: /home/jnu/go2_ws/install/go2_interfaces/share/go2_interfaces/srv/SetSwitchObstaclesAvoidance.srv\n'}
[10.716417] (unitree_go) StdoutLine: {'line': b'-- Symlinking: /home/jnu/go2_ws/install/unitree_go/share/unitree_go/msg/InterfaceConfig.msg\n'}
[10.724054] (go2_interfaces) StdoutLine: {'line': b'-- Symlinking: /home/jnu/go2_ws/install/go2_interfaces/share/go2_interfaces/srv/SetSwitchObstaclesAvoidance_Request.msg\n'}
[10.729559] (unitree_go) StdoutLine: {'line': b'-- Symlinking: /home/jnu/go2_ws/install/unitree_go/share/unitree_go/msg/LidarState.msg\n'}
[10.733111] (-) TimerEvent: {}
[10.735732] (go2_interfaces) StdoutLine: {'line': b'-- Symlinking: /home/jnu/go2_ws/install/go2_interfaces/share/go2_interfaces/srv/SetSwitchObstaclesAvoidance_Response.msg\n'}
[10.740073] (unitree_go) StdoutLine: {'line': b'-- Symlinking: /home/jnu/go2_ws/install/unitree_go/share/unitree_go/msg/LowCmd.msg\n'}
[10.747745] (go2_interfaces) StdoutLine: {'line': b'-- Symlinking: /home/jnu/go2_ws/install/go2_interfaces/share/go2_interfaces/srv/SetVolume.srv\n'}
[10.752661] (unitree_go) StdoutLine: {'line': b'-- Symlinking: /home/jnu/go2_ws/install/unitree_go/share/unitree_go/msg/LowState.msg\n'}
[10.760639] (go2_interfaces) StdoutLine: {'line': b'-- Symlinking: /home/jnu/go2_ws/install/go2_interfaces/share/go2_interfaces/srv/SetVolume_Request.msg\n'}
[10.761923] (unitree_go) StdoutLine: {'line': b'-- Symlinking: /home/jnu/go2_ws/install/unitree_go/share/unitree_go/msg/MotorCmd.msg\n'}
[10.774964] (go2_interfaces) StdoutLine: {'line': b'-- Symlinking: /home/jnu/go2_ws/install/go2_interfaces/share/go2_interfaces/srv/SetVolume_Response.msg\n'}
[10.776619] (unitree_go) StdoutLine: {'line': b'-- Symlinking: /home/jnu/go2_ws/install/unitree_go/share/unitree_go/msg/MotorCmds.msg\n'}
[10.784340] (go2_interfaces) StdoutLine: {'line': b'-- Symlinking: /home/jnu/go2_ws/install/go2_interfaces/share/go2_interfaces/srv/SpeedLevel.srv\n'}
[10.786931] (unitree_go) StdoutLine: {'line': b'-- Symlinking: /home/jnu/go2_ws/install/unitree_go/share/unitree_go/msg/MotorState.msg\n'}
[10.795942] (go2_interfaces) StdoutLine: {'line': b'-- Symlinking: /home/jnu/go2_ws/install/go2_interfaces/share/go2_interfaces/srv/SpeedLevel_Request.msg\n'}
[10.799870] (unitree_go) StdoutLine: {'line': b'-- Symlinking: /home/jnu/go2_ws/install/unitree_go/share/unitree_go/msg/MotorStates.msg\n'}
[10.808823] (go2_interfaces) StdoutLine: {'line': b'-- Symlinking: /home/jnu/go2_ws/install/go2_interfaces/share/go2_interfaces/srv/SpeedLevel_Response.msg\n'}
[10.809985] (unitree_go) StdoutLine: {'line': b'-- Symlinking: /home/jnu/go2_ws/install/unitree_go/share/unitree_go/msg/PathPoint.msg\n'}
[10.816712] (go2_interfaces) StdoutLine: {'line': b'-- Symlinking: /home/jnu/go2_ws/install/go2_interfaces/share/go2_interfaces/srv/SwitchGait.srv\n'}
[10.819388] (unitree_go) StdoutLine: {'line': b'-- Symlinking: /home/jnu/go2_ws/install/unitree_go/share/unitree_go/msg/Req.msg\n'}
[10.825457] (go2_interfaces) StdoutLine: {'line': b'-- Symlinking: /home/jnu/go2_ws/install/go2_interfaces/share/go2_interfaces/srv/SwitchGait_Request.msg\n'}
[10.828835] (unitree_go) StdoutLine: {'line': b'-- Symlinking: /home/jnu/go2_ws/install/unitree_go/share/unitree_go/msg/Res.msg\n'}
[10.833235] (-) TimerEvent: {}
[10.834226] (go2_interfaces) StdoutLine: {'line': b'-- Symlinking: /home/jnu/go2_ws/install/go2_interfaces/share/go2_interfaces/srv/SwitchGait_Response.msg\n'}
[10.836815] (unitree_go) StdoutLine: {'line': b'-- Symlinking: /home/jnu/go2_ws/install/unitree_go/share/unitree_go/msg/SportModeCmd.msg\n'}
[10.838853] (go2_interfaces) StdoutLine: {'line': b'-- Symlinking: /home/jnu/go2_ws/install/go2_interfaces/share/go2_interfaces/srv/SwitchJoystick.srv\n'}
[10.841733] (unitree_go) StdoutLine: {'line': b'-- Symlinking: /home/jnu/go2_ws/install/unitree_go/share/unitree_go/msg/SportModeState.msg\n'}
[10.845484] (go2_interfaces) StdoutLine: {'line': b'-- Symlinking: /home/jnu/go2_ws/install/go2_interfaces/share/go2_interfaces/srv/SwitchJoystick_Request.msg\n'}
[10.849616] (unitree_go) StdoutLine: {'line': b'-- Symlinking: /home/jnu/go2_ws/install/unitree_go/share/unitree_go/msg/TimeSpec.msg\n'}
[10.853433] (go2_interfaces) StdoutLine: {'line': b'-- Symlinking: /home/jnu/go2_ws/install/go2_interfaces/share/go2_interfaces/srv/SwitchJoystick_Response.msg\n'}
[10.857309] (unitree_go) StdoutLine: {'line': b'-- Symlinking: /home/jnu/go2_ws/install/unitree_go/share/unitree_go/msg/UwbState.msg\n'}
[10.859064] (go2_interfaces) StdoutLine: {'line': b'-- Symlinking: /home/jnu/go2_ws/install/go2_interfaces/share/ament_index/resource_index/package_run_dependencies/go2_interfaces\n'}
[10.861847] (unitree_go) StdoutLine: {'line': b'-- Symlinking: /home/jnu/go2_ws/install/unitree_go/share/unitree_go/msg/UwbSwitch.msg\n'}
[10.864098] (go2_interfaces) StdoutLine: {'line': b'-- Symlinking: /home/jnu/go2_ws/install/go2_interfaces/share/ament_index/resource_index/parent_prefix_path/go2_interfaces\n'}
[10.867250] (unitree_go) StdoutLine: {'line': b'-- Symlinking: /home/jnu/go2_ws/install/unitree_go/share/unitree_go/msg/VoxelMapCompressed.msg\n'}
[10.869546] (go2_interfaces) StdoutLine: {'line': b'-- Symlinking: /home/jnu/go2_ws/install/go2_interfaces/share/go2_interfaces/environment/ament_prefix_path.sh\n'}
[10.871799] (unitree_go) StdoutLine: {'line': b'-- Symlinking: /home/jnu/go2_ws/install/unitree_go/share/unitree_go/msg/VoxelHeightMapState.msg\n'}
[10.873995] (go2_interfaces) StdoutLine: {'line': b'-- Symlinking: /home/jnu/go2_ws/install/go2_interfaces/share/go2_interfaces/environment/ament_prefix_path.dsv\n'}
[10.875702] (unitree_go) StdoutLine: {'line': b'-- Symlinking: /home/jnu/go2_ws/install/unitree_go/share/unitree_go/msg/WirelessController.msg\n'}
[10.877965] (go2_interfaces) StdoutLine: {'line': b'-- Symlinking: /home/jnu/go2_ws/install/go2_interfaces/share/go2_interfaces/environment/path.sh\n'}
[10.880263] (unitree_go) StdoutLine: {'line': b'-- Symlinking: /home/jnu/go2_ws/install/unitree_go/share/unitree_go/msg/dds_connext/AudioData_.idl\n'}
[10.881916] (go2_interfaces) StdoutLine: {'line': b'-- Symlinking: /home/jnu/go2_ws/install/go2_interfaces/share/go2_interfaces/environment/path.dsv\n'}
[10.884779] (unitree_go) StdoutLine: {'line': b'-- Symlinking: /home/jnu/go2_ws/install/unitree_go/share/unitree_go/msg/dds_connext/BmsCmd_.idl\n'}
[10.887372] (go2_interfaces) StdoutLine: {'line': b'-- Symlinking: /home/jnu/go2_ws/install/go2_interfaces/share/go2_interfaces/local_setup.bash\n'}
[10.888983] (unitree_go) StdoutLine: {'line': b'-- Symlinking: /home/jnu/go2_ws/install/unitree_go/share/unitree_go/msg/dds_connext/BmsState_.idl\n'}
[10.892133] (go2_interfaces) StdoutLine: {'line': b'-- Symlinking: /home/jnu/go2_ws/install/go2_interfaces/share/go2_interfaces/local_setup.sh\n'}
[10.894417] (unitree_go) StdoutLine: {'line': b'-- Symlinking: /home/jnu/go2_ws/install/unitree_go/share/unitree_go/msg/dds_connext/Error_.idl\n'}
[10.897526] (go2_interfaces) StdoutLine: {'line': b'-- Symlinking: /home/jnu/go2_ws/install/go2_interfaces/share/go2_interfaces/local_setup.zsh\n'}
[10.898837] (unitree_go) StdoutLine: {'line': b'-- Symlinking: /home/jnu/go2_ws/install/unitree_go/share/unitree_go/msg/dds_connext/Go2FrontVideoData_.idl\n'}
[10.901997] (go2_interfaces) StdoutLine: {'line': b'-- Symlinking: /home/jnu/go2_ws/install/go2_interfaces/share/go2_interfaces/local_setup.dsv\n'}
[10.903475] (unitree_go) StdoutLine: {'line': b'-- Symlinking: /home/jnu/go2_ws/install/unitree_go/share/unitree_go/msg/dds_connext/HeightMap_.idl\n'}
[10.907173] (go2_interfaces) StdoutLine: {'line': b'-- Symlinking: /home/jnu/go2_ws/install/go2_interfaces/share/go2_interfaces/package.dsv\n'}
[10.908974] (unitree_go) StdoutLine: {'line': b'-- Symlinking: /home/jnu/go2_ws/install/unitree_go/share/unitree_go/msg/dds_connext/IMUState_.idl\n'}
[10.911297] (go2_interfaces) StdoutLine: {'line': b'-- Symlinking: /home/jnu/go2_ws/install/go2_interfaces/share/ament_index/resource_index/packages/go2_interfaces\n'}
[10.913103] (unitree_go) StdoutLine: {'line': b'-- Symlinking: /home/jnu/go2_ws/install/unitree_go/share/unitree_go/msg/dds_connext/InterfaceConfig_.idl\n'}
[10.915831] (go2_interfaces) StdoutLine: {'line': b'-- Symlinking: /home/jnu/go2_ws/install/go2_interfaces/share/go2_interfaces/cmake/rosidl_cmake-extras.cmake\n'}
[10.917300] (unitree_go) StdoutLine: {'line': b'-- Symlinking: /home/jnu/go2_ws/install/unitree_go/share/unitree_go/msg/dds_connext/LidarState_.idl\n'}
[10.921108] (go2_interfaces) StdoutLine: {'line': b'-- Symlinking: /home/jnu/go2_ws/install/go2_interfaces/share/go2_interfaces/cmake/ament_cmake_export_include_directories-extras.cmake\n'}
[10.922735] (unitree_go) StdoutLine: {'line': b'-- Symlinking: /home/jnu/go2_ws/install/unitree_go/share/unitree_go/msg/dds_connext/LowCmd_.idl\n'}
[10.925580] (go2_interfaces) StdoutLine: {'line': b'-- Symlinking: /home/jnu/go2_ws/install/go2_interfaces/share/go2_interfaces/cmake/ament_cmake_export_libraries-extras.cmake\n'}
[10.928162] (unitree_go) StdoutLine: {'line': b'-- Symlinking: /home/jnu/go2_ws/install/unitree_go/share/unitree_go/msg/dds_connext/LowState_.idl\n'}
[10.929891] (go2_interfaces) StdoutLine: {'line': b'-- Symlinking: /home/jnu/go2_ws/install/go2_interfaces/share/go2_interfaces/cmake/ament_cmake_export_targets-extras.cmake\n'}
[10.932360] (unitree_go) StdoutLine: {'line': b'-- Symlinking: /home/jnu/go2_ws/install/unitree_go/share/unitree_go/msg/dds_connext/MotorCmd_.idl\n'}
[10.933375] (-) TimerEvent: {}
[10.933766] (go2_interfaces) StdoutLine: {'line': b'-- Symlinking: /home/jnu/go2_ws/install/go2_interfaces/share/go2_interfaces/cmake/rosidl_cmake_export_typesupport_targets-extras.cmake\n'}
[10.936860] (unitree_go) StdoutLine: {'line': b'-- Symlinking: /home/jnu/go2_ws/install/unitree_go/share/unitree_go/msg/dds_connext/MotorCmds_.idl\n'}
[10.940223] (go2_interfaces) StdoutLine: {'line': b'-- Symlinking: /home/jnu/go2_ws/install/go2_interfaces/share/go2_interfaces/cmake/ament_cmake_export_dependencies-extras.cmake\n'}
[10.941893] (unitree_go) StdoutLine: {'line': b'-- Symlinking: /home/jnu/go2_ws/install/unitree_go/share/unitree_go/msg/dds_connext/MotorState_.idl\n'}
[10.947727] (go2_interfaces) StdoutLine: {'line': b'-- Symlinking: /home/jnu/go2_ws/install/go2_interfaces/share/go2_interfaces/cmake/rosidl_cmake_export_typesupport_libraries-extras.cmake\n'}
[10.949747] (unitree_go) StdoutLine: {'line': b'-- Symlinking: /home/jnu/go2_ws/install/unitree_go/share/unitree_go/msg/dds_connext/MotorStates_.idl\n'}
[10.960852] (go2_interfaces) StdoutLine: {'line': b'-- Symlinking: /home/jnu/go2_ws/install/go2_interfaces/share/go2_interfaces/cmake/go2_interfacesConfig.cmake\n'}
[10.961566] (unitree_go) StdoutLine: {'line': b'-- Symlinking: /home/jnu/go2_ws/install/unitree_go/share/unitree_go/msg/dds_connext/PathPoint_.idl\n'}
[10.968667] (go2_interfaces) StdoutLine: {'line': b'-- Symlinking: /home/jnu/go2_ws/install/go2_interfaces/share/go2_interfaces/cmake/go2_interfacesConfig-version.cmake\n'}
[10.969997] (unitree_go) StdoutLine: {'line': b'-- Symlinking: /home/jnu/go2_ws/install/unitree_go/share/unitree_go/msg/dds_connext/Req_.idl\n'}
[10.978663] (go2_interfaces) StdoutLine: {'line': b'-- Symlinking: /home/jnu/go2_ws/install/go2_interfaces/share/go2_interfaces/package.xml\n'}
[10.982993] (unitree_go) StdoutLine: {'line': b'-- Symlinking: /home/jnu/go2_ws/install/unitree_go/share/unitree_go/msg/dds_connext/Res_.idl\n'}
[10.991648] (go2_interfaces) StdoutLine: {'line': b'-- Installing: /home/jnu/go2_ws/install/go2_interfaces/lib/libgo2_interfaces__rosidl_generator_c.so\n'}
[10.992112] (go2_interfaces) StdoutLine: {'line': b'-- Set runtime path of "/home/jnu/go2_ws/install/go2_interfaces/lib/libgo2_interfaces__rosidl_generator_c.so" to ""\n'}
[10.992295] (go2_interfaces) StdoutLine: {'line': b'-- Installing: /home/jnu/go2_ws/install/go2_interfaces/lib/libgo2_interfaces__rosidl_typesupport_fastrtps_c.so\n'}
[10.992595] (go2_interfaces) StdoutLine: {'line': b'-- Set runtime path of "/home/jnu/go2_ws/install/go2_interfaces/lib/libgo2_interfaces__rosidl_typesupport_fastrtps_c.so" to ""\n'}
[10.992809] (go2_interfaces) StdoutLine: {'line': b'-- Installing: /home/jnu/go2_ws/install/go2_interfaces/lib/libgo2_interfaces__rosidl_typesupport_introspection_c.so\n'}
[10.993012] (go2_interfaces) StdoutLine: {'line': b'-- Set runtime path of "/home/jnu/go2_ws/install/go2_interfaces/lib/libgo2_interfaces__rosidl_typesupport_introspection_c.so" to ""\n'}
[10.993110] (go2_interfaces) StdoutLine: {'line': b'-- Installing: /home/jnu/go2_ws/install/go2_interfaces/lib/libgo2_interfaces__rosidl_typesupport_c.so\n'}
[10.993346] (go2_interfaces) StdoutLine: {'line': b'-- Set runtime path of "/home/jnu/go2_ws/install/go2_interfaces/lib/libgo2_interfaces__rosidl_typesupport_c.so" to ""\n'}
[10.993446] (go2_interfaces) StdoutLine: {'line': b'-- Installing: /home/jnu/go2_ws/install/go2_interfaces/lib/libgo2_interfaces__rosidl_typesupport_fastrtps_cpp.so\n'}
[10.993921] (go2_interfaces) StdoutLine: {'line': b'-- Set runtime path of "/home/jnu/go2_ws/install/go2_interfaces/lib/libgo2_interfaces__rosidl_typesupport_fastrtps_cpp.so" to ""\n'}
[10.994011] (go2_interfaces) StdoutLine: {'line': b'-- Installing: /home/jnu/go2_ws/install/go2_interfaces/lib/libgo2_interfaces__rosidl_typesupport_introspection_cpp.so\n'}
[10.994495] (go2_interfaces) StdoutLine: {'line': b'-- Set runtime path of "/home/jnu/go2_ws/install/go2_interfaces/lib/libgo2_interfaces__rosidl_typesupport_introspection_cpp.so" to ""\n'}
[10.994599] (go2_interfaces) StdoutLine: {'line': b'-- Installing: /home/jnu/go2_ws/install/go2_interfaces/lib/libgo2_interfaces__rosidl_typesupport_cpp.so\n'}
[10.994983] (go2_interfaces) StdoutLine: {'line': b'-- Set runtime path of "/home/jnu/go2_ws/install/go2_interfaces/lib/libgo2_interfaces__rosidl_typesupport_cpp.so" to ""\n'}
[10.996451] (unitree_go) StdoutLine: {'line': b'-- Symlinking: /home/jnu/go2_ws/install/unitree_go/share/unitree_go/msg/dds_connext/SportModeCmd_.idl\n'}
[11.009652] (unitree_go) StdoutLine: {'line': b'-- Symlinking: /home/jnu/go2_ws/install/unitree_go/share/unitree_go/msg/dds_connext/SportModeState_.idl\n'}
[11.017465] (unitree_go) StdoutLine: {'line': b'-- Symlinking: /home/jnu/go2_ws/install/unitree_go/share/unitree_go/msg/dds_connext/TimeSpec_.idl\n'}
[11.023109] (unitree_go) StdoutLine: {'line': b'-- Symlinking: /home/jnu/go2_ws/install/unitree_go/share/unitree_go/msg/dds_connext/UwbState_.idl\n'}
[11.027662] (unitree_go) StdoutLine: {'line': b'-- Symlinking: /home/jnu/go2_ws/install/unitree_go/share/unitree_go/msg/dds_connext/UwbSwitch_.idl\n'}
[11.032451] (unitree_go) StdoutLine: {'line': b'-- Symlinking: /home/jnu/go2_ws/install/unitree_go/share/unitree_go/msg/dds_connext/VoxelHeightMapState_.idl\n'}
[11.033373] (-) TimerEvent: {}
[11.036381] (unitree_go) StdoutLine: {'line': b'-- Symlinking: /home/jnu/go2_ws/install/unitree_go/share/unitree_go/msg/dds_connext/VoxelMapCompressed_.idl\n'}
[11.038678] (go2_interfaces) StdoutLine: {'line': b"Listing '/home/jnu/go2_ws/install/go2_interfaces/local/lib/python3.10/dist-packages/go2_interfaces'...\n"}
[11.038715] (go2_interfaces) StdoutLine: {'line': b"Compiling '/home/jnu/go2_ws/install/go2_interfaces/local/lib/python3.10/dist-packages/go2_interfaces/__init__.py'...\n"}
[11.038738] (go2_interfaces) StdoutLine: {'line': b"Listing '/home/jnu/go2_ws/install/go2_interfaces/local/lib/python3.10/dist-packages/go2_interfaces/srv'...\n"}
[11.038759] (go2_interfaces) StdoutLine: {'line': b"Compiling '/home/jnu/go2_ws/install/go2_interfaces/local/lib/python3.10/dist-packages/go2_interfaces/srv/__init__.py'...\n"}
[11.038778] (go2_interfaces) StdoutLine: {'line': b"Compiling '/home/jnu/go2_ws/install/go2_interfaces/local/lib/python3.10/dist-packages/go2_interfaces/srv/_body_height.py'...\n"}
[11.038801] (go2_interfaces) StdoutLine: {'line': b"Compiling '/home/jnu/go2_ws/install/go2_interfaces/local/lib/python3.10/dist-packages/go2_interfaces/srv/_continuous_gait.py'...\n"}
[11.038821] (go2_interfaces) StdoutLine: {'line': b"Compiling '/home/jnu/go2_ws/install/go2_interfaces/local/lib/python3.10/dist-packages/go2_interfaces/srv/_euler.py'...\n"}
[11.038839] (go2_interfaces) StdoutLine: {'line': b"Compiling '/home/jnu/go2_ws/install/go2_interfaces/local/lib/python3.10/dist-packages/go2_interfaces/srv/_foot_raise_height.py'...\n"}
[11.038857] (go2_interfaces) StdoutLine: {'line': b"Compiling '/home/jnu/go2_ws/install/go2_interfaces/local/lib/python3.10/dist-packages/go2_interfaces/srv/_get_body_height.py'...\n"}
[11.038876] (go2_interfaces) StdoutLine: {'line': b"Compiling '/home/jnu/go2_ws/install/go2_interfaces/local/lib/python3.10/dist-packages/go2_interfaces/srv/_get_brightness.py'...\n"}
[11.038895] (go2_interfaces) StdoutLine: {'line': b"Compiling '/home/jnu/go2_ws/install/go2_interfaces/local/lib/python3.10/dist-packages/go2_interfaces/srv/_get_foot_raise_height.py'...\n"}
[11.038913] (go2_interfaces) StdoutLine: {'line': b"Compiling '/home/jnu/go2_ws/install/go2_interfaces/local/lib/python3.10/dist-packages/go2_interfaces/srv/_get_speed_level.py'...\n"}
[11.038932] (go2_interfaces) StdoutLine: {'line': b"Compiling '/home/jnu/go2_ws/install/go2_interfaces/local/lib/python3.10/dist-packages/go2_interfaces/srv/_get_state.py'...\n"}
[11.038949] (go2_interfaces) StdoutLine: {'line': b"Compiling '/home/jnu/go2_ws/install/go2_interfaces/local/lib/python3.10/dist-packages/go2_interfaces/srv/_get_switch.py'...\n"}
[11.038967] (go2_interfaces) StdoutLine: {'line': b"Compiling '/home/jnu/go2_ws/install/go2_interfaces/local/lib/python3.10/dist-packages/go2_interfaces/srv/_get_switch_obstacles_avoidance.py'...\n"}
[11.038986] (go2_interfaces) StdoutLine: {'line': b"Compiling '/home/jnu/go2_ws/install/go2_interfaces/local/lib/python3.10/dist-packages/go2_interfaces/srv/_get_volume.py'...\n"}
[11.039005] (go2_interfaces) StdoutLine: {'line': b"Compiling '/home/jnu/go2_ws/install/go2_interfaces/local/lib/python3.10/dist-packages/go2_interfaces/srv/_mode.py'...\n"}
[11.039022] (go2_interfaces) StdoutLine: {'line': b"Compiling '/home/jnu/go2_ws/install/go2_interfaces/local/lib/python3.10/dist-packages/go2_interfaces/srv/_pose.py'...\n"}
[11.039040] (go2_interfaces) StdoutLine: {'line': b"Compiling '/home/jnu/go2_ws/install/go2_interfaces/local/lib/python3.10/dist-packages/go2_interfaces/srv/_say.py'...\n"}
[11.039057] (go2_interfaces) StdoutLine: {'line': b"Compiling '/home/jnu/go2_ws/install/go2_interfaces/local/lib/python3.10/dist-packages/go2_interfaces/srv/_set_brightness.py'...\n"}
[11.039075] (go2_interfaces) StdoutLine: {'line': b"Compiling '/home/jnu/go2_ws/install/go2_interfaces/local/lib/python3.10/dist-packages/go2_interfaces/srv/_set_switch.py'...\n"}
[11.039094] (go2_interfaces) StdoutLine: {'line': b"Compiling '/home/jnu/go2_ws/install/go2_interfaces/local/lib/python3.10/dist-packages/go2_interfaces/srv/_set_switch_obstacles_avoidance.py'...\n"}
[11.039112] (go2_interfaces) StdoutLine: {'line': b"Compiling '/home/jnu/go2_ws/install/go2_interfaces/local/lib/python3.10/dist-packages/go2_interfaces/srv/_set_volume.py'...\n"}
[11.039130] (go2_interfaces) StdoutLine: {'line': b"Compiling '/home/jnu/go2_ws/install/go2_interfaces/local/lib/python3.10/dist-packages/go2_interfaces/srv/_speed_level.py'...\n"}
[11.039148] (go2_interfaces) StdoutLine: {'line': b"Compiling '/home/jnu/go2_ws/install/go2_interfaces/local/lib/python3.10/dist-packages/go2_interfaces/srv/_switch_gait.py'...\n"}
[11.039165] (go2_interfaces) StdoutLine: {'line': b"Compiling '/home/jnu/go2_ws/install/go2_interfaces/local/lib/python3.10/dist-packages/go2_interfaces/srv/_switch_joystick.py'...\n"}
[11.040645] (unitree_go) StdoutLine: {'line': b'-- Symlinking: /home/jnu/go2_ws/install/unitree_go/share/unitree_go/msg/dds_connext/WirelessController_.idl\n'}
[11.041144] (go2_interfaces) StdoutLine: {'line': b'-- Installing: /home/jnu/go2_ws/install/go2_interfaces/lib/libgo2_interfaces__rosidl_generator_py.so\n'}
[11.041255] (go2_interfaces) StdoutLine: {'line': b'-- Set runtime path of "/home/jnu/go2_ws/install/go2_interfaces/lib/libgo2_interfaces__rosidl_generator_py.so" to ""\n'}
[11.041307] (go2_interfaces) StdoutLine: {'line': b'-- Installing: /home/jnu/go2_ws/install/go2_interfaces/share/go2_interfaces/cmake/export_go2_interfaces__rosidl_generator_cExport.cmake\n'}
[11.041455] (go2_interfaces) StdoutLine: {'line': b'-- Installing: /home/jnu/go2_ws/install/go2_interfaces/share/go2_interfaces/cmake/export_go2_interfaces__rosidl_generator_cExport-noconfig.cmake\n'}
[11.041628] (go2_interfaces) StdoutLine: {'line': b'-- Installing: /home/jnu/go2_ws/install/go2_interfaces/share/go2_interfaces/cmake/export_go2_interfaces__rosidl_typesupport_fastrtps_cExport.cmake\n'}
[11.041770] (go2_interfaces) StdoutLine: {'line': b'-- Installing: /home/jnu/go2_ws/install/go2_interfaces/share/go2_interfaces/cmake/export_go2_interfaces__rosidl_typesupport_fastrtps_cExport-noconfig.cmake\n'}
[11.041800] (go2_interfaces) StdoutLine: {'line': b'-- Installing: /home/jnu/go2_ws/install/go2_interfaces/share/go2_interfaces/cmake/go2_interfaces__rosidl_typesupport_introspection_cExport.cmake\n'}
[11.041824] (go2_interfaces) StdoutLine: {'line': b'-- Installing: /home/jnu/go2_ws/install/go2_interfaces/share/go2_interfaces/cmake/go2_interfaces__rosidl_typesupport_introspection_cExport-noconfig.cmake\n'}
[11.041846] (go2_interfaces) StdoutLine: {'line': b'-- Installing: /home/jnu/go2_ws/install/go2_interfaces/share/go2_interfaces/cmake/go2_interfaces__rosidl_typesupport_cExport.cmake\n'}
[11.041867] (go2_interfaces) StdoutLine: {'line': b'-- Installing: /home/jnu/go2_ws/install/go2_interfaces/share/go2_interfaces/cmake/go2_interfaces__rosidl_typesupport_cExport-noconfig.cmake\n'}
[11.041888] (go2_interfaces) StdoutLine: {'line': b'-- Installing: /home/jnu/go2_ws/install/go2_interfaces/share/go2_interfaces/cmake/export_go2_interfaces__rosidl_generator_cppExport.cmake\n'}
[11.041909] (go2_interfaces) StdoutLine: {'line': b'-- Installing: /home/jnu/go2_ws/install/go2_interfaces/share/go2_interfaces/cmake/export_go2_interfaces__rosidl_typesupport_fastrtps_cppExport.cmake\n'}
[11.041929] (go2_interfaces) StdoutLine: {'line': b'-- Installing: /home/jnu/go2_ws/install/go2_interfaces/share/go2_interfaces/cmake/export_go2_interfaces__rosidl_typesupport_fastrtps_cppExport-noconfig.cmake\n'}
[11.041979] (go2_interfaces) StdoutLine: {'line': b'-- Installing: /home/jnu/go2_ws/install/go2_interfaces/share/go2_interfaces/cmake/go2_interfaces__rosidl_typesupport_introspection_cppExport.cmake\n'}
[11.042002] (go2_interfaces) StdoutLine: {'line': b'-- Installing: /home/jnu/go2_ws/install/go2_interfaces/share/go2_interfaces/cmake/go2_interfaces__rosidl_typesupport_introspection_cppExport-noconfig.cmake\n'}
[11.042023] (go2_interfaces) StdoutLine: {'line': b'-- Installing: /home/jnu/go2_ws/install/go2_interfaces/share/go2_interfaces/cmake/go2_interfaces__rosidl_typesupport_cppExport.cmake\n'}
[11.042042] (go2_interfaces) StdoutLine: {'line': b'-- Installing: /home/jnu/go2_ws/install/go2_interfaces/share/go2_interfaces/cmake/go2_interfaces__rosidl_typesupport_cppExport-noconfig.cmake\n'}
[11.042063] (go2_interfaces) StdoutLine: {'line': b'-- Installing: /home/jnu/go2_ws/install/go2_interfaces/share/go2_interfaces/cmake/export_go2_interfaces__rosidl_generator_pyExport.cmake\n'}
[11.042093] (go2_interfaces) StdoutLine: {'line': b'-- Installing: /home/jnu/go2_ws/install/go2_interfaces/share/go2_interfaces/cmake/export_go2_interfaces__rosidl_generator_pyExport-noconfig.cmake\n'}
[11.043178] (go2_interfaces) CommandEnded: {'returncode': 0}
[11.044747] (unitree_go) StdoutLine: {'line': b'-- Symlinking: /home/jnu/go2_ws/install/unitree_go/share/ament_index/resource_index/package_run_dependencies/unitree_go\n'}
[11.050333] (unitree_go) StdoutLine: {'line': b'-- Symlinking: /home/jnu/go2_ws/install/unitree_go/share/ament_index/resource_index/parent_prefix_path/unitree_go\n'}
[11.053546] (go2_interfaces) JobEnded: {'identifier': 'go2_interfaces', 'rc': 0}
[11.054765] (unitree_go) StdoutLine: {'line': b'-- Symlinking: /home/jnu/go2_ws/install/unitree_go/share/unitree_go/environment/ament_prefix_path.sh\n'}
[11.059516] (unitree_go) StdoutLine: {'line': b'-- Symlinking: /home/jnu/go2_ws/install/unitree_go/share/unitree_go/environment/ament_prefix_path.dsv\n'}
[11.063555] (unitree_go) StdoutLine: {'line': b'-- Symlinking: /home/jnu/go2_ws/install/unitree_go/share/unitree_go/environment/path.sh\n'}
[11.068291] (unitree_go) StdoutLine: {'line': b'-- Symlinking: /home/jnu/go2_ws/install/unitree_go/share/unitree_go/environment/path.dsv\n'}
[11.073400] (unitree_go) StdoutLine: {'line': b'-- Symlinking: /home/jnu/go2_ws/install/unitree_go/share/unitree_go/local_setup.bash\n'}
[11.080663] (unitree_go) StdoutLine: {'line': b'-- Symlinking: /home/jnu/go2_ws/install/unitree_go/share/unitree_go/local_setup.sh\n'}
[11.084933] (unitree_go) StdoutLine: {'line': b'-- Symlinking: /home/jnu/go2_ws/install/unitree_go/share/unitree_go/local_setup.zsh\n'}
[11.089084] (unitree_go) StdoutLine: {'line': b'-- Symlinking: /home/jnu/go2_ws/install/unitree_go/share/unitree_go/local_setup.dsv\n'}
[11.093273] (unitree_go) StdoutLine: {'line': b'-- Symlinking: /home/jnu/go2_ws/install/unitree_go/share/unitree_go/package.dsv\n'}
[11.099052] (unitree_go) StdoutLine: {'line': b'-- Symlinking: /home/jnu/go2_ws/install/unitree_go/share/ament_index/resource_index/packages/unitree_go\n'}
[11.103210] (unitree_go) StdoutLine: {'line': b'-- Symlinking: /home/jnu/go2_ws/install/unitree_go/share/unitree_go/cmake/rosidl_cmake-extras.cmake\n'}
[11.107557] (unitree_go) StdoutLine: {'line': b'-- Symlinking: /home/jnu/go2_ws/install/unitree_go/share/unitree_go/cmake/ament_cmake_export_include_directories-extras.cmake\n'}
[11.112874] (unitree_go) StdoutLine: {'line': b'-- Symlinking: /home/jnu/go2_ws/install/unitree_go/share/unitree_go/cmake/ament_cmake_export_libraries-extras.cmake\n'}
[11.117188] (unitree_go) StdoutLine: {'line': b'-- Symlinking: /home/jnu/go2_ws/install/unitree_go/share/unitree_go/cmake/ament_cmake_export_targets-extras.cmake\n'}
[11.122285] (unitree_go) StdoutLine: {'line': b'-- Symlinking: /home/jnu/go2_ws/install/unitree_go/share/unitree_go/cmake/rosidl_cmake_export_typesupport_targets-extras.cmake\n'}
[11.127806] (unitree_go) StdoutLine: {'line': b'-- Symlinking: /home/jnu/go2_ws/install/unitree_go/share/unitree_go/cmake/ament_cmake_export_dependencies-extras.cmake\n'}
[11.132035] (unitree_go) StdoutLine: {'line': b'-- Symlinking: /home/jnu/go2_ws/install/unitree_go/share/unitree_go/cmake/rosidl_cmake_export_typesupport_libraries-extras.cmake\n'}
[11.133432] (-) TimerEvent: {}
[11.136320] (unitree_go) StdoutLine: {'line': b'-- Symlinking: /home/jnu/go2_ws/install/unitree_go/share/unitree_go/cmake/unitree_goConfig.cmake\n'}
[11.140825] (unitree_go) StdoutLine: {'line': b'-- Symlinking: /home/jnu/go2_ws/install/unitree_go/share/unitree_go/cmake/unitree_goConfig-version.cmake\n'}
[11.146293] (unitree_go) StdoutLine: {'line': b'-- Symlinking: /home/jnu/go2_ws/install/unitree_go/share/unitree_go/package.xml\n'}
[11.151948] (unitree_go) StdoutLine: {'line': b'-- Installing: /home/jnu/go2_ws/install/unitree_go/lib/libunitree_go__rosidl_generator_c.so\n'}
[11.152149] (unitree_go) StdoutLine: {'line': b'-- Set runtime path of "/home/jnu/go2_ws/install/unitree_go/lib/libunitree_go__rosidl_generator_c.so" to ""\n'}
[11.152177] (unitree_go) StdoutLine: {'line': b'-- Installing: /home/jnu/go2_ws/install/unitree_go/lib/libunitree_go__rosidl_typesupport_fastrtps_c.so\n'}
[11.152327] (unitree_go) StdoutLine: {'line': b'-- Set runtime path of "/home/jnu/go2_ws/install/unitree_go/lib/libunitree_go__rosidl_typesupport_fastrtps_c.so" to ""\n'}
[11.152360] (unitree_go) StdoutLine: {'line': b'-- Installing: /home/jnu/go2_ws/install/unitree_go/lib/libunitree_go__rosidl_typesupport_introspection_c.so\n'}
[11.152528] (unitree_go) StdoutLine: {'line': b'-- Set runtime path of "/home/jnu/go2_ws/install/unitree_go/lib/libunitree_go__rosidl_typesupport_introspection_c.so" to ""\n'}
[11.152562] (unitree_go) StdoutLine: {'line': b'-- Installing: /home/jnu/go2_ws/install/unitree_go/lib/libunitree_go__rosidl_typesupport_c.so\n'}
[11.152650] (unitree_go) StdoutLine: {'line': b'-- Set runtime path of "/home/jnu/go2_ws/install/unitree_go/lib/libunitree_go__rosidl_typesupport_c.so" to ""\n'}
[11.152679] (unitree_go) StdoutLine: {'line': b'-- Installing: /home/jnu/go2_ws/install/unitree_go/lib/libunitree_go__rosidl_typesupport_fastrtps_cpp.so\n'}
[11.152894] (unitree_go) StdoutLine: {'line': b'-- Set runtime path of "/home/jnu/go2_ws/install/unitree_go/lib/libunitree_go__rosidl_typesupport_fastrtps_cpp.so" to ""\n'}
[11.152923] (unitree_go) StdoutLine: {'line': b'-- Installing: /home/jnu/go2_ws/install/unitree_go/lib/libunitree_go__rosidl_typesupport_introspection_cpp.so\n'}
[11.153225] (unitree_go) StdoutLine: {'line': b'-- Set runtime path of "/home/jnu/go2_ws/install/unitree_go/lib/libunitree_go__rosidl_typesupport_introspection_cpp.so" to ""\n'}
[11.153256] (unitree_go) StdoutLine: {'line': b'-- Installing: /home/jnu/go2_ws/install/unitree_go/lib/libunitree_go__rosidl_typesupport_cpp.so\n'}
[11.153358] (unitree_go) StdoutLine: {'line': b'-- Set runtime path of "/home/jnu/go2_ws/install/unitree_go/lib/libunitree_go__rosidl_typesupport_cpp.so" to ""\n'}
[11.203554] (unitree_go) StdoutLine: {'line': b"Listing '/home/jnu/go2_ws/install/unitree_go/local/lib/python3.10/dist-packages/unitree_go'...\n"}
[11.203634] (unitree_go) StdoutLine: {'line': b"Compiling '/home/jnu/go2_ws/install/unitree_go/local/lib/python3.10/dist-packages/unitree_go/__init__.py'...\n"}
[11.203659] (unitree_go) StdoutLine: {'line': b"Listing '/home/jnu/go2_ws/install/unitree_go/local/lib/python3.10/dist-packages/unitree_go/msg'...\n"}
[11.203681] (unitree_go) StdoutLine: {'line': b"Compiling '/home/jnu/go2_ws/install/unitree_go/local/lib/python3.10/dist-packages/unitree_go/msg/__init__.py'...\n"}
[11.203701] (unitree_go) StdoutLine: {'line': b"Compiling '/home/jnu/go2_ws/install/unitree_go/local/lib/python3.10/dist-packages/unitree_go/msg/_audio_data.py'...\n"}
[11.203721] (unitree_go) StdoutLine: {'line': b"Compiling '/home/jnu/go2_ws/install/unitree_go/local/lib/python3.10/dist-packages/unitree_go/msg/_bms_cmd.py'...\n"}
[11.203740] (unitree_go) StdoutLine: {'line': b"Compiling '/home/jnu/go2_ws/install/unitree_go/local/lib/python3.10/dist-packages/unitree_go/msg/_bms_state.py'...\n"}
[11.203759] (unitree_go) StdoutLine: {'line': b"Compiling '/home/jnu/go2_ws/install/unitree_go/local/lib/python3.10/dist-packages/unitree_go/msg/_error.py'...\n"}
[11.203776] (unitree_go) StdoutLine: {'line': b"Compiling '/home/jnu/go2_ws/install/unitree_go/local/lib/python3.10/dist-packages/unitree_go/msg/_go2_front_video_data.py'...\n"}
[11.203795] (unitree_go) StdoutLine: {'line': b"Compiling '/home/jnu/go2_ws/install/unitree_go/local/lib/python3.10/dist-packages/unitree_go/msg/_height_map.py'...\n"}
[11.203813] (unitree_go) StdoutLine: {'line': b"Compiling '/home/jnu/go2_ws/install/unitree_go/local/lib/python3.10/dist-packages/unitree_go/msg/_imu_state.py'...\n"}
[11.203831] (unitree_go) StdoutLine: {'line': b"Compiling '/home/jnu/go2_ws/install/unitree_go/local/lib/python3.10/dist-packages/unitree_go/msg/_interface_config.py'...\n"}
[11.203849] (unitree_go) StdoutLine: {'line': b"Compiling '/home/jnu/go2_ws/install/unitree_go/local/lib/python3.10/dist-packages/unitree_go/msg/_lidar_state.py'...\n"}
[11.203866] (unitree_go) StdoutLine: {'line': b"Compiling '/home/jnu/go2_ws/install/unitree_go/local/lib/python3.10/dist-packages/unitree_go/msg/_low_cmd.py'...\n"}
[11.203884] (unitree_go) StdoutLine: {'line': b"Compiling '/home/jnu/go2_ws/install/unitree_go/local/lib/python3.10/dist-packages/unitree_go/msg/_low_state.py'...\n"}
[11.203901] (unitree_go) StdoutLine: {'line': b"Compiling '/home/jnu/go2_ws/install/unitree_go/local/lib/python3.10/dist-packages/unitree_go/msg/_motor_cmd.py'...\n"}
[11.203918] (unitree_go) StdoutLine: {'line': b"Compiling '/home/jnu/go2_ws/install/unitree_go/local/lib/python3.10/dist-packages/unitree_go/msg/_motor_cmds.py'...\n"}
[11.203940] (unitree_go) StdoutLine: {'line': b"Compiling '/home/jnu/go2_ws/install/unitree_go/local/lib/python3.10/dist-packages/unitree_go/msg/_motor_state.py'...\n"}
[11.203958] (unitree_go) StdoutLine: {'line': b"Compiling '/home/jnu/go2_ws/install/unitree_go/local/lib/python3.10/dist-packages/unitree_go/msg/_motor_states.py'...\n"}
[11.203976] (unitree_go) StdoutLine: {'line': b"Compiling '/home/jnu/go2_ws/install/unitree_go/local/lib/python3.10/dist-packages/unitree_go/msg/_path_point.py'...\n"}
[11.203994] (unitree_go) StdoutLine: {'line': b"Compiling '/home/jnu/go2_ws/install/unitree_go/local/lib/python3.10/dist-packages/unitree_go/msg/_req.py'...\n"}
[11.204011] (unitree_go) StdoutLine: {'line': b"Compiling '/home/jnu/go2_ws/install/unitree_go/local/lib/python3.10/dist-packages/unitree_go/msg/_res.py'...\n"}
[11.204028] (unitree_go) StdoutLine: {'line': b"Compiling '/home/jnu/go2_ws/install/unitree_go/local/lib/python3.10/dist-packages/unitree_go/msg/_sport_mode_cmd.py'...\n"}
[11.204046] (unitree_go) StdoutLine: {'line': b"Compiling '/home/jnu/go2_ws/install/unitree_go/local/lib/python3.10/dist-packages/unitree_go/msg/_sport_mode_state.py'...\n"}
[11.204067] (unitree_go) StdoutLine: {'line': b"Compiling '/home/jnu/go2_ws/install/unitree_go/local/lib/python3.10/dist-packages/unitree_go/msg/_time_spec.py'...\n"}
[11.204084] (unitree_go) StdoutLine: {'line': b"Compiling '/home/jnu/go2_ws/install/unitree_go/local/lib/python3.10/dist-packages/unitree_go/msg/_uwb_state.py'...\n"}
[11.204101] (unitree_go) StdoutLine: {'line': b"Compiling '/home/jnu/go2_ws/install/unitree_go/local/lib/python3.10/dist-packages/unitree_go/msg/_uwb_switch.py'...\n"}
[11.204119] (unitree_go) StdoutLine: {'line': b"Compiling '/home/jnu/go2_ws/install/unitree_go/local/lib/python3.10/dist-packages/unitree_go/msg/_voxel_height_map_state.py'...\n"}
[11.204137] (unitree_go) StdoutLine: {'line': b"Compiling '/home/jnu/go2_ws/install/unitree_go/local/lib/python3.10/dist-packages/unitree_go/msg/_voxel_map_compressed.py'...\n"}
[11.204155] (unitree_go) StdoutLine: {'line': b"Compiling '/home/jnu/go2_ws/install/unitree_go/local/lib/python3.10/dist-packages/unitree_go/msg/_wireless_controller.py'...\n"}
[11.205857] (unitree_go) StdoutLine: {'line': b'-- Installing: /home/jnu/go2_ws/install/unitree_go/lib/libunitree_go__rosidl_generator_py.so\n'}
[11.206004] (unitree_go) StdoutLine: {'line': b'-- Set runtime path of "/home/jnu/go2_ws/install/unitree_go/lib/libunitree_go__rosidl_generator_py.so" to ""\n'}
[11.206047] (unitree_go) StdoutLine: {'line': b'-- Installing: /home/jnu/go2_ws/install/unitree_go/share/unitree_go/cmake/export_unitree_go__rosidl_generator_cExport.cmake\n'}
[11.206078] (unitree_go) StdoutLine: {'line': b'-- Installing: /home/jnu/go2_ws/install/unitree_go/share/unitree_go/cmake/export_unitree_go__rosidl_generator_cExport-noconfig.cmake\n'}
[11.206122] (unitree_go) StdoutLine: {'line': b'-- Installing: /home/jnu/go2_ws/install/unitree_go/share/unitree_go/cmake/export_unitree_go__rosidl_typesupport_fastrtps_cExport.cmake\n'}
[11.206164] (unitree_go) StdoutLine: {'line': b'-- Installing: /home/jnu/go2_ws/install/unitree_go/share/unitree_go/cmake/export_unitree_go__rosidl_typesupport_fastrtps_cExport-noconfig.cmake\n'}
[11.206212] (unitree_go) StdoutLine: {'line': b'-- Installing: /home/jnu/go2_ws/install/unitree_go/share/unitree_go/cmake/unitree_go__rosidl_typesupport_introspection_cExport.cmake\n'}
[11.206256] (unitree_go) StdoutLine: {'line': b'-- Installing: /home/jnu/go2_ws/install/unitree_go/share/unitree_go/cmake/unitree_go__rosidl_typesupport_introspection_cExport-noconfig.cmake\n'}
[11.206297] (unitree_go) StdoutLine: {'line': b'-- Installing: /home/jnu/go2_ws/install/unitree_go/share/unitree_go/cmake/unitree_go__rosidl_typesupport_cExport.cmake\n'}
[11.206383] (unitree_go) StdoutLine: {'line': b'-- Installing: /home/jnu/go2_ws/install/unitree_go/share/unitree_go/cmake/unitree_go__rosidl_typesupport_cExport-noconfig.cmake\n'}
[11.206406] (unitree_go) StdoutLine: {'line': b'-- Installing: /home/jnu/go2_ws/install/unitree_go/share/unitree_go/cmake/export_unitree_go__rosidl_generator_cppExport.cmake\n'}
[11.206436] (unitree_go) StdoutLine: {'line': b'-- Installing: /home/jnu/go2_ws/install/unitree_go/share/unitree_go/cmake/export_unitree_go__rosidl_typesupport_fastrtps_cppExport.cmake\n'}
[11.206463] (unitree_go) StdoutLine: {'line': b'-- Installing: /home/jnu/go2_ws/install/unitree_go/share/unitree_go/cmake/export_unitree_go__rosidl_typesupport_fastrtps_cppExport-noconfig.cmake\n'}
[11.206502] (unitree_go) StdoutLine: {'line': b'-- Installing: /home/jnu/go2_ws/install/unitree_go/share/unitree_go/cmake/unitree_go__rosidl_typesupport_introspection_cppExport.cmake\n'}
[11.206541] (unitree_go) StdoutLine: {'line': b'-- Installing: /home/jnu/go2_ws/install/unitree_go/share/unitree_go/cmake/unitree_go__rosidl_typesupport_introspection_cppExport-noconfig.cmake\n'}
[11.206586] (unitree_go) StdoutLine: {'line': b'-- Installing: /home/jnu/go2_ws/install/unitree_go/share/unitree_go/cmake/unitree_go__rosidl_typesupport_cppExport.cmake\n'}
[11.206624] (unitree_go) StdoutLine: {'line': b'-- Installing: /home/jnu/go2_ws/install/unitree_go/share/unitree_go/cmake/unitree_go__rosidl_typesupport_cppExport-noconfig.cmake\n'}
[11.206665] (unitree_go) StdoutLine: {'line': b'-- Installing: /home/jnu/go2_ws/install/unitree_go/share/unitree_go/cmake/export_unitree_go__rosidl_generator_pyExport.cmake\n'}
[11.206702] (unitree_go) StdoutLine: {'line': b'-- Installing: /home/jnu/go2_ws/install/unitree_go/share/unitree_go/cmake/export_unitree_go__rosidl_generator_pyExport-noconfig.cmake\n'}
[11.208196] (unitree_go) CommandEnded: {'returncode': 0}
[11.214886] (unitree_go) JobEnded: {'identifier': 'unitree_go', 'rc': 0}
[11.215144] (go2_driver) JobStarted: {'identifier': 'go2_driver'}
[11.221903] (go2_driver) JobProgress: {'identifier': 'go2_driver', 'progress': 'cmake'}
[11.222216] (go2_driver) Command: {'cmd': ['/usr/bin/cmake', '/home/jnu/go2_ws/src/go2_driver', '-DAMENT_CMAKE_SYMLINK_INSTALL=1', '-DCMAKE_INSTALL_PREFIX=/home/jnu/go2_ws/install/go2_driver'], 'cwd': '/home/jnu/go2_ws/build/go2_driver', 'env': OrderedDict([('LESSOPEN', '| /usr/bin/lesspipe %s'), ('LANGUAGE', 'ko:en'), ('USER', 'jnu'), ('LC_TIME', 'ko_KR.UTF-8'), ('XDG_SESSION_TYPE', 'x11'), ('SHLVL', '1'), ('LD_LIBRARY_PATH', '/home/jnu/go2_ws/install/unitree_go/lib:/home/jnu/go2_ws/install/unitree_api/lib:/home/jnu/go2_ws/install/go2_interfaces/lib:/opt/ros/humble/opt/rviz_ogre_vendor/lib:/opt/ros/humble/lib/x86_64-linux-gnu:/opt/ros/humble/lib:/usr/local/cuda-11.8/lib64'), ('HOME', '/home/jnu'), ('CONDA_SHLVL', '0'), ('OLDPWD', '/home/jnu/go2_ws/src'), ('DESKTOP_SESSION', 'ubuntu'), ('ROS_PYTHON_VERSION', '3'), ('GNOME_SHELL_SESSION_MODE', 'ubuntu'), ('GTK_MODULES', 'gail:atk-bridge'), ('LC_MONETARY', 'ko_KR.UTF-8'), ('MANAGERPID', '1735'), ('SYSTEMD_EXEC_PID', '2210'), ('DBUS_SESSION_BUS_ADDRESS', 'unix:path=/run/user/1000/bus'), ('COLORTERM', 'truecolor'), ('_CE_M', ''), ('TERMINATOR_DBUS_NAME', 'net.tenshu.Terminator23558193cd9818af7fe4d2c2f5bd9d00f'), ('GIO_LAUNCHED_DESKTOP_FILE_PID', '50688'), ('IM_CONFIG_PHASE', '1'), ('ROS_DISTRO', 'humble'), ('GTK_IM_MODULE', 'ibus'), ('LOGNAME', 'jnu'), ('JOURNAL_STREAM', '8:13504'), ('_', '/usr/bin/colcon'), ('ROS_VERSION', '2'), ('XDG_SESSION_CLASS', 'user'), ('USERNAME', 'jnu'), ('TERM', 'xterm-256color'), ('GNOME_DESKTOP_SESSION_ID', 'this-is-deprecated'), ('_CE_CONDA', ''), ('ROS_LOCALHOST_ONLY', '0'), ('WINDOWPATH', '2'), ('PATH', '/opt/ros/humble/bin:/home/jnu/anaconda3/condabin:/usr/local/cuda-11.8/bin:/home/jnu/.local/bin:/usr/local/sbin:/usr/local/bin:/usr/sbin:/usr/bin:/sbin:/bin:/usr/games:/usr/local/games:/snap/bin:/snap/bin'), ('SESSION_MANAGER', 'local/JNU-1:@/tmp/.ICE-unix/1960,unix/JNU-1:/tmp/.ICE-unix/1960'), ('INVOCATION_ID', '626ef355527a45d284069bc1bba02c8f'), ('PAPERSIZE', 'a4'), ('XDG_MENU_PREFIX', 'gnome-'), ('LC_ADDRESS', 'ko_KR.UTF-8'), ('XDG_RUNTIME_DIR', '/run/user/1000'), ('DISPLAY', ':1'), ('TERMINATOR_DBUS_PATH', '/net/tenshu/Terminator2'), ('LANG', 'ko_KR.UTF-8'), ('XDG_CURRENT_DESKTOP', 'ubuntu:GNOME'), ('IBUS_DISABLE_SNOOPER', '1'), ('LC_TELEPHONE', 'ko_KR.UTF-8'), ('XMODIFIERS', '@im=ibus'), ('XDG_SESSION_DESKTOP', 'ubuntu'), ('XAUTHORITY', '/run/user/1000/gdm/Xauthority'), ('LS_COLORS', 'rs=0:di=01;34:ln=01;36:mh=00:pi=40;33:so=01;35:do=01;35:bd=40;33;01:cd=40;33;01:or=40;31;01:mi=00:su=37;41:sg=30;43:ca=30;41:tw=30;42:ow=34;42:st=37;44:ex=01;32:*.tar=01;31:*.tgz=01;31:*.arc=01;31:*.arj=01;31:*.taz=01;31:*.lha=01;31:*.lz4=01;31:*.lzh=01;31:*.lzma=01;31:*.tlz=01;31:*.txz=01;31:*.tzo=01;31:*.t7z=01;31:*.zip=01;31:*.z=01;31:*.dz=01;31:*.gz=01;31:*.lrz=01;31:*.lz=01;31:*.lzo=01;31:*.xz=01;31:*.zst=01;31:*.tzst=01;31:*.bz2=01;31:*.bz=01;31:*.tbz=01;31:*.tbz2=01;31:*.tz=01;31:*.deb=01;31:*.rpm=01;31:*.jar=01;31:*.war=01;31:*.ear=01;31:*.sar=01;31:*.rar=01;31:*.alz=01;31:*.ace=01;31:*.zoo=01;31:*.cpio=01;31:*.7z=01;31:*.rz=01;31:*.cab=01;31:*.wim=01;31:*.swm=01;31:*.dwm=01;31:*.esd=01;31:*.jpg=01;35:*.jpeg=01;35:*.mjpg=01;35:*.mjpeg=01;35:*.gif=01;35:*.bmp=01;35:*.pbm=01;35:*.pgm=01;35:*.ppm=01;35:*.tga=01;35:*.xbm=01;35:*.xpm=01;35:*.tif=01;35:*.tiff=01;35:*.png=01;35:*.svg=01;35:*.svgz=01;35:*.mng=01;35:*.pcx=01;35:*.mov=01;35:*.mpg=01;35:*.mpeg=01;35:*.m2v=01;35:*.mkv=01;35:*.webm=01;35:*.webp=01;35:*.ogm=01;35:*.mp4=01;35:*.m4v=01;35:*.mp4v=01;35:*.vob=01;35:*.qt=01;35:*.nuv=01;35:*.wmv=01;35:*.asf=01;35:*.rm=01;35:*.rmvb=01;35:*.flc=01;35:*.avi=01;35:*.fli=01;35:*.flv=01;35:*.gl=01;35:*.dl=01;35:*.xcf=01;35:*.xwd=01;35:*.yuv=01;35:*.cgm=01;35:*.emf=01;35:*.ogv=01;35:*.ogx=01;35:*.aac=00;36:*.au=00;36:*.flac=00;36:*.m4a=00;36:*.mid=00;36:*.midi=00;36:*.mka=00;36:*.mp3=00;36:*.mpc=00;36:*.ogg=00;36:*.ra=00;36:*.wav=00;36:*.oga=00;36:*.opus=00;36:*.spx=00;36:*.xspf=00;36:'), ('SSH_AGENT_LAUNCHER', 'gnome-keyring'), ('SSH_AUTH_SOCK', '/run/user/1000/keyring/ssh'), ('AMENT_PREFIX_PATH', '/home/jnu/go2_ws/install/unitree_go:/home/jnu/go2_ws/install/unitree_api:/home/jnu/go2_ws/install/go2_interfaces:/opt/ros/humble'), ('CONDA_PYTHON_EXE', '/home/jnu/anaconda3/bin/python'), ('SHELL', '/bin/bash'), ('LC_NAME', 'ko_KR.UTF-8'), ('TERMINATOR_UUID', 'urn:uuid:9709fc55-99ce-401d-8324-b50ce6fb78e1'), ('QT_ACCESSIBILITY', '1'), ('GDMSESSION', 'ubuntu'), ('LESSCLOSE', '/usr/bin/lesspipe %s %s'), ('LC_MEASUREMENT', 'ko_KR.UTF-8'), ('GPG_AGENT_INFO', '/run/user/1000/gnupg/S.gpg-agent:0:1'), ('LC_IDENTIFICATION', 'ko_KR.UTF-8'), ('QT_IM_MODULE', 'ibus'), ('PWD', '/home/jnu/go2_ws/build/go2_driver'), ('CUDA_HOME', '/usr/local/cuda-11.8'), ('XDG_CONFIG_DIRS', '/etc/xdg/xdg-ubuntu:/etc/xdg'), ('CONDA_EXE', '/home/jnu/anaconda3/bin/conda'), ('XDG_DATA_DIRS', '/usr/share/ubuntu:/usr/share/gnome:/usr/local/share/:/usr/share/:/var/lib/snapd/desktop'), ('PYTHONPATH', '/home/jnu/go2_ws/install/unitree_go/local/lib/python3.10/dist-packages:/home/jnu/go2_ws/install/unitree_api/local/lib/python3.10/dist-packages:/home/jnu/go2_ws/install/go2_interfaces/local/lib/python3.10/dist-packages:/opt/ros/humble/lib/python3.10/site-packages:/opt/ros/humble/local/lib/python3.10/dist-packages'), ('LC_NUMERIC', 'ko_KR.UTF-8'), ('LC_PAPER', 'ko_KR.UTF-8'), ('COLCON', '1'), ('VTE_VERSION', '6800'), ('CMAKE_PREFIX_PATH', '/home/jnu/go2_ws/install/unitree_go:/home/jnu/go2_ws/install/unitree_api:/home/jnu/go2_ws/install/go2_interfaces:/opt/ros/humble')]), 'shell': False}
[11.233512] (-) TimerEvent: {}
[11.299177] (go2_driver) StdoutLine: {'line': b'-- The C compiler identification is GNU 11.4.0\n'}
[11.333658] (-) TimerEvent: {}
[11.368979] (go2_driver) StdoutLine: {'line': b'-- The CXX compiler identification is GNU 11.4.0\n'}
[11.372559] (go2_driver) StdoutLine: {'line': b'-- Detecting C compiler ABI info\n'}
[11.433803] (-) TimerEvent: {}
[11.438867] (go2_driver) StdoutLine: {'line': b'-- Detecting C compiler ABI info - done\n'}
[11.452981] (go2_driver) StdoutLine: {'line': b'-- Check for working C compiler: /usr/bin/cc - skipped\n'}
[11.453414] (go2_driver) StdoutLine: {'line': b'-- Detecting C compile features\n'}
[11.454006] (go2_driver) StdoutLine: {'line': b'-- Detecting C compile features - done\n'}
[11.457347] (go2_driver) StdoutLine: {'line': b'-- Detecting CXX compiler ABI info\n'}
[11.533917] (-) TimerEvent: {}
[11.545444] (go2_driver) StdoutLine: {'line': b'-- Detecting CXX compiler ABI info - done\n'}
[11.549104] (go2_driver) StdoutLine: {'line': b'-- Check for working CXX compiler: /usr/bin/c++ - skipped\n'}
[11.549206] (go2_driver) StdoutLine: {'line': b'-- Detecting CXX compile features\n'}
[11.549490] (go2_driver) StdoutLine: {'line': b'-- Detecting CXX compile features - done\n'}
[11.550578] (go2_driver) StdoutLine: {'line': b'-- Found ament_cmake: 1.3.12 (/opt/ros/humble/share/ament_cmake/cmake)\n'}
[11.633986] (-) TimerEvent: {}
[11.659742] (go2_driver) StdoutLine: {'line': b'-- Found Python3: /usr/bin/python3 (found version "3.10.12") found components: Interpreter \n'}
[11.693393] (go2_driver) StdoutLine: {'line': b'-- Override CMake install command with custom implementation using symlinks instead of copying resources\n'}
[11.710398] (go2_driver) StdoutLine: {'line': b'-- Found rclcpp: 16.0.16 (/opt/ros/humble/share/rclcpp/cmake)\n'}
[11.734064] (-) TimerEvent: {}
[11.740414] (go2_driver) StdoutLine: {'line': b'-- Found rosidl_generator_c: 3.1.7 (/opt/ros/humble/share/rosidl_generator_c/cmake)\n'}
[11.742531] (go2_driver) StdoutLine: {'line': b'-- Found rosidl_adapter: 3.1.7 (/opt/ros/humble/share/rosidl_adapter/cmake)\n'}
[11.746261] (go2_driver) StdoutLine: {'line': b'-- Found rosidl_generator_cpp: 3.1.7 (/opt/ros/humble/share/rosidl_generator_cpp/cmake)\n'}
[11.751596] (go2_driver) StdoutLine: {'line': b'-- Using all available rosidl_typesupport_c: rosidl_typesupport_fastrtps_c;rosidl_typesupport_introspection_c\n'}
[11.758830] (go2_driver) StdoutLine: {'line': b'-- Using all available rosidl_typesupport_cpp: rosidl_typesupport_fastrtps_cpp;rosidl_typesupport_introspection_cpp\n'}
[11.778487] (go2_driver) StdoutLine: {'line': b'-- Found rmw_implementation_cmake: 6.1.2 (/opt/ros/humble/share/rmw_implementation_cmake/cmake)\n'}
[11.779630] (go2_driver) StdoutLine: {'line': b'-- Found rmw_fastrtps_cpp: 6.2.9 (/opt/ros/humble/share/rmw_fastrtps_cpp/cmake)\n'}
[11.834187] (-) TimerEvent: {}
[11.839575] (go2_driver) StdoutLine: {'line': b'-- Found OpenSSL: /usr/lib/x86_64-linux-gnu/libcrypto.so (found version "3.0.2")  \n'}
[11.866560] (go2_driver) StdoutLine: {'line': b'-- Found FastRTPS: /opt/ros/humble/include  \n'}
[11.900758] (go2_driver) StdoutLine: {'line': b"-- Using RMW implementation 'rmw_fastrtps_cpp' as default\n"}
[11.910277] (go2_driver) StdoutLine: {'line': b'-- Looking for pthread.h\n'}
[11.934342] (-) TimerEvent: {}
[12.012334] (go2_driver) StdoutLine: {'line': b'-- Looking for pthread.h - found\n'}
[12.013517] (go2_driver) StdoutLine: {'line': b'-- Performing Test CMAKE_HAVE_LIBC_PTHREAD\n'}
[12.034392] (-) TimerEvent: {}
[12.112603] (go2_driver) StdoutLine: {'line': b'-- Performing Test CMAKE_HAVE_LIBC_PTHREAD - Success\n'}
[12.113436] (go2_driver) StdoutLine: {'line': b'-- Found Threads: TRUE  \n'}
[12.134455] (-) TimerEvent: {}
[12.137959] (go2_driver) StdoutLine: {'line': b'-- Found rclcpp_lifecycle: 16.0.16 (/opt/ros/humble/share/rclcpp_lifecycle/cmake)\n'}
[12.151580] (go2_driver) StdoutLine: {'line': b'-- Found rclcpp_components: 16.0.16 (/opt/ros/humble/share/rclcpp_components/cmake)\n'}
[12.167649] (go2_driver) StdoutLine: {'line': b'-- Found sensor_msgs: 4.9.0 (/opt/ros/humble/share/sensor_msgs/cmake)\n'}
[12.182255] (go2_driver) StdoutLine: {'line': b'-- Found nav_msgs: 4.9.0 (/opt/ros/humble/share/nav_msgs/cmake)\n'}
[12.191993] (go2_driver) StdoutLine: {'line': b'-- Found unitree_go: 0.0.1 (/home/jnu/go2_ws/install/unitree_go/share/unitree_go/cmake)\n'}
[12.195969] (go2_driver) StdoutLine: {'line': b'-- Found unitree_api: 0.0.0 (/home/jnu/go2_ws/install/unitree_api/share/unitree_api/cmake)\n'}
[12.202880] (go2_driver) StdoutLine: {'line': b'-- Found tf2_ros: 0.25.17 (/opt/ros/humble/share/tf2_ros/cmake)\n'}
[12.234525] (-) TimerEvent: {}
[12.248688] (go2_driver) StdoutLine: {'line': b'-- Found go2_interfaces: 1.0.0 (/home/jnu/go2_ws/install/go2_interfaces/share/go2_interfaces/cmake)\n'}
[12.255865] (go2_driver) StdoutLine: {'line': b'-- Found ament_lint_auto: 0.12.14 (/opt/ros/humble/share/ament_lint_auto/cmake)\n'}
[12.294578] (go2_driver) StdoutLine: {'line': b"-- Added test 'cppcheck' to perform static code analysis on C / C++ code\n"}
[12.294686] (go2_driver) StdoutLine: {'line': b'-- Configured cppcheck include dirs: /home/jnu/go2_ws/src/go2_driver/include\n'}
[12.294717] (go2_driver) StdoutLine: {'line': b'-- Configured cppcheck exclude dirs and/or files: \n'}
[12.295011] (go2_driver) StdoutLine: {'line': b"-- Added test 'flake8' to check Python code syntax and style conventions\n"}
[12.295439] (go2_driver) StdoutLine: {'line': b"-- Added test 'lint_cmake' to check CMake code style\n"}
[12.295747] (go2_driver) StdoutLine: {'line': b"-- Added test 'pep257' to check Python code against some of the docstring style conventions in PEP 257\n"}
[12.296756] (go2_driver) StdoutLine: {'line': b"-- Added test 'uncrustify' to check C / C++ code style\n"}
[12.296778] (go2_driver) StdoutLine: {'line': b'-- Configured uncrustify additional arguments: \n'}
[12.297030] (go2_driver) StdoutLine: {'line': b"-- Added test 'xmllint' to check XML markup files\n"}
[12.297971] (go2_driver) StdoutLine: {'line': b'-- Configuring done\n'}
[12.305395] (go2_driver) StdoutLine: {'line': b'-- Generating done\n'}
[12.307474] (go2_driver) StdoutLine: {'line': b'-- Build files have been written to: /home/jnu/go2_ws/build/go2_driver\n'}
[12.313124] (go2_driver) CommandEnded: {'returncode': 0}
[12.314052] (go2_driver) JobProgress: {'identifier': 'go2_driver', 'progress': 'build'}
[12.314100] (go2_driver) Command: {'cmd': ['/usr/bin/cmake', '--build', '/home/jnu/go2_ws/build/go2_driver', '--', '-j24', '-l24'], 'cwd': '/home/jnu/go2_ws/build/go2_driver', 'env': OrderedDict([('LESSOPEN', '| /usr/bin/lesspipe %s'), ('LANGUAGE', 'ko:en'), ('USER', 'jnu'), ('LC_TIME', 'ko_KR.UTF-8'), ('XDG_SESSION_TYPE', 'x11'), ('SHLVL', '1'), ('LD_LIBRARY_PATH', '/home/jnu/go2_ws/install/unitree_go/lib:/home/jnu/go2_ws/install/unitree_api/lib:/home/jnu/go2_ws/install/go2_interfaces/lib:/opt/ros/humble/opt/rviz_ogre_vendor/lib:/opt/ros/humble/lib/x86_64-linux-gnu:/opt/ros/humble/lib:/usr/local/cuda-11.8/lib64'), ('HOME', '/home/jnu'), ('CONDA_SHLVL', '0'), ('OLDPWD', '/home/jnu/go2_ws/src'), ('DESKTOP_SESSION', 'ubuntu'), ('ROS_PYTHON_VERSION', '3'), ('GNOME_SHELL_SESSION_MODE', 'ubuntu'), ('GTK_MODULES', 'gail:atk-bridge'), ('LC_MONETARY', 'ko_KR.UTF-8'), ('MANAGERPID', '1735'), ('SYSTEMD_EXEC_PID', '2210'), ('DBUS_SESSION_BUS_ADDRESS', 'unix:path=/run/user/1000/bus'), ('COLORTERM', 'truecolor'), ('_CE_M', ''), ('TERMINATOR_DBUS_NAME', 'net.tenshu.Terminator23558193cd9818af7fe4d2c2f5bd9d00f'), ('GIO_LAUNCHED_DESKTOP_FILE_PID', '50688'), ('IM_CONFIG_PHASE', '1'), ('ROS_DISTRO', 'humble'), ('GTK_IM_MODULE', 'ibus'), ('LOGNAME', 'jnu'), ('JOURNAL_STREAM', '8:13504'), ('_', '/usr/bin/colcon'), ('ROS_VERSION', '2'), ('XDG_SESSION_CLASS', 'user'), ('USERNAME', 'jnu'), ('TERM', 'xterm-256color'), ('GNOME_DESKTOP_SESSION_ID', 'this-is-deprecated'), ('_CE_CONDA', ''), ('ROS_LOCALHOST_ONLY', '0'), ('WINDOWPATH', '2'), ('PATH', '/opt/ros/humble/bin:/home/jnu/anaconda3/condabin:/usr/local/cuda-11.8/bin:/home/jnu/.local/bin:/usr/local/sbin:/usr/local/bin:/usr/sbin:/usr/bin:/sbin:/bin:/usr/games:/usr/local/games:/snap/bin:/snap/bin'), ('SESSION_MANAGER', 'local/JNU-1:@/tmp/.ICE-unix/1960,unix/JNU-1:/tmp/.ICE-unix/1960'), ('INVOCATION_ID', '626ef355527a45d284069bc1bba02c8f'), ('PAPERSIZE', 'a4'), ('XDG_MENU_PREFIX', 'gnome-'), ('LC_ADDRESS', 'ko_KR.UTF-8'), ('XDG_RUNTIME_DIR', '/run/user/1000'), ('DISPLAY', ':1'), ('TERMINATOR_DBUS_PATH', '/net/tenshu/Terminator2'), ('LANG', 'ko_KR.UTF-8'), ('XDG_CURRENT_DESKTOP', 'ubuntu:GNOME'), ('IBUS_DISABLE_SNOOPER', '1'), ('LC_TELEPHONE', 'ko_KR.UTF-8'), ('XMODIFIERS', '@im=ibus'), ('XDG_SESSION_DESKTOP', 'ubuntu'), ('XAUTHORITY', '/run/user/1000/gdm/Xauthority'), ('LS_COLORS', 'rs=0:di=01;34:ln=01;36:mh=00:pi=40;33:so=01;35:do=01;35:bd=40;33;01:cd=40;33;01:or=40;31;01:mi=00:su=37;41:sg=30;43:ca=30;41:tw=30;42:ow=34;42:st=37;44:ex=01;32:*.tar=01;31:*.tgz=01;31:*.arc=01;31:*.arj=01;31:*.taz=01;31:*.lha=01;31:*.lz4=01;31:*.lzh=01;31:*.lzma=01;31:*.tlz=01;31:*.txz=01;31:*.tzo=01;31:*.t7z=01;31:*.zip=01;31:*.z=01;31:*.dz=01;31:*.gz=01;31:*.lrz=01;31:*.lz=01;31:*.lzo=01;31:*.xz=01;31:*.zst=01;31:*.tzst=01;31:*.bz2=01;31:*.bz=01;31:*.tbz=01;31:*.tbz2=01;31:*.tz=01;31:*.deb=01;31:*.rpm=01;31:*.jar=01;31:*.war=01;31:*.ear=01;31:*.sar=01;31:*.rar=01;31:*.alz=01;31:*.ace=01;31:*.zoo=01;31:*.cpio=01;31:*.7z=01;31:*.rz=01;31:*.cab=01;31:*.wim=01;31:*.swm=01;31:*.dwm=01;31:*.esd=01;31:*.jpg=01;35:*.jpeg=01;35:*.mjpg=01;35:*.mjpeg=01;35:*.gif=01;35:*.bmp=01;35:*.pbm=01;35:*.pgm=01;35:*.ppm=01;35:*.tga=01;35:*.xbm=01;35:*.xpm=01;35:*.tif=01;35:*.tiff=01;35:*.png=01;35:*.svg=01;35:*.svgz=01;35:*.mng=01;35:*.pcx=01;35:*.mov=01;35:*.mpg=01;35:*.mpeg=01;35:*.m2v=01;35:*.mkv=01;35:*.webm=01;35:*.webp=01;35:*.ogm=01;35:*.mp4=01;35:*.m4v=01;35:*.mp4v=01;35:*.vob=01;35:*.qt=01;35:*.nuv=01;35:*.wmv=01;35:*.asf=01;35:*.rm=01;35:*.rmvb=01;35:*.flc=01;35:*.avi=01;35:*.fli=01;35:*.flv=01;35:*.gl=01;35:*.dl=01;35:*.xcf=01;35:*.xwd=01;35:*.yuv=01;35:*.cgm=01;35:*.emf=01;35:*.ogv=01;35:*.ogx=01;35:*.aac=00;36:*.au=00;36:*.flac=00;36:*.m4a=00;36:*.mid=00;36:*.midi=00;36:*.mka=00;36:*.mp3=00;36:*.mpc=00;36:*.ogg=00;36:*.ra=00;36:*.wav=00;36:*.oga=00;36:*.opus=00;36:*.spx=00;36:*.xspf=00;36:'), ('SSH_AGENT_LAUNCHER', 'gnome-keyring'), ('SSH_AUTH_SOCK', '/run/user/1000/keyring/ssh'), ('AMENT_PREFIX_PATH', '/home/jnu/go2_ws/install/unitree_go:/home/jnu/go2_ws/install/unitree_api:/home/jnu/go2_ws/install/go2_interfaces:/opt/ros/humble'), ('CONDA_PYTHON_EXE', '/home/jnu/anaconda3/bin/python'), ('SHELL', '/bin/bash'), ('LC_NAME', 'ko_KR.UTF-8'), ('TERMINATOR_UUID', 'urn:uuid:9709fc55-99ce-401d-8324-b50ce6fb78e1'), ('QT_ACCESSIBILITY', '1'), ('GDMSESSION', 'ubuntu'), ('LESSCLOSE', '/usr/bin/lesspipe %s %s'), ('LC_MEASUREMENT', 'ko_KR.UTF-8'), ('GPG_AGENT_INFO', '/run/user/1000/gnupg/S.gpg-agent:0:1'), ('LC_IDENTIFICATION', 'ko_KR.UTF-8'), ('QT_IM_MODULE', 'ibus'), ('PWD', '/home/jnu/go2_ws/build/go2_driver'), ('CUDA_HOME', '/usr/local/cuda-11.8'), ('XDG_CONFIG_DIRS', '/etc/xdg/xdg-ubuntu:/etc/xdg'), ('CONDA_EXE', '/home/jnu/anaconda3/bin/conda'), ('XDG_DATA_DIRS', '/usr/share/ubuntu:/usr/share/gnome:/usr/local/share/:/usr/share/:/var/lib/snapd/desktop'), ('PYTHONPATH', '/home/jnu/go2_ws/install/unitree_go/local/lib/python3.10/dist-packages:/home/jnu/go2_ws/install/unitree_api/local/lib/python3.10/dist-packages:/home/jnu/go2_ws/install/go2_interfaces/local/lib/python3.10/dist-packages:/opt/ros/humble/lib/python3.10/site-packages:/opt/ros/humble/local/lib/python3.10/dist-packages'), ('LC_NUMERIC', 'ko_KR.UTF-8'), ('LC_PAPER', 'ko_KR.UTF-8'), ('COLCON', '1'), ('VTE_VERSION', '6800'), ('CMAKE_PREFIX_PATH', '/home/jnu/go2_ws/install/unitree_go:/home/jnu/go2_ws/install/unitree_api:/home/jnu/go2_ws/install/go2_interfaces:/opt/ros/humble')]), 'shell': False}
[12.334625] (-) TimerEvent: {}
[12.375278] (go2_driver) StdoutLine: {'line': b'[ 50%] \x1b[32mBuilding CXX object CMakeFiles/go2_driver.dir/src/go2_driver/go2_driver.cpp.o\x1b[0m\n'}
[12.434704] (-) TimerEvent: {}
[12.534927] (-) TimerEvent: {}
[12.635226] (-) TimerEvent: {}
[12.735472] (-) TimerEvent: {}
[12.835760] (-) TimerEvent: {}
[12.936042] (-) TimerEvent: {}
[13.036305] (-) TimerEvent: {}
[13.136616] (-) TimerEvent: {}
[13.236901] (-) TimerEvent: {}
[13.337174] (-) TimerEvent: {}
[13.437458] (-) TimerEvent: {}
[13.537734] (-) TimerEvent: {}
[13.637972] (-) TimerEvent: {}
[13.738184] (-) TimerEvent: {}
[13.838436] (-) TimerEvent: {}
[13.938657] (-) TimerEvent: {}
[14.038869] (-) TimerEvent: {}
[14.139087] (-) TimerEvent: {}
[14.239294] (-) TimerEvent: {}
[14.339506] (-) TimerEvent: {}
[14.439721] (-) TimerEvent: {}
[14.539990] (-) TimerEvent: {}
[14.640278] (-) TimerEvent: {}
[14.740546] (-) TimerEvent: {}
[14.840766] (-) TimerEvent: {}
[14.940974] (-) TimerEvent: {}
[15.041179] (-) TimerEvent: {}
[15.141391] (-) TimerEvent: {}
[15.241597] (-) TimerEvent: {}
[15.341809] (-) TimerEvent: {}
[15.442023] (-) TimerEvent: {}
[15.542242] (-) TimerEvent: {}
[15.642471] (-) TimerEvent: {}
[15.742682] (-) TimerEvent: {}
[15.842894] (-) TimerEvent: {}
[15.943109] (-) TimerEvent: {}
[16.043320] (-) TimerEvent: {}
[16.143540] (-) TimerEvent: {}
[16.243776] (-) TimerEvent: {}
[16.344006] (-) TimerEvent: {}
[16.444212] (-) TimerEvent: {}
[16.544414] (-) TimerEvent: {}
[16.644627] (-) TimerEvent: {}
[16.744841] (-) TimerEvent: {}
[16.845072] (-) TimerEvent: {}
[16.945299] (-) TimerEvent: {}
[17.045506] (-) TimerEvent: {}
[17.145712] (-) TimerEvent: {}
[17.245924] (-) TimerEvent: {}
[17.346147] (-) TimerEvent: {}
[17.446363] (-) TimerEvent: {}
[17.546584] (-) TimerEvent: {}
[17.646819] (-) TimerEvent: {}
[17.747033] (-) TimerEvent: {}
[17.847250] (-) TimerEvent: {}
[17.947469] (-) TimerEvent: {}
[18.047679] (-) TimerEvent: {}
[18.147892] (-) TimerEvent: {}
[18.248120] (-) TimerEvent: {}
[18.348330] (-) TimerEvent: {}
[18.448607] (-) TimerEvent: {}
[18.548845] (-) TimerEvent: {}
[18.649076] (-) TimerEvent: {}
[18.749315] (-) TimerEvent: {}
[18.849548] (-) TimerEvent: {}
[18.949767] (-) TimerEvent: {}
[19.050019] (-) TimerEvent: {}
[19.150340] (-) TimerEvent: {}
[19.250567] (-) TimerEvent: {}
[19.350779] (-) TimerEvent: {}
[19.450982] (-) TimerEvent: {}
[19.551178] (-) TimerEvent: {}
[19.651404] (-) TimerEvent: {}
[19.751644] (-) TimerEvent: {}
[19.851886] (-) TimerEvent: {}
[19.952132] (-) TimerEvent: {}
[20.052374] (-) TimerEvent: {}
[20.152597] (-) TimerEvent: {}
[20.252809] (-) TimerEvent: {}
[20.353008] (-) TimerEvent: {}
[20.453205] (-) TimerEvent: {}
[20.553412] (-) TimerEvent: {}
[20.653611] (-) TimerEvent: {}
[20.753822] (-) TimerEvent: {}
[20.854022] (-) TimerEvent: {}
[20.954222] (-) TimerEvent: {}
[21.054410] (-) TimerEvent: {}
[21.154612] (-) TimerEvent: {}
[21.254812] (-) TimerEvent: {}
[21.355024] (-) TimerEvent: {}
[21.455226] (-) TimerEvent: {}
[21.555417] (-) TimerEvent: {}
[21.655628] (-) TimerEvent: {}
[21.755824] (-) TimerEvent: {}
[21.856019] (-) TimerEvent: {}
[21.956233] (-) TimerEvent: {}
[22.056433] (-) TimerEvent: {}
[22.156720] (-) TimerEvent: {}
[22.256924] (-) TimerEvent: {}
[22.357124] (-) TimerEvent: {}
[22.457382] (-) TimerEvent: {}
[22.557635] (-) TimerEvent: {}
[22.657839] (-) TimerEvent: {}
[22.758034] (-) TimerEvent: {}
[22.858272] (-) TimerEvent: {}
[22.958530] (-) TimerEvent: {}
[23.058742] (-) TimerEvent: {}
[23.159002] (-) TimerEvent: {}
[23.259276] (-) TimerEvent: {}
[23.359490] (-) TimerEvent: {}
[23.459681] (-) TimerEvent: {}
[23.559876] (-) TimerEvent: {}
[23.660087] (-) TimerEvent: {}
[23.760343] (-) TimerEvent: {}
[23.860601] (-) TimerEvent: {}
[23.960868] (-) TimerEvent: {}
[24.061234] (-) TimerEvent: {}
[24.161810] (-) TimerEvent: {}
[24.262077] (-) TimerEvent: {}
[24.362330] (-) TimerEvent: {}
[24.462595] (-) TimerEvent: {}
[24.562850] (-) TimerEvent: {}
[24.663070] (-) TimerEvent: {}
[24.763284] (-) TimerEvent: {}
[24.863510] (-) TimerEvent: {}
[24.963726] (-) TimerEvent: {}
[25.063949] (-) TimerEvent: {}
[25.164183] (-) TimerEvent: {}
[25.264481] (-) TimerEvent: {}
[25.275657] (go2_driver) StdoutLine: {'line': b'[100%] \x1b[32m\x1b[1mLinking CXX shared library libgo2_driver.so\x1b[0m\n'}
[25.364588] (-) TimerEvent: {}
[25.464871] (-) TimerEvent: {}
[25.565148] (-) TimerEvent: {}
[25.665417] (-) TimerEvent: {}
[25.765704] (-) TimerEvent: {}
[25.865984] (-) TimerEvent: {}
[25.966226] (-) TimerEvent: {}
[26.066412] (-) TimerEvent: {}
[26.166617] (-) TimerEvent: {}
[26.190476] (go2_driver) StdoutLine: {'line': b'[100%] Built target go2_driver\n'}
[26.197480] (go2_driver) CommandEnded: {'returncode': 0}
[26.197989] (go2_driver) JobProgress: {'identifier': 'go2_driver', 'progress': 'install'}
[26.198192] (go2_driver) Command: {'cmd': ['/usr/bin/cmake', '--install', '/home/jnu/go2_ws/build/go2_driver'], 'cwd': '/home/jnu/go2_ws/build/go2_driver', 'env': OrderedDict([('LESSOPEN', '| /usr/bin/lesspipe %s'), ('LANGUAGE', 'ko:en'), ('USER', 'jnu'), ('LC_TIME', 'ko_KR.UTF-8'), ('XDG_SESSION_TYPE', 'x11'), ('SHLVL', '1'), ('LD_LIBRARY_PATH', '/home/jnu/go2_ws/install/unitree_go/lib:/home/jnu/go2_ws/install/unitree_api/lib:/home/jnu/go2_ws/install/go2_interfaces/lib:/opt/ros/humble/opt/rviz_ogre_vendor/lib:/opt/ros/humble/lib/x86_64-linux-gnu:/opt/ros/humble/lib:/usr/local/cuda-11.8/lib64'), ('HOME', '/home/jnu'), ('CONDA_SHLVL', '0'), ('OLDPWD', '/home/jnu/go2_ws/src'), ('DESKTOP_SESSION', 'ubuntu'), ('ROS_PYTHON_VERSION', '3'), ('GNOME_SHELL_SESSION_MODE', 'ubuntu'), ('GTK_MODULES', 'gail:atk-bridge'), ('LC_MONETARY', 'ko_KR.UTF-8'), ('MANAGERPID', '1735'), ('SYSTEMD_EXEC_PID', '2210'), ('DBUS_SESSION_BUS_ADDRESS', 'unix:path=/run/user/1000/bus'), ('COLORTERM', 'truecolor'), ('_CE_M', ''), ('TERMINATOR_DBUS_NAME', 'net.tenshu.Terminator23558193cd9818af7fe4d2c2f5bd9d00f'), ('GIO_LAUNCHED_DESKTOP_FILE_PID', '50688'), ('IM_CONFIG_PHASE', '1'), ('ROS_DISTRO', 'humble'), ('GTK_IM_MODULE', 'ibus'), ('LOGNAME', 'jnu'), ('JOURNAL_STREAM', '8:13504'), ('_', '/usr/bin/colcon'), ('ROS_VERSION', '2'), ('XDG_SESSION_CLASS', 'user'), ('USERNAME', 'jnu'), ('TERM', 'xterm-256color'), ('GNOME_DESKTOP_SESSION_ID', 'this-is-deprecated'), ('_CE_CONDA', ''), ('ROS_LOCALHOST_ONLY', '0'), ('WINDOWPATH', '2'), ('PATH', '/opt/ros/humble/bin:/home/jnu/anaconda3/condabin:/usr/local/cuda-11.8/bin:/home/jnu/.local/bin:/usr/local/sbin:/usr/local/bin:/usr/sbin:/usr/bin:/sbin:/bin:/usr/games:/usr/local/games:/snap/bin:/snap/bin'), ('SESSION_MANAGER', 'local/JNU-1:@/tmp/.ICE-unix/1960,unix/JNU-1:/tmp/.ICE-unix/1960'), ('INVOCATION_ID', '626ef355527a45d284069bc1bba02c8f'), ('PAPERSIZE', 'a4'), ('XDG_MENU_PREFIX', 'gnome-'), ('LC_ADDRESS', 'ko_KR.UTF-8'), ('XDG_RUNTIME_DIR', '/run/user/1000'), ('DISPLAY', ':1'), ('TERMINATOR_DBUS_PATH', '/net/tenshu/Terminator2'), ('LANG', 'ko_KR.UTF-8'), ('XDG_CURRENT_DESKTOP', 'ubuntu:GNOME'), ('IBUS_DISABLE_SNOOPER', '1'), ('LC_TELEPHONE', 'ko_KR.UTF-8'), ('XMODIFIERS', '@im=ibus'), ('XDG_SESSION_DESKTOP', 'ubuntu'), ('XAUTHORITY', '/run/user/1000/gdm/Xauthority'), ('LS_COLORS', 'rs=0:di=01;34:ln=01;36:mh=00:pi=40;33:so=01;35:do=01;35:bd=40;33;01:cd=40;33;01:or=40;31;01:mi=00:su=37;41:sg=30;43:ca=30;41:tw=30;42:ow=34;42:st=37;44:ex=01;32:*.tar=01;31:*.tgz=01;31:*.arc=01;31:*.arj=01;31:*.taz=01;31:*.lha=01;31:*.lz4=01;31:*.lzh=01;31:*.lzma=01;31:*.tlz=01;31:*.txz=01;31:*.tzo=01;31:*.t7z=01;31:*.zip=01;31:*.z=01;31:*.dz=01;31:*.gz=01;31:*.lrz=01;31:*.lz=01;31:*.lzo=01;31:*.xz=01;31:*.zst=01;31:*.tzst=01;31:*.bz2=01;31:*.bz=01;31:*.tbz=01;31:*.tbz2=01;31:*.tz=01;31:*.deb=01;31:*.rpm=01;31:*.jar=01;31:*.war=01;31:*.ear=01;31:*.sar=01;31:*.rar=01;31:*.alz=01;31:*.ace=01;31:*.zoo=01;31:*.cpio=01;31:*.7z=01;31:*.rz=01;31:*.cab=01;31:*.wim=01;31:*.swm=01;31:*.dwm=01;31:*.esd=01;31:*.jpg=01;35:*.jpeg=01;35:*.mjpg=01;35:*.mjpeg=01;35:*.gif=01;35:*.bmp=01;35:*.pbm=01;35:*.pgm=01;35:*.ppm=01;35:*.tga=01;35:*.xbm=01;35:*.xpm=01;35:*.tif=01;35:*.tiff=01;35:*.png=01;35:*.svg=01;35:*.svgz=01;35:*.mng=01;35:*.pcx=01;35:*.mov=01;35:*.mpg=01;35:*.mpeg=01;35:*.m2v=01;35:*.mkv=01;35:*.webm=01;35:*.webp=01;35:*.ogm=01;35:*.mp4=01;35:*.m4v=01;35:*.mp4v=01;35:*.vob=01;35:*.qt=01;35:*.nuv=01;35:*.wmv=01;35:*.asf=01;35:*.rm=01;35:*.rmvb=01;35:*.flc=01;35:*.avi=01;35:*.fli=01;35:*.flv=01;35:*.gl=01;35:*.dl=01;35:*.xcf=01;35:*.xwd=01;35:*.yuv=01;35:*.cgm=01;35:*.emf=01;35:*.ogv=01;35:*.ogx=01;35:*.aac=00;36:*.au=00;36:*.flac=00;36:*.m4a=00;36:*.mid=00;36:*.midi=00;36:*.mka=00;36:*.mp3=00;36:*.mpc=00;36:*.ogg=00;36:*.ra=00;36:*.wav=00;36:*.oga=00;36:*.opus=00;36:*.spx=00;36:*.xspf=00;36:'), ('SSH_AGENT_LAUNCHER', 'gnome-keyring'), ('SSH_AUTH_SOCK', '/run/user/1000/keyring/ssh'), ('AMENT_PREFIX_PATH', '/home/jnu/go2_ws/install/unitree_go:/home/jnu/go2_ws/install/unitree_api:/home/jnu/go2_ws/install/go2_interfaces:/opt/ros/humble'), ('CONDA_PYTHON_EXE', '/home/jnu/anaconda3/bin/python'), ('SHELL', '/bin/bash'), ('LC_NAME', 'ko_KR.UTF-8'), ('TERMINATOR_UUID', 'urn:uuid:9709fc55-99ce-401d-8324-b50ce6fb78e1'), ('QT_ACCESSIBILITY', '1'), ('GDMSESSION', 'ubuntu'), ('LESSCLOSE', '/usr/bin/lesspipe %s %s'), ('LC_MEASUREMENT', 'ko_KR.UTF-8'), ('GPG_AGENT_INFO', '/run/user/1000/gnupg/S.gpg-agent:0:1'), ('LC_IDENTIFICATION', 'ko_KR.UTF-8'), ('QT_IM_MODULE', 'ibus'), ('PWD', '/home/jnu/go2_ws/build/go2_driver'), ('CUDA_HOME', '/usr/local/cuda-11.8'), ('XDG_CONFIG_DIRS', '/etc/xdg/xdg-ubuntu:/etc/xdg'), ('CONDA_EXE', '/home/jnu/anaconda3/bin/conda'), ('XDG_DATA_DIRS', '/usr/share/ubuntu:/usr/share/gnome:/usr/local/share/:/usr/share/:/var/lib/snapd/desktop'), ('PYTHONPATH', '/home/jnu/go2_ws/install/unitree_go/local/lib/python3.10/dist-packages:/home/jnu/go2_ws/install/unitree_api/local/lib/python3.10/dist-packages:/home/jnu/go2_ws/install/go2_interfaces/local/lib/python3.10/dist-packages:/opt/ros/humble/lib/python3.10/site-packages:/opt/ros/humble/local/lib/python3.10/dist-packages'), ('LC_NUMERIC', 'ko_KR.UTF-8'), ('LC_PAPER', 'ko_KR.UTF-8'), ('COLCON', '1'), ('VTE_VERSION', '6800'), ('CMAKE_PREFIX_PATH', '/home/jnu/go2_ws/install/unitree_go:/home/jnu/go2_ws/install/unitree_api:/home/jnu/go2_ws/install/go2_interfaces:/opt/ros/humble')]), 'shell': False}
[26.203711] (go2_driver) StdoutLine: {'line': b'-- Install configuration: ""\n'}
[26.204059] (go2_driver) StdoutLine: {'line': b'-- Execute custom install script\n'}
[26.204249] (go2_driver) StdoutLine: {'line': b'-- Symlinking: /home/jnu/go2_ws/install/go2_driver/lib/libgo2_driver.so\n'}
[26.212498] (go2_driver) StdoutLine: {'line': b'-- Symlinking: /home/jnu/go2_ws/install/go2_driver/include/go2_driver/go2_api_id.hpp\n'}
[26.225361] (go2_driver) StdoutLine: {'line': b'-- Symlinking: /home/jnu/go2_ws/install/go2_driver/include/go2_driver/go2_driver.hpp\n'}
[26.236741] (go2_driver) StdoutLine: {'line': b'-- Symlinking: /home/jnu/go2_ws/install/go2_driver/share/go2_driver/launch/go2_driver.launch.py\n'}
[26.251947] (go2_driver) StdoutLine: {'line': b'-- Symlinking: /home/jnu/go2_ws/install/go2_driver/share/go2_driver/environment/library_path.sh\n'}
[26.266723] (-) TimerEvent: {}
[26.267420] (go2_driver) StdoutLine: {'line': b'-- Symlinking: /home/jnu/go2_ws/install/go2_driver/share/go2_driver/environment/library_path.dsv\n'}
[26.283385] (go2_driver) StdoutLine: {'line': b'-- Symlinking: /home/jnu/go2_ws/install/go2_driver/share/ament_index/resource_index/package_run_dependencies/go2_driver\n'}
[26.300575] (go2_driver) StdoutLine: {'line': b'-- Symlinking: /home/jnu/go2_ws/install/go2_driver/share/ament_index/resource_index/parent_prefix_path/go2_driver\n'}
[26.317253] (go2_driver) StdoutLine: {'line': b'-- Symlinking: /home/jnu/go2_ws/install/go2_driver/share/go2_driver/environment/ament_prefix_path.sh\n'}
[26.335696] (go2_driver) StdoutLine: {'line': b'-- Symlinking: /home/jnu/go2_ws/install/go2_driver/share/go2_driver/environment/ament_prefix_path.dsv\n'}
[26.354876] (go2_driver) StdoutLine: {'line': b'-- Symlinking: /home/jnu/go2_ws/install/go2_driver/share/go2_driver/environment/path.sh\n'}
[26.366903] (-) TimerEvent: {}
[26.372389] (go2_driver) StdoutLine: {'line': b'-- Symlinking: /home/jnu/go2_ws/install/go2_driver/share/go2_driver/environment/path.dsv\n'}
[26.389032] (go2_driver) StdoutLine: {'line': b'-- Symlinking: /home/jnu/go2_ws/install/go2_driver/share/go2_driver/local_setup.bash\n'}
[26.403334] (go2_driver) StdoutLine: {'line': b'-- Symlinking: /home/jnu/go2_ws/install/go2_driver/share/go2_driver/local_setup.sh\n'}
[26.417096] (go2_driver) StdoutLine: {'line': b'-- Symlinking: /home/jnu/go2_ws/install/go2_driver/share/go2_driver/local_setup.zsh\n'}
[26.431090] (go2_driver) StdoutLine: {'line': b'-- Symlinking: /home/jnu/go2_ws/install/go2_driver/share/go2_driver/local_setup.dsv\n'}
[26.443951] (go2_driver) StdoutLine: {'line': b'-- Symlinking: /home/jnu/go2_ws/install/go2_driver/share/go2_driver/package.dsv\n'}
[26.454132] (go2_driver) StdoutLine: {'line': b'-- Symlinking: /home/jnu/go2_ws/install/go2_driver/share/ament_index/resource_index/packages/go2_driver\n'}
[26.466980] (-) TimerEvent: {}
[26.467226] (go2_driver) StdoutLine: {'line': b'-- Symlinking: /home/jnu/go2_ws/install/go2_driver/share/ament_index/resource_index/rclcpp_components/go2_driver\n'}
[26.480648] (go2_driver) StdoutLine: {'line': b'-- Symlinking: /home/jnu/go2_ws/install/go2_driver/share/go2_driver/cmake/ament_cmake_export_include_directories-extras.cmake\n'}
[26.492894] (go2_driver) StdoutLine: {'line': b'-- Symlinking: /home/jnu/go2_ws/install/go2_driver/share/go2_driver/cmake/ament_cmake_export_libraries-extras.cmake\n'}
[26.504177] (go2_driver) StdoutLine: {'line': b'-- Symlinking: /home/jnu/go2_ws/install/go2_driver/share/go2_driver/cmake/ament_cmake_export_dependencies-extras.cmake\n'}
[26.513292] (go2_driver) StdoutLine: {'line': b'-- Symlinking: /home/jnu/go2_ws/install/go2_driver/share/go2_driver/cmake/go2_driverConfig.cmake\n'}
[26.528743] (go2_driver) StdoutLine: {'line': b'-- Symlinking: /home/jnu/go2_ws/install/go2_driver/share/go2_driver/cmake/go2_driverConfig-version.cmake\n'}
[26.543501] (go2_driver) StdoutLine: {'line': b'-- Symlinking: /home/jnu/go2_ws/install/go2_driver/share/go2_driver/package.xml\n'}
[26.556210] (go2_driver) CommandEnded: {'returncode': 0}
[26.567156] (-) TimerEvent: {}
[26.583584] (go2_driver) JobEnded: {'identifier': 'go2_driver', 'rc': 0}
[26.584177] (go2_bringup) JobStarted: {'identifier': 'go2_bringup'}
[26.611925] (go2_bringup) JobProgress: {'identifier': 'go2_bringup', 'progress': 'cmake'}
[26.614421] (go2_bringup) Command: {'cmd': ['/usr/bin/cmake', '/home/jnu/go2_ws/src/go2_bringup', '-DAMENT_CMAKE_SYMLINK_INSTALL=1', '-DCMAKE_INSTALL_PREFIX=/home/jnu/go2_ws/install/go2_bringup'], 'cwd': '/home/jnu/go2_ws/build/go2_bringup', 'env': OrderedDict([('LESSOPEN', '| /usr/bin/lesspipe %s'), ('LANGUAGE', 'ko:en'), ('USER', 'jnu'), ('LC_TIME', 'ko_KR.UTF-8'), ('XDG_SESSION_TYPE', 'x11'), ('SHLVL', '1'), ('LD_LIBRARY_PATH', '/home/jnu/go2_ws/install/go2_driver/lib:/home/jnu/go2_ws/install/unitree_go/lib:/home/jnu/go2_ws/install/unitree_api/lib:/home/jnu/go2_ws/install/go2_interfaces/lib:/opt/ros/humble/opt/rviz_ogre_vendor/lib:/opt/ros/humble/lib/x86_64-linux-gnu:/opt/ros/humble/lib:/usr/local/cuda-11.8/lib64'), ('HOME', '/home/jnu'), ('CONDA_SHLVL', '0'), ('OLDPWD', '/home/jnu/go2_ws/src'), ('DESKTOP_SESSION', 'ubuntu'), ('ROS_PYTHON_VERSION', '3'), ('GNOME_SHELL_SESSION_MODE', 'ubuntu'), ('GTK_MODULES', 'gail:atk-bridge'), ('LC_MONETARY', 'ko_KR.UTF-8'), ('MANAGERPID', '1735'), ('SYSTEMD_EXEC_PID', '2210'), ('DBUS_SESSION_BUS_ADDRESS', 'unix:path=/run/user/1000/bus'), ('COLORTERM', 'truecolor'), ('_CE_M', ''), ('TERMINATOR_DBUS_NAME', 'net.tenshu.Terminator23558193cd9818af7fe4d2c2f5bd9d00f'), ('GIO_LAUNCHED_DESKTOP_FILE_PID', '50688'), ('IM_CONFIG_PHASE', '1'), ('ROS_DISTRO', 'humble'), ('GTK_IM_MODULE', 'ibus'), ('LOGNAME', 'jnu'), ('JOURNAL_STREAM', '8:13504'), ('_', '/usr/bin/colcon'), ('ROS_VERSION', '2'), ('XDG_SESSION_CLASS', 'user'), ('USERNAME', 'jnu'), ('TERM', 'xterm-256color'), ('GNOME_DESKTOP_SESSION_ID', 'this-is-deprecated'), ('_CE_CONDA', ''), ('ROS_LOCALHOST_ONLY', '0'), ('WINDOWPATH', '2'), ('PATH', '/opt/ros/humble/bin:/home/jnu/anaconda3/condabin:/usr/local/cuda-11.8/bin:/home/jnu/.local/bin:/usr/local/sbin:/usr/local/bin:/usr/sbin:/usr/bin:/sbin:/bin:/usr/games:/usr/local/games:/snap/bin:/snap/bin'), ('SESSION_MANAGER', 'local/JNU-1:@/tmp/.ICE-unix/1960,unix/JNU-1:/tmp/.ICE-unix/1960'), ('INVOCATION_ID', '626ef355527a45d284069bc1bba02c8f'), ('PAPERSIZE', 'a4'), ('XDG_MENU_PREFIX', 'gnome-'), ('LC_ADDRESS', 'ko_KR.UTF-8'), ('XDG_RUNTIME_DIR', '/run/user/1000'), ('DISPLAY', ':1'), ('TERMINATOR_DBUS_PATH', '/net/tenshu/Terminator2'), ('LANG', 'ko_KR.UTF-8'), ('XDG_CURRENT_DESKTOP', 'ubuntu:GNOME'), ('IBUS_DISABLE_SNOOPER', '1'), ('LC_TELEPHONE', 'ko_KR.UTF-8'), ('XMODIFIERS', '@im=ibus'), ('XDG_SESSION_DESKTOP', 'ubuntu'), ('XAUTHORITY', '/run/user/1000/gdm/Xauthority'), ('LS_COLORS', 'rs=0:di=01;34:ln=01;36:mh=00:pi=40;33:so=01;35:do=01;35:bd=40;33;01:cd=40;33;01:or=40;31;01:mi=00:su=37;41:sg=30;43:ca=30;41:tw=30;42:ow=34;42:st=37;44:ex=01;32:*.tar=01;31:*.tgz=01;31:*.arc=01;31:*.arj=01;31:*.taz=01;31:*.lha=01;31:*.lz4=01;31:*.lzh=01;31:*.lzma=01;31:*.tlz=01;31:*.txz=01;31:*.tzo=01;31:*.t7z=01;31:*.zip=01;31:*.z=01;31:*.dz=01;31:*.gz=01;31:*.lrz=01;31:*.lz=01;31:*.lzo=01;31:*.xz=01;31:*.zst=01;31:*.tzst=01;31:*.bz2=01;31:*.bz=01;31:*.tbz=01;31:*.tbz2=01;31:*.tz=01;31:*.deb=01;31:*.rpm=01;31:*.jar=01;31:*.war=01;31:*.ear=01;31:*.sar=01;31:*.rar=01;31:*.alz=01;31:*.ace=01;31:*.zoo=01;31:*.cpio=01;31:*.7z=01;31:*.rz=01;31:*.cab=01;31:*.wim=01;31:*.swm=01;31:*.dwm=01;31:*.esd=01;31:*.jpg=01;35:*.jpeg=01;35:*.mjpg=01;35:*.mjpeg=01;35:*.gif=01;35:*.bmp=01;35:*.pbm=01;35:*.pgm=01;35:*.ppm=01;35:*.tga=01;35:*.xbm=01;35:*.xpm=01;35:*.tif=01;35:*.tiff=01;35:*.png=01;35:*.svg=01;35:*.svgz=01;35:*.mng=01;35:*.pcx=01;35:*.mov=01;35:*.mpg=01;35:*.mpeg=01;35:*.m2v=01;35:*.mkv=01;35:*.webm=01;35:*.webp=01;35:*.ogm=01;35:*.mp4=01;35:*.m4v=01;35:*.mp4v=01;35:*.vob=01;35:*.qt=01;35:*.nuv=01;35:*.wmv=01;35:*.asf=01;35:*.rm=01;35:*.rmvb=01;35:*.flc=01;35:*.avi=01;35:*.fli=01;35:*.flv=01;35:*.gl=01;35:*.dl=01;35:*.xcf=01;35:*.xwd=01;35:*.yuv=01;35:*.cgm=01;35:*.emf=01;35:*.ogv=01;35:*.ogx=01;35:*.aac=00;36:*.au=00;36:*.flac=00;36:*.m4a=00;36:*.mid=00;36:*.midi=00;36:*.mka=00;36:*.mp3=00;36:*.mpc=00;36:*.ogg=00;36:*.ra=00;36:*.wav=00;36:*.oga=00;36:*.opus=00;36:*.spx=00;36:*.xspf=00;36:'), ('SSH_AGENT_LAUNCHER', 'gnome-keyring'), ('SSH_AUTH_SOCK', '/run/user/1000/keyring/ssh'), ('AMENT_PREFIX_PATH', '/home/jnu/go2_ws/install/go2_driver:/home/jnu/go2_ws/install/unitree_go:/home/jnu/go2_ws/install/unitree_api:/home/jnu/go2_ws/install/go2_rviz:/home/jnu/go2_ws/install/go2_interfaces:/home/jnu/go2_ws/install/go2_description:/opt/ros/humble'), ('CONDA_PYTHON_EXE', '/home/jnu/anaconda3/bin/python'), ('SHELL', '/bin/bash'), ('LC_NAME', 'ko_KR.UTF-8'), ('TERMINATOR_UUID', 'urn:uuid:9709fc55-99ce-401d-8324-b50ce6fb78e1'), ('QT_ACCESSIBILITY', '1'), ('GDMSESSION', 'ubuntu'), ('LESSCLOSE', '/usr/bin/lesspipe %s %s'), ('LC_MEASUREMENT', 'ko_KR.UTF-8'), ('GPG_AGENT_INFO', '/run/user/1000/gnupg/S.gpg-agent:0:1'), ('LC_IDENTIFICATION', 'ko_KR.UTF-8'), ('QT_IM_MODULE', 'ibus'), ('PWD', '/home/jnu/go2_ws/build/go2_bringup'), ('CUDA_HOME', '/usr/local/cuda-11.8'), ('XDG_CONFIG_DIRS', '/etc/xdg/xdg-ubuntu:/etc/xdg'), ('CONDA_EXE', '/home/jnu/anaconda3/bin/conda'), ('XDG_DATA_DIRS', '/usr/share/ubuntu:/usr/share/gnome:/usr/local/share/:/usr/share/:/var/lib/snapd/desktop'), ('PYTHONPATH', '/home/jnu/go2_ws/install/unitree_go/local/lib/python3.10/dist-packages:/home/jnu/go2_ws/install/unitree_api/local/lib/python3.10/dist-packages:/home/jnu/go2_ws/install/go2_interfaces/local/lib/python3.10/dist-packages:/opt/ros/humble/lib/python3.10/site-packages:/opt/ros/humble/local/lib/python3.10/dist-packages'), ('LC_NUMERIC', 'ko_KR.UTF-8'), ('LC_PAPER', 'ko_KR.UTF-8'), ('COLCON', '1'), ('VTE_VERSION', '6800'), ('CMAKE_PREFIX_PATH', '/home/jnu/go2_ws/install/go2_driver:/home/jnu/go2_ws/install/unitree_go:/home/jnu/go2_ws/install/unitree_api:/home/jnu/go2_ws/install/go2_rviz:/home/jnu/go2_ws/install/go2_interfaces:/home/jnu/go2_ws/install/go2_description:/opt/ros/humble')]), 'shell': False}
[26.667255] (-) TimerEvent: {}
[26.672357] (go2_bringup) StdoutLine: {'line': b'-- The C compiler identification is GNU 11.4.0\n'}
[26.732504] (go2_bringup) StdoutLine: {'line': b'-- The CXX compiler identification is GNU 11.4.0\n'}
[26.736213] (go2_bringup) StdoutLine: {'line': b'-- Detecting C compiler ABI info\n'}
[26.767496] (-) TimerEvent: {}
[26.835866] (go2_bringup) StdoutLine: {'line': b'-- Detecting C compiler ABI info - done\n'}
[26.845503] (go2_bringup) StdoutLine: {'line': b'-- Check for working C compiler: /usr/bin/cc - skipped\n'}
[26.845703] (go2_bringup) StdoutLine: {'line': b'-- Detecting C compile features\n'}
[26.845994] (go2_bringup) StdoutLine: {'line': b'-- Detecting C compile features - done\n'}
[26.848082] (go2_bringup) StdoutLine: {'line': b'-- Detecting CXX compiler ABI info\n'}
[26.867572] (-) TimerEvent: {}
[26.943238] (go2_bringup) StdoutLine: {'line': b'-- Detecting CXX compiler ABI info - done\n'}
[26.951988] (go2_bringup) StdoutLine: {'line': b'-- Check for working CXX compiler: /usr/bin/c++ - skipped\n'}
[26.952135] (go2_bringup) StdoutLine: {'line': b'-- Detecting CXX compile features\n'}
[26.952522] (go2_bringup) StdoutLine: {'line': b'-- Detecting CXX compile features - done\n'}
[26.954346] (go2_bringup) StdoutLine: {'line': b'-- Found ament_cmake: 1.3.12 (/opt/ros/humble/share/ament_cmake/cmake)\n'}
[26.967648] (-) TimerEvent: {}
[27.067874] (-) TimerEvent: {}
[27.068178] (go2_bringup) StdoutLine: {'line': b'-- Found Python3: /usr/bin/python3 (found version "3.10.12") found components: Interpreter \n'}
[27.109525] (go2_bringup) StdoutLine: {'line': b'-- Override CMake install command with custom implementation using symlinks instead of copying resources\n'}
[27.123351] (go2_bringup) StdoutLine: {'line': b'-- Found ament_lint_auto: 0.12.14 (/opt/ros/humble/share/ament_lint_auto/cmake)\n'}
[27.163559] (go2_bringup) StdoutLine: {'line': b"-- Added test 'flake8' to check Python code syntax and style conventions\n"}
[27.163971] (go2_bringup) StdoutLine: {'line': b"-- Added test 'lint_cmake' to check CMake code style\n"}
[27.164298] (go2_bringup) StdoutLine: {'line': b"-- Added test 'pep257' to check Python code against some of the docstring style conventions in PEP 257\n"}
[27.165472] (go2_bringup) StdoutLine: {'line': b"-- Added test 'xmllint' to check XML markup files\n"}
[27.166034] (go2_bringup) StdoutLine: {'line': b'-- Configuring done\n'}
[27.167043] (go2_bringup) StdoutLine: {'line': b'-- Generating done\n'}
[27.167664] (go2_bringup) StdoutLine: {'line': b'-- Build files have been written to: /home/jnu/go2_ws/build/go2_bringup\n'}
[27.167925] (-) TimerEvent: {}
[27.170132] (go2_bringup) CommandEnded: {'returncode': 0}
[27.170524] (go2_bringup) JobProgress: {'identifier': 'go2_bringup', 'progress': 'build'}
[27.170789] (go2_bringup) Command: {'cmd': ['/usr/bin/cmake', '--build', '/home/jnu/go2_ws/build/go2_bringup', '--', '-j24', '-l24'], 'cwd': '/home/jnu/go2_ws/build/go2_bringup', 'env': OrderedDict([('LESSOPEN', '| /usr/bin/lesspipe %s'), ('LANGUAGE', 'ko:en'), ('USER', 'jnu'), ('LC_TIME', 'ko_KR.UTF-8'), ('XDG_SESSION_TYPE', 'x11'), ('SHLVL', '1'), ('LD_LIBRARY_PATH', '/home/jnu/go2_ws/install/go2_driver/lib:/home/jnu/go2_ws/install/unitree_go/lib:/home/jnu/go2_ws/install/unitree_api/lib:/home/jnu/go2_ws/install/go2_interfaces/lib:/opt/ros/humble/opt/rviz_ogre_vendor/lib:/opt/ros/humble/lib/x86_64-linux-gnu:/opt/ros/humble/lib:/usr/local/cuda-11.8/lib64'), ('HOME', '/home/jnu'), ('CONDA_SHLVL', '0'), ('OLDPWD', '/home/jnu/go2_ws/src'), ('DESKTOP_SESSION', 'ubuntu'), ('ROS_PYTHON_VERSION', '3'), ('GNOME_SHELL_SESSION_MODE', 'ubuntu'), ('GTK_MODULES', 'gail:atk-bridge'), ('LC_MONETARY', 'ko_KR.UTF-8'), ('MANAGERPID', '1735'), ('SYSTEMD_EXEC_PID', '2210'), ('DBUS_SESSION_BUS_ADDRESS', 'unix:path=/run/user/1000/bus'), ('COLORTERM', 'truecolor'), ('_CE_M', ''), ('TERMINATOR_DBUS_NAME', 'net.tenshu.Terminator23558193cd9818af7fe4d2c2f5bd9d00f'), ('GIO_LAUNCHED_DESKTOP_FILE_PID', '50688'), ('IM_CONFIG_PHASE', '1'), ('ROS_DISTRO', 'humble'), ('GTK_IM_MODULE', 'ibus'), ('LOGNAME', 'jnu'), ('JOURNAL_STREAM', '8:13504'), ('_', '/usr/bin/colcon'), ('ROS_VERSION', '2'), ('XDG_SESSION_CLASS', 'user'), ('USERNAME', 'jnu'), ('TERM', 'xterm-256color'), ('GNOME_DESKTOP_SESSION_ID', 'this-is-deprecated'), ('_CE_CONDA', ''), ('ROS_LOCALHOST_ONLY', '0'), ('WINDOWPATH', '2'), ('PATH', '/opt/ros/humble/bin:/home/jnu/anaconda3/condabin:/usr/local/cuda-11.8/bin:/home/jnu/.local/bin:/usr/local/sbin:/usr/local/bin:/usr/sbin:/usr/bin:/sbin:/bin:/usr/games:/usr/local/games:/snap/bin:/snap/bin'), ('SESSION_MANAGER', 'local/JNU-1:@/tmp/.ICE-unix/1960,unix/JNU-1:/tmp/.ICE-unix/1960'), ('INVOCATION_ID', '626ef355527a45d284069bc1bba02c8f'), ('PAPERSIZE', 'a4'), ('XDG_MENU_PREFIX', 'gnome-'), ('LC_ADDRESS', 'ko_KR.UTF-8'), ('XDG_RUNTIME_DIR', '/run/user/1000'), ('DISPLAY', ':1'), ('TERMINATOR_DBUS_PATH', '/net/tenshu/Terminator2'), ('LANG', 'ko_KR.UTF-8'), ('XDG_CURRENT_DESKTOP', 'ubuntu:GNOME'), ('IBUS_DISABLE_SNOOPER', '1'), ('LC_TELEPHONE', 'ko_KR.UTF-8'), ('XMODIFIERS', '@im=ibus'), ('XDG_SESSION_DESKTOP', 'ubuntu'), ('XAUTHORITY', '/run/user/1000/gdm/Xauthority'), ('LS_COLORS', 'rs=0:di=01;34:ln=01;36:mh=00:pi=40;33:so=01;35:do=01;35:bd=40;33;01:cd=40;33;01:or=40;31;01:mi=00:su=37;41:sg=30;43:ca=30;41:tw=30;42:ow=34;42:st=37;44:ex=01;32:*.tar=01;31:*.tgz=01;31:*.arc=01;31:*.arj=01;31:*.taz=01;31:*.lha=01;31:*.lz4=01;31:*.lzh=01;31:*.lzma=01;31:*.tlz=01;31:*.txz=01;31:*.tzo=01;31:*.t7z=01;31:*.zip=01;31:*.z=01;31:*.dz=01;31:*.gz=01;31:*.lrz=01;31:*.lz=01;31:*.lzo=01;31:*.xz=01;31:*.zst=01;31:*.tzst=01;31:*.bz2=01;31:*.bz=01;31:*.tbz=01;31:*.tbz2=01;31:*.tz=01;31:*.deb=01;31:*.rpm=01;31:*.jar=01;31:*.war=01;31:*.ear=01;31:*.sar=01;31:*.rar=01;31:*.alz=01;31:*.ace=01;31:*.zoo=01;31:*.cpio=01;31:*.7z=01;31:*.rz=01;31:*.cab=01;31:*.wim=01;31:*.swm=01;31:*.dwm=01;31:*.esd=01;31:*.jpg=01;35:*.jpeg=01;35:*.mjpg=01;35:*.mjpeg=01;35:*.gif=01;35:*.bmp=01;35:*.pbm=01;35:*.pgm=01;35:*.ppm=01;35:*.tga=01;35:*.xbm=01;35:*.xpm=01;35:*.tif=01;35:*.tiff=01;35:*.png=01;35:*.svg=01;35:*.svgz=01;35:*.mng=01;35:*.pcx=01;35:*.mov=01;35:*.mpg=01;35:*.mpeg=01;35:*.m2v=01;35:*.mkv=01;35:*.webm=01;35:*.webp=01;35:*.ogm=01;35:*.mp4=01;35:*.m4v=01;35:*.mp4v=01;35:*.vob=01;35:*.qt=01;35:*.nuv=01;35:*.wmv=01;35:*.asf=01;35:*.rm=01;35:*.rmvb=01;35:*.flc=01;35:*.avi=01;35:*.fli=01;35:*.flv=01;35:*.gl=01;35:*.dl=01;35:*.xcf=01;35:*.xwd=01;35:*.yuv=01;35:*.cgm=01;35:*.emf=01;35:*.ogv=01;35:*.ogx=01;35:*.aac=00;36:*.au=00;36:*.flac=00;36:*.m4a=00;36:*.mid=00;36:*.midi=00;36:*.mka=00;36:*.mp3=00;36:*.mpc=00;36:*.ogg=00;36:*.ra=00;36:*.wav=00;36:*.oga=00;36:*.opus=00;36:*.spx=00;36:*.xspf=00;36:'), ('SSH_AGENT_LAUNCHER', 'gnome-keyring'), ('SSH_AUTH_SOCK', '/run/user/1000/keyring/ssh'), ('AMENT_PREFIX_PATH', '/home/jnu/go2_ws/install/go2_driver:/home/jnu/go2_ws/install/unitree_go:/home/jnu/go2_ws/install/unitree_api:/home/jnu/go2_ws/install/go2_rviz:/home/jnu/go2_ws/install/go2_interfaces:/home/jnu/go2_ws/install/go2_description:/opt/ros/humble'), ('CONDA_PYTHON_EXE', '/home/jnu/anaconda3/bin/python'), ('SHELL', '/bin/bash'), ('LC_NAME', 'ko_KR.UTF-8'), ('TERMINATOR_UUID', 'urn:uuid:9709fc55-99ce-401d-8324-b50ce6fb78e1'), ('QT_ACCESSIBILITY', '1'), ('GDMSESSION', 'ubuntu'), ('LESSCLOSE', '/usr/bin/lesspipe %s %s'), ('LC_MEASUREMENT', 'ko_KR.UTF-8'), ('GPG_AGENT_INFO', '/run/user/1000/gnupg/S.gpg-agent:0:1'), ('LC_IDENTIFICATION', 'ko_KR.UTF-8'), ('QT_IM_MODULE', 'ibus'), ('PWD', '/home/jnu/go2_ws/build/go2_bringup'), ('CUDA_HOME', '/usr/local/cuda-11.8'), ('XDG_CONFIG_DIRS', '/etc/xdg/xdg-ubuntu:/etc/xdg'), ('CONDA_EXE', '/home/jnu/anaconda3/bin/conda'), ('XDG_DATA_DIRS', '/usr/share/ubuntu:/usr/share/gnome:/usr/local/share/:/usr/share/:/var/lib/snapd/desktop'), ('PYTHONPATH', '/home/jnu/go2_ws/install/unitree_go/local/lib/python3.10/dist-packages:/home/jnu/go2_ws/install/unitree_api/local/lib/python3.10/dist-packages:/home/jnu/go2_ws/install/go2_interfaces/local/lib/python3.10/dist-packages:/opt/ros/humble/lib/python3.10/site-packages:/opt/ros/humble/local/lib/python3.10/dist-packages'), ('LC_NUMERIC', 'ko_KR.UTF-8'), ('LC_PAPER', 'ko_KR.UTF-8'), ('COLCON', '1'), ('VTE_VERSION', '6800'), ('CMAKE_PREFIX_PATH', '/home/jnu/go2_ws/install/go2_driver:/home/jnu/go2_ws/install/unitree_go:/home/jnu/go2_ws/install/unitree_api:/home/jnu/go2_ws/install/go2_rviz:/home/jnu/go2_ws/install/go2_interfaces:/home/jnu/go2_ws/install/go2_description:/opt/ros/humble')]), 'shell': False}
[27.209354] (go2_bringup) CommandEnded: {'returncode': 0}
[27.210811] (go2_bringup) JobProgress: {'identifier': 'go2_bringup', 'progress': 'install'}
[27.211426] (go2_bringup) Command: {'cmd': ['/usr/bin/cmake', '--install', '/home/jnu/go2_ws/build/go2_bringup'], 'cwd': '/home/jnu/go2_ws/build/go2_bringup', 'env': OrderedDict([('LESSOPEN', '| /usr/bin/lesspipe %s'), ('LANGUAGE', 'ko:en'), ('USER', 'jnu'), ('LC_TIME', 'ko_KR.UTF-8'), ('XDG_SESSION_TYPE', 'x11'), ('SHLVL', '1'), ('LD_LIBRARY_PATH', '/home/jnu/go2_ws/install/go2_driver/lib:/home/jnu/go2_ws/install/unitree_go/lib:/home/jnu/go2_ws/install/unitree_api/lib:/home/jnu/go2_ws/install/go2_interfaces/lib:/opt/ros/humble/opt/rviz_ogre_vendor/lib:/opt/ros/humble/lib/x86_64-linux-gnu:/opt/ros/humble/lib:/usr/local/cuda-11.8/lib64'), ('HOME', '/home/jnu'), ('CONDA_SHLVL', '0'), ('OLDPWD', '/home/jnu/go2_ws/src'), ('DESKTOP_SESSION', 'ubuntu'), ('ROS_PYTHON_VERSION', '3'), ('GNOME_SHELL_SESSION_MODE', 'ubuntu'), ('GTK_MODULES', 'gail:atk-bridge'), ('LC_MONETARY', 'ko_KR.UTF-8'), ('MANAGERPID', '1735'), ('SYSTEMD_EXEC_PID', '2210'), ('DBUS_SESSION_BUS_ADDRESS', 'unix:path=/run/user/1000/bus'), ('COLORTERM', 'truecolor'), ('_CE_M', ''), ('TERMINATOR_DBUS_NAME', 'net.tenshu.Terminator23558193cd9818af7fe4d2c2f5bd9d00f'), ('GIO_LAUNCHED_DESKTOP_FILE_PID', '50688'), ('IM_CONFIG_PHASE', '1'), ('ROS_DISTRO', 'humble'), ('GTK_IM_MODULE', 'ibus'), ('LOGNAME', 'jnu'), ('JOURNAL_STREAM', '8:13504'), ('_', '/usr/bin/colcon'), ('ROS_VERSION', '2'), ('XDG_SESSION_CLASS', 'user'), ('USERNAME', 'jnu'), ('TERM', 'xterm-256color'), ('GNOME_DESKTOP_SESSION_ID', 'this-is-deprecated'), ('_CE_CONDA', ''), ('ROS_LOCALHOST_ONLY', '0'), ('WINDOWPATH', '2'), ('PATH', '/opt/ros/humble/bin:/home/jnu/anaconda3/condabin:/usr/local/cuda-11.8/bin:/home/jnu/.local/bin:/usr/local/sbin:/usr/local/bin:/usr/sbin:/usr/bin:/sbin:/bin:/usr/games:/usr/local/games:/snap/bin:/snap/bin'), ('SESSION_MANAGER', 'local/JNU-1:@/tmp/.ICE-unix/1960,unix/JNU-1:/tmp/.ICE-unix/1960'), ('INVOCATION_ID', '626ef355527a45d284069bc1bba02c8f'), ('PAPERSIZE', 'a4'), ('XDG_MENU_PREFIX', 'gnome-'), ('LC_ADDRESS', 'ko_KR.UTF-8'), ('XDG_RUNTIME_DIR', '/run/user/1000'), ('DISPLAY', ':1'), ('TERMINATOR_DBUS_PATH', '/net/tenshu/Terminator2'), ('LANG', 'ko_KR.UTF-8'), ('XDG_CURRENT_DESKTOP', 'ubuntu:GNOME'), ('IBUS_DISABLE_SNOOPER', '1'), ('LC_TELEPHONE', 'ko_KR.UTF-8'), ('XMODIFIERS', '@im=ibus'), ('XDG_SESSION_DESKTOP', 'ubuntu'), ('XAUTHORITY', '/run/user/1000/gdm/Xauthority'), ('LS_COLORS', 'rs=0:di=01;34:ln=01;36:mh=00:pi=40;33:so=01;35:do=01;35:bd=40;33;01:cd=40;33;01:or=40;31;01:mi=00:su=37;41:sg=30;43:ca=30;41:tw=30;42:ow=34;42:st=37;44:ex=01;32:*.tar=01;31:*.tgz=01;31:*.arc=01;31:*.arj=01;31:*.taz=01;31:*.lha=01;31:*.lz4=01;31:*.lzh=01;31:*.lzma=01;31:*.tlz=01;31:*.txz=01;31:*.tzo=01;31:*.t7z=01;31:*.zip=01;31:*.z=01;31:*.dz=01;31:*.gz=01;31:*.lrz=01;31:*.lz=01;31:*.lzo=01;31:*.xz=01;31:*.zst=01;31:*.tzst=01;31:*.bz2=01;31:*.bz=01;31:*.tbz=01;31:*.tbz2=01;31:*.tz=01;31:*.deb=01;31:*.rpm=01;31:*.jar=01;31:*.war=01;31:*.ear=01;31:*.sar=01;31:*.rar=01;31:*.alz=01;31:*.ace=01;31:*.zoo=01;31:*.cpio=01;31:*.7z=01;31:*.rz=01;31:*.cab=01;31:*.wim=01;31:*.swm=01;31:*.dwm=01;31:*.esd=01;31:*.jpg=01;35:*.jpeg=01;35:*.mjpg=01;35:*.mjpeg=01;35:*.gif=01;35:*.bmp=01;35:*.pbm=01;35:*.pgm=01;35:*.ppm=01;35:*.tga=01;35:*.xbm=01;35:*.xpm=01;35:*.tif=01;35:*.tiff=01;35:*.png=01;35:*.svg=01;35:*.svgz=01;35:*.mng=01;35:*.pcx=01;35:*.mov=01;35:*.mpg=01;35:*.mpeg=01;35:*.m2v=01;35:*.mkv=01;35:*.webm=01;35:*.webp=01;35:*.ogm=01;35:*.mp4=01;35:*.m4v=01;35:*.mp4v=01;35:*.vob=01;35:*.qt=01;35:*.nuv=01;35:*.wmv=01;35:*.asf=01;35:*.rm=01;35:*.rmvb=01;35:*.flc=01;35:*.avi=01;35:*.fli=01;35:*.flv=01;35:*.gl=01;35:*.dl=01;35:*.xcf=01;35:*.xwd=01;35:*.yuv=01;35:*.cgm=01;35:*.emf=01;35:*.ogv=01;35:*.ogx=01;35:*.aac=00;36:*.au=00;36:*.flac=00;36:*.m4a=00;36:*.mid=00;36:*.midi=00;36:*.mka=00;36:*.mp3=00;36:*.mpc=00;36:*.ogg=00;36:*.ra=00;36:*.wav=00;36:*.oga=00;36:*.opus=00;36:*.spx=00;36:*.xspf=00;36:'), ('SSH_AGENT_LAUNCHER', 'gnome-keyring'), ('SSH_AUTH_SOCK', '/run/user/1000/keyring/ssh'), ('AMENT_PREFIX_PATH', '/home/jnu/go2_ws/install/go2_driver:/home/jnu/go2_ws/install/unitree_go:/home/jnu/go2_ws/install/unitree_api:/home/jnu/go2_ws/install/go2_rviz:/home/jnu/go2_ws/install/go2_interfaces:/home/jnu/go2_ws/install/go2_description:/opt/ros/humble'), ('CONDA_PYTHON_EXE', '/home/jnu/anaconda3/bin/python'), ('SHELL', '/bin/bash'), ('LC_NAME', 'ko_KR.UTF-8'), ('TERMINATOR_UUID', 'urn:uuid:9709fc55-99ce-401d-8324-b50ce6fb78e1'), ('QT_ACCESSIBILITY', '1'), ('GDMSESSION', 'ubuntu'), ('LESSCLOSE', '/usr/bin/lesspipe %s %s'), ('LC_MEASUREMENT', 'ko_KR.UTF-8'), ('GPG_AGENT_INFO', '/run/user/1000/gnupg/S.gpg-agent:0:1'), ('LC_IDENTIFICATION', 'ko_KR.UTF-8'), ('QT_IM_MODULE', 'ibus'), ('PWD', '/home/jnu/go2_ws/build/go2_bringup'), ('CUDA_HOME', '/usr/local/cuda-11.8'), ('XDG_CONFIG_DIRS', '/etc/xdg/xdg-ubuntu:/etc/xdg'), ('CONDA_EXE', '/home/jnu/anaconda3/bin/conda'), ('XDG_DATA_DIRS', '/usr/share/ubuntu:/usr/share/gnome:/usr/local/share/:/usr/share/:/var/lib/snapd/desktop'), ('PYTHONPATH', '/home/jnu/go2_ws/install/unitree_go/local/lib/python3.10/dist-packages:/home/jnu/go2_ws/install/unitree_api/local/lib/python3.10/dist-packages:/home/jnu/go2_ws/install/go2_interfaces/local/lib/python3.10/dist-packages:/opt/ros/humble/lib/python3.10/site-packages:/opt/ros/humble/local/lib/python3.10/dist-packages'), ('LC_NUMERIC', 'ko_KR.UTF-8'), ('LC_PAPER', 'ko_KR.UTF-8'), ('COLCON', '1'), ('VTE_VERSION', '6800'), ('CMAKE_PREFIX_PATH', '/home/jnu/go2_ws/install/go2_driver:/home/jnu/go2_ws/install/unitree_go:/home/jnu/go2_ws/install/unitree_api:/home/jnu/go2_ws/install/go2_rviz:/home/jnu/go2_ws/install/go2_interfaces:/home/jnu/go2_ws/install/go2_description:/opt/ros/humble')]), 'shell': False}
[27.221073] (go2_bringup) StdoutLine: {'line': b'-- Install configuration: ""\n'}
[27.221302] (go2_bringup) StdoutLine: {'line': b'-- Execute custom install script\n'}
[27.221501] (go2_bringup) StdoutLine: {'line': b'-- Symlinking: /home/jnu/go2_ws/install/go2_bringup/share/go2_bringup/launch/go2.launch.py\n'}
[27.225472] (go2_bringup) StdoutLine: {'line': b'-- Symlinking: /home/jnu/go2_ws/install/go2_bringup/share/ament_index/resource_index/package_run_dependencies/go2_bringup\n'}
[27.231885] (go2_bringup) StdoutLine: {'line': b'-- Symlinking: /home/jnu/go2_ws/install/go2_bringup/share/ament_index/resource_index/parent_prefix_path/go2_bringup\n'}
[27.243189] (go2_bringup) StdoutLine: {'line': b'-- Symlinking: /home/jnu/go2_ws/install/go2_bringup/share/go2_bringup/environment/ament_prefix_path.sh\n'}
[27.254353] (go2_bringup) StdoutLine: {'line': b'-- Symlinking: /home/jnu/go2_ws/install/go2_bringup/share/go2_bringup/environment/ament_prefix_path.dsv\n'}
[27.266013] (go2_bringup) StdoutLine: {'line': b'-- Symlinking: /home/jnu/go2_ws/install/go2_bringup/share/go2_bringup/environment/path.sh\n'}
[27.267991] (-) TimerEvent: {}
[27.278142] (go2_bringup) StdoutLine: {'line': b'-- Symlinking: /home/jnu/go2_ws/install/go2_bringup/share/go2_bringup/environment/path.dsv\n'}
[27.290990] (go2_bringup) StdoutLine: {'line': b'-- Symlinking: /home/jnu/go2_ws/install/go2_bringup/share/go2_bringup/local_setup.bash\n'}
[27.297211] (go2_bringup) StdoutLine: {'line': b'-- Symlinking: /home/jnu/go2_ws/install/go2_bringup/share/go2_bringup/local_setup.sh\n'}
[27.302699] (go2_bringup) StdoutLine: {'line': b'-- Symlinking: /home/jnu/go2_ws/install/go2_bringup/share/go2_bringup/local_setup.zsh\n'}
[27.315854] (go2_bringup) StdoutLine: {'line': b'-- Symlinking: /home/jnu/go2_ws/install/go2_bringup/share/go2_bringup/local_setup.dsv\n'}
[27.335112] (go2_bringup) StdoutLine: {'line': b'-- Symlinking: /home/jnu/go2_ws/install/go2_bringup/share/go2_bringup/package.dsv\n'}
[27.354086] (go2_bringup) StdoutLine: {'line': b'-- Symlinking: /home/jnu/go2_ws/install/go2_bringup/share/ament_index/resource_index/packages/go2_bringup\n'}
[27.368124] (-) TimerEvent: {}
[27.371319] (go2_bringup) StdoutLine: {'line': b'-- Symlinking: /home/jnu/go2_ws/install/go2_bringup/share/go2_bringup/cmake/go2_bringupConfig.cmake\n'}
[27.391347] (go2_bringup) StdoutLine: {'line': b'-- Symlinking: /home/jnu/go2_ws/install/go2_bringup/share/go2_bringup/cmake/go2_bringupConfig-version.cmake\n'}
[27.409024] (go2_bringup) StdoutLine: {'line': b'-- Symlinking: /home/jnu/go2_ws/install/go2_bringup/share/go2_bringup/package.xml\n'}
[27.428969] (go2_bringup) CommandEnded: {'returncode': 0}
[27.449261] (go2_bringup) JobEnded: {'identifier': 'go2_bringup', 'rc': 0}
[27.450189] (go2_robot) JobStarted: {'identifier': 'go2_robot'}
[27.466894] (go2_robot) JobProgress: {'identifier': 'go2_robot', 'progress': 'cmake'}
[27.467629] (go2_robot) Command: {'cmd': ['/usr/bin/cmake', '/home/jnu/go2_ws/src/go2_robot', '-DAMENT_CMAKE_SYMLINK_INSTALL=1', '-DCMAKE_INSTALL_PREFIX=/home/jnu/go2_ws/install/go2_robot'], 'cwd': '/home/jnu/go2_ws/build/go2_robot', 'env': OrderedDict([('LESSOPEN', '| /usr/bin/lesspipe %s'), ('LANGUAGE', 'ko:en'), ('USER', 'jnu'), ('LC_TIME', 'ko_KR.UTF-8'), ('XDG_SESSION_TYPE', 'x11'), ('SHLVL', '1'), ('LD_LIBRARY_PATH', '/home/jnu/go2_ws/install/go2_driver/lib:/home/jnu/go2_ws/install/unitree_go/lib:/home/jnu/go2_ws/install/unitree_api/lib:/home/jnu/go2_ws/install/go2_interfaces/lib:/opt/ros/humble/opt/rviz_ogre_vendor/lib:/opt/ros/humble/lib/x86_64-linux-gnu:/opt/ros/humble/lib:/usr/local/cuda-11.8/lib64'), ('HOME', '/home/jnu'), ('CONDA_SHLVL', '0'), ('OLDPWD', '/home/jnu/go2_ws/src'), ('DESKTOP_SESSION', 'ubuntu'), ('ROS_PYTHON_VERSION', '3'), ('GNOME_SHELL_SESSION_MODE', 'ubuntu'), ('GTK_MODULES', 'gail:atk-bridge'), ('LC_MONETARY', 'ko_KR.UTF-8'), ('MANAGERPID', '1735'), ('SYSTEMD_EXEC_PID', '2210'), ('DBUS_SESSION_BUS_ADDRESS', 'unix:path=/run/user/1000/bus'), ('COLORTERM', 'truecolor'), ('_CE_M', ''), ('TERMINATOR_DBUS_NAME', 'net.tenshu.Terminator23558193cd9818af7fe4d2c2f5bd9d00f'), ('GIO_LAUNCHED_DESKTOP_FILE_PID', '50688'), ('IM_CONFIG_PHASE', '1'), ('ROS_DISTRO', 'humble'), ('GTK_IM_MODULE', 'ibus'), ('LOGNAME', 'jnu'), ('JOURNAL_STREAM', '8:13504'), ('_', '/usr/bin/colcon'), ('ROS_VERSION', '2'), ('XDG_SESSION_CLASS', 'user'), ('USERNAME', 'jnu'), ('TERM', 'xterm-256color'), ('GNOME_DESKTOP_SESSION_ID', 'this-is-deprecated'), ('_CE_CONDA', ''), ('ROS_LOCALHOST_ONLY', '0'), ('WINDOWPATH', '2'), ('PATH', '/opt/ros/humble/bin:/home/jnu/anaconda3/condabin:/usr/local/cuda-11.8/bin:/home/jnu/.local/bin:/usr/local/sbin:/usr/local/bin:/usr/sbin:/usr/bin:/sbin:/bin:/usr/games:/usr/local/games:/snap/bin:/snap/bin'), ('SESSION_MANAGER', 'local/JNU-1:@/tmp/.ICE-unix/1960,unix/JNU-1:/tmp/.ICE-unix/1960'), ('INVOCATION_ID', '626ef355527a45d284069bc1bba02c8f'), ('PAPERSIZE', 'a4'), ('XDG_MENU_PREFIX', 'gnome-'), ('LC_ADDRESS', 'ko_KR.UTF-8'), ('XDG_RUNTIME_DIR', '/run/user/1000'), ('DISPLAY', ':1'), ('TERMINATOR_DBUS_PATH', '/net/tenshu/Terminator2'), ('LANG', 'ko_KR.UTF-8'), ('XDG_CURRENT_DESKTOP', 'ubuntu:GNOME'), ('IBUS_DISABLE_SNOOPER', '1'), ('LC_TELEPHONE', 'ko_KR.UTF-8'), ('XMODIFIERS', '@im=ibus'), ('XDG_SESSION_DESKTOP', 'ubuntu'), ('XAUTHORITY', '/run/user/1000/gdm/Xauthority'), ('LS_COLORS', 'rs=0:di=01;34:ln=01;36:mh=00:pi=40;33:so=01;35:do=01;35:bd=40;33;01:cd=40;33;01:or=40;31;01:mi=00:su=37;41:sg=30;43:ca=30;41:tw=30;42:ow=34;42:st=37;44:ex=01;32:*.tar=01;31:*.tgz=01;31:*.arc=01;31:*.arj=01;31:*.taz=01;31:*.lha=01;31:*.lz4=01;31:*.lzh=01;31:*.lzma=01;31:*.tlz=01;31:*.txz=01;31:*.tzo=01;31:*.t7z=01;31:*.zip=01;31:*.z=01;31:*.dz=01;31:*.gz=01;31:*.lrz=01;31:*.lz=01;31:*.lzo=01;31:*.xz=01;31:*.zst=01;31:*.tzst=01;31:*.bz2=01;31:*.bz=01;31:*.tbz=01;31:*.tbz2=01;31:*.tz=01;31:*.deb=01;31:*.rpm=01;31:*.jar=01;31:*.war=01;31:*.ear=01;31:*.sar=01;31:*.rar=01;31:*.alz=01;31:*.ace=01;31:*.zoo=01;31:*.cpio=01;31:*.7z=01;31:*.rz=01;31:*.cab=01;31:*.wim=01;31:*.swm=01;31:*.dwm=01;31:*.esd=01;31:*.jpg=01;35:*.jpeg=01;35:*.mjpg=01;35:*.mjpeg=01;35:*.gif=01;35:*.bmp=01;35:*.pbm=01;35:*.pgm=01;35:*.ppm=01;35:*.tga=01;35:*.xbm=01;35:*.xpm=01;35:*.tif=01;35:*.tiff=01;35:*.png=01;35:*.svg=01;35:*.svgz=01;35:*.mng=01;35:*.pcx=01;35:*.mov=01;35:*.mpg=01;35:*.mpeg=01;35:*.m2v=01;35:*.mkv=01;35:*.webm=01;35:*.webp=01;35:*.ogm=01;35:*.mp4=01;35:*.m4v=01;35:*.mp4v=01;35:*.vob=01;35:*.qt=01;35:*.nuv=01;35:*.wmv=01;35:*.asf=01;35:*.rm=01;35:*.rmvb=01;35:*.flc=01;35:*.avi=01;35:*.fli=01;35:*.flv=01;35:*.gl=01;35:*.dl=01;35:*.xcf=01;35:*.xwd=01;35:*.yuv=01;35:*.cgm=01;35:*.emf=01;35:*.ogv=01;35:*.ogx=01;35:*.aac=00;36:*.au=00;36:*.flac=00;36:*.m4a=00;36:*.mid=00;36:*.midi=00;36:*.mka=00;36:*.mp3=00;36:*.mpc=00;36:*.ogg=00;36:*.ra=00;36:*.wav=00;36:*.oga=00;36:*.opus=00;36:*.spx=00;36:*.xspf=00;36:'), ('SSH_AGENT_LAUNCHER', 'gnome-keyring'), ('SSH_AUTH_SOCK', '/run/user/1000/keyring/ssh'), ('AMENT_PREFIX_PATH', '/home/jnu/go2_ws/install/go2_bringup:/home/jnu/go2_ws/install/go2_driver:/home/jnu/go2_ws/install/unitree_go:/home/jnu/go2_ws/install/unitree_api:/home/jnu/go2_ws/install/go2_rviz:/home/jnu/go2_ws/install/go2_interfaces:/home/jnu/go2_ws/install/go2_description:/opt/ros/humble'), ('CONDA_PYTHON_EXE', '/home/jnu/anaconda3/bin/python'), ('SHELL', '/bin/bash'), ('LC_NAME', 'ko_KR.UTF-8'), ('TERMINATOR_UUID', 'urn:uuid:9709fc55-99ce-401d-8324-b50ce6fb78e1'), ('QT_ACCESSIBILITY', '1'), ('GDMSESSION', 'ubuntu'), ('LESSCLOSE', '/usr/bin/lesspipe %s %s'), ('LC_MEASUREMENT', 'ko_KR.UTF-8'), ('GPG_AGENT_INFO', '/run/user/1000/gnupg/S.gpg-agent:0:1'), ('LC_IDENTIFICATION', 'ko_KR.UTF-8'), ('QT_IM_MODULE', 'ibus'), ('PWD', '/home/jnu/go2_ws/build/go2_robot'), ('CUDA_HOME', '/usr/local/cuda-11.8'), ('XDG_CONFIG_DIRS', '/etc/xdg/xdg-ubuntu:/etc/xdg'), ('CONDA_EXE', '/home/jnu/anaconda3/bin/conda'), ('XDG_DATA_DIRS', '/usr/share/ubuntu:/usr/share/gnome:/usr/local/share/:/usr/share/:/var/lib/snapd/desktop'), ('PYTHONPATH', '/home/jnu/go2_ws/install/unitree_go/local/lib/python3.10/dist-packages:/home/jnu/go2_ws/install/unitree_api/local/lib/python3.10/dist-packages:/home/jnu/go2_ws/install/go2_interfaces/local/lib/python3.10/dist-packages:/opt/ros/humble/lib/python3.10/site-packages:/opt/ros/humble/local/lib/python3.10/dist-packages'), ('LC_NUMERIC', 'ko_KR.UTF-8'), ('LC_PAPER', 'ko_KR.UTF-8'), ('COLCON', '1'), ('VTE_VERSION', '6800'), ('CMAKE_PREFIX_PATH', '/home/jnu/go2_ws/install/go2_bringup:/home/jnu/go2_ws/install/go2_driver:/home/jnu/go2_ws/install/unitree_go:/home/jnu/go2_ws/install/unitree_api:/home/jnu/go2_ws/install/go2_rviz:/home/jnu/go2_ws/install/go2_interfaces:/home/jnu/go2_ws/install/go2_description:/opt/ros/humble')]), 'shell': False}
[27.469349] (-) TimerEvent: {}
[27.549713] (go2_robot) StdoutLine: {'line': b'-- The C compiler identification is GNU 11.4.0\n'}
[27.569420] (-) TimerEvent: {}
[27.624718] (go2_robot) StdoutLine: {'line': b'-- The CXX compiler identification is GNU 11.4.0\n'}
[27.628541] (go2_robot) StdoutLine: {'line': b'-- Detecting C compiler ABI info\n'}
[27.669516] (-) TimerEvent: {}
[27.697561] (go2_robot) StdoutLine: {'line': b'-- Detecting C compiler ABI info - done\n'}
[27.707079] (go2_robot) StdoutLine: {'line': b'-- Check for working C compiler: /usr/bin/cc - skipped\n'}
[27.707409] (go2_robot) StdoutLine: {'line': b'-- Detecting C compile features\n'}
[27.707832] (go2_robot) StdoutLine: {'line': b'-- Detecting C compile features - done\n'}
[27.710469] (go2_robot) StdoutLine: {'line': b'-- Detecting CXX compiler ABI info\n'}
[27.769596] (-) TimerEvent: {}
[27.775960] (go2_robot) StdoutLine: {'line': b'-- Detecting CXX compiler ABI info - done\n'}
[27.780445] (go2_robot) StdoutLine: {'line': b'-- Check for working CXX compiler: /usr/bin/c++ - skipped\n'}
[27.780695] (go2_robot) StdoutLine: {'line': b'-- Detecting CXX compile features\n'}
[27.781157] (go2_robot) StdoutLine: {'line': b'-- Detecting CXX compile features - done\n'}
[27.783129] (go2_robot) StdoutLine: {'line': b'-- Found ament_cmake: 1.3.12 (/opt/ros/humble/share/ament_cmake/cmake)\n'}
[27.869766] (-) TimerEvent: {}
[27.903084] (go2_robot) StdoutLine: {'line': b'-- Found Python3: /usr/bin/python3 (found version "3.10.12") found components: Interpreter \n'}
[27.956345] (go2_robot) StdoutLine: {'line': b'-- Override CMake install command with custom implementation using symlinks instead of copying resources\n'}
[27.969829] (-) TimerEvent: {}
[28.009546] (go2_robot) StdoutLine: {'line': b'-- Configuring done\n'}
[28.010523] (go2_robot) StdoutLine: {'line': b'-- Generating done\n'}
[28.011086] (go2_robot) StdoutLine: {'line': b'-- Build files have been written to: /home/jnu/go2_ws/build/go2_robot\n'}
[28.013598] (go2_robot) CommandEnded: {'returncode': 0}
[28.014185] (go2_robot) JobProgress: {'identifier': 'go2_robot', 'progress': 'build'}
[28.014291] (go2_robot) Command: {'cmd': ['/usr/bin/cmake', '--build', '/home/jnu/go2_ws/build/go2_robot', '--', '-j24', '-l24'], 'cwd': '/home/jnu/go2_ws/build/go2_robot', 'env': OrderedDict([('LESSOPEN', '| /usr/bin/lesspipe %s'), ('LANGUAGE', 'ko:en'), ('USER', 'jnu'), ('LC_TIME', 'ko_KR.UTF-8'), ('XDG_SESSION_TYPE', 'x11'), ('SHLVL', '1'), ('LD_LIBRARY_PATH', '/home/jnu/go2_ws/install/go2_driver/lib:/home/jnu/go2_ws/install/unitree_go/lib:/home/jnu/go2_ws/install/unitree_api/lib:/home/jnu/go2_ws/install/go2_interfaces/lib:/opt/ros/humble/opt/rviz_ogre_vendor/lib:/opt/ros/humble/lib/x86_64-linux-gnu:/opt/ros/humble/lib:/usr/local/cuda-11.8/lib64'), ('HOME', '/home/jnu'), ('CONDA_SHLVL', '0'), ('OLDPWD', '/home/jnu/go2_ws/src'), ('DESKTOP_SESSION', 'ubuntu'), ('ROS_PYTHON_VERSION', '3'), ('GNOME_SHELL_SESSION_MODE', 'ubuntu'), ('GTK_MODULES', 'gail:atk-bridge'), ('LC_MONETARY', 'ko_KR.UTF-8'), ('MANAGERPID', '1735'), ('SYSTEMD_EXEC_PID', '2210'), ('DBUS_SESSION_BUS_ADDRESS', 'unix:path=/run/user/1000/bus'), ('COLORTERM', 'truecolor'), ('_CE_M', ''), ('TERMINATOR_DBUS_NAME', 'net.tenshu.Terminator23558193cd9818af7fe4d2c2f5bd9d00f'), ('GIO_LAUNCHED_DESKTOP_FILE_PID', '50688'), ('IM_CONFIG_PHASE', '1'), ('ROS_DISTRO', 'humble'), ('GTK_IM_MODULE', 'ibus'), ('LOGNAME', 'jnu'), ('JOURNAL_STREAM', '8:13504'), ('_', '/usr/bin/colcon'), ('ROS_VERSION', '2'), ('XDG_SESSION_CLASS', 'user'), ('USERNAME', 'jnu'), ('TERM', 'xterm-256color'), ('GNOME_DESKTOP_SESSION_ID', 'this-is-deprecated'), ('_CE_CONDA', ''), ('ROS_LOCALHOST_ONLY', '0'), ('WINDOWPATH', '2'), ('PATH', '/opt/ros/humble/bin:/home/jnu/anaconda3/condabin:/usr/local/cuda-11.8/bin:/home/jnu/.local/bin:/usr/local/sbin:/usr/local/bin:/usr/sbin:/usr/bin:/sbin:/bin:/usr/games:/usr/local/games:/snap/bin:/snap/bin'), ('SESSION_MANAGER', 'local/JNU-1:@/tmp/.ICE-unix/1960,unix/JNU-1:/tmp/.ICE-unix/1960'), ('INVOCATION_ID', '626ef355527a45d284069bc1bba02c8f'), ('PAPERSIZE', 'a4'), ('XDG_MENU_PREFIX', 'gnome-'), ('LC_ADDRESS', 'ko_KR.UTF-8'), ('XDG_RUNTIME_DIR', '/run/user/1000'), ('DISPLAY', ':1'), ('TERMINATOR_DBUS_PATH', '/net/tenshu/Terminator2'), ('LANG', 'ko_KR.UTF-8'), ('XDG_CURRENT_DESKTOP', 'ubuntu:GNOME'), ('IBUS_DISABLE_SNOOPER', '1'), ('LC_TELEPHONE', 'ko_KR.UTF-8'), ('XMODIFIERS', '@im=ibus'), ('XDG_SESSION_DESKTOP', 'ubuntu'), ('XAUTHORITY', '/run/user/1000/gdm/Xauthority'), ('LS_COLORS', 'rs=0:di=01;34:ln=01;36:mh=00:pi=40;33:so=01;35:do=01;35:bd=40;33;01:cd=40;33;01:or=40;31;01:mi=00:su=37;41:sg=30;43:ca=30;41:tw=30;42:ow=34;42:st=37;44:ex=01;32:*.tar=01;31:*.tgz=01;31:*.arc=01;31:*.arj=01;31:*.taz=01;31:*.lha=01;31:*.lz4=01;31:*.lzh=01;31:*.lzma=01;31:*.tlz=01;31:*.txz=01;31:*.tzo=01;31:*.t7z=01;31:*.zip=01;31:*.z=01;31:*.dz=01;31:*.gz=01;31:*.lrz=01;31:*.lz=01;31:*.lzo=01;31:*.xz=01;31:*.zst=01;31:*.tzst=01;31:*.bz2=01;31:*.bz=01;31:*.tbz=01;31:*.tbz2=01;31:*.tz=01;31:*.deb=01;31:*.rpm=01;31:*.jar=01;31:*.war=01;31:*.ear=01;31:*.sar=01;31:*.rar=01;31:*.alz=01;31:*.ace=01;31:*.zoo=01;31:*.cpio=01;31:*.7z=01;31:*.rz=01;31:*.cab=01;31:*.wim=01;31:*.swm=01;31:*.dwm=01;31:*.esd=01;31:*.jpg=01;35:*.jpeg=01;35:*.mjpg=01;35:*.mjpeg=01;35:*.gif=01;35:*.bmp=01;35:*.pbm=01;35:*.pgm=01;35:*.ppm=01;35:*.tga=01;35:*.xbm=01;35:*.xpm=01;35:*.tif=01;35:*.tiff=01;35:*.png=01;35:*.svg=01;35:*.svgz=01;35:*.mng=01;35:*.pcx=01;35:*.mov=01;35:*.mpg=01;35:*.mpeg=01;35:*.m2v=01;35:*.mkv=01;35:*.webm=01;35:*.webp=01;35:*.ogm=01;35:*.mp4=01;35:*.m4v=01;35:*.mp4v=01;35:*.vob=01;35:*.qt=01;35:*.nuv=01;35:*.wmv=01;35:*.asf=01;35:*.rm=01;35:*.rmvb=01;35:*.flc=01;35:*.avi=01;35:*.fli=01;35:*.flv=01;35:*.gl=01;35:*.dl=01;35:*.xcf=01;35:*.xwd=01;35:*.yuv=01;35:*.cgm=01;35:*.emf=01;35:*.ogv=01;35:*.ogx=01;35:*.aac=00;36:*.au=00;36:*.flac=00;36:*.m4a=00;36:*.mid=00;36:*.midi=00;36:*.mka=00;36:*.mp3=00;36:*.mpc=00;36:*.ogg=00;36:*.ra=00;36:*.wav=00;36:*.oga=00;36:*.opus=00;36:*.spx=00;36:*.xspf=00;36:'), ('SSH_AGENT_LAUNCHER', 'gnome-keyring'), ('SSH_AUTH_SOCK', '/run/user/1000/keyring/ssh'), ('AMENT_PREFIX_PATH', '/home/jnu/go2_ws/install/go2_bringup:/home/jnu/go2_ws/install/go2_driver:/home/jnu/go2_ws/install/unitree_go:/home/jnu/go2_ws/install/unitree_api:/home/jnu/go2_ws/install/go2_rviz:/home/jnu/go2_ws/install/go2_interfaces:/home/jnu/go2_ws/install/go2_description:/opt/ros/humble'), ('CONDA_PYTHON_EXE', '/home/jnu/anaconda3/bin/python'), ('SHELL', '/bin/bash'), ('LC_NAME', 'ko_KR.UTF-8'), ('TERMINATOR_UUID', 'urn:uuid:9709fc55-99ce-401d-8324-b50ce6fb78e1'), ('QT_ACCESSIBILITY', '1'), ('GDMSESSION', 'ubuntu'), ('LESSCLOSE', '/usr/bin/lesspipe %s %s'), ('LC_MEASUREMENT', 'ko_KR.UTF-8'), ('GPG_AGENT_INFO', '/run/user/1000/gnupg/S.gpg-agent:0:1'), ('LC_IDENTIFICATION', 'ko_KR.UTF-8'), ('QT_IM_MODULE', 'ibus'), ('PWD', '/home/jnu/go2_ws/build/go2_robot'), ('CUDA_HOME', '/usr/local/cuda-11.8'), ('XDG_CONFIG_DIRS', '/etc/xdg/xdg-ubuntu:/etc/xdg'), ('CONDA_EXE', '/home/jnu/anaconda3/bin/conda'), ('XDG_DATA_DIRS', '/usr/share/ubuntu:/usr/share/gnome:/usr/local/share/:/usr/share/:/var/lib/snapd/desktop'), ('PYTHONPATH', '/home/jnu/go2_ws/install/unitree_go/local/lib/python3.10/dist-packages:/home/jnu/go2_ws/install/unitree_api/local/lib/python3.10/dist-packages:/home/jnu/go2_ws/install/go2_interfaces/local/lib/python3.10/dist-packages:/opt/ros/humble/lib/python3.10/site-packages:/opt/ros/humble/local/lib/python3.10/dist-packages'), ('LC_NUMERIC', 'ko_KR.UTF-8'), ('LC_PAPER', 'ko_KR.UTF-8'), ('COLCON', '1'), ('VTE_VERSION', '6800'), ('CMAKE_PREFIX_PATH', '/home/jnu/go2_ws/install/go2_bringup:/home/jnu/go2_ws/install/go2_driver:/home/jnu/go2_ws/install/unitree_go:/home/jnu/go2_ws/install/unitree_api:/home/jnu/go2_ws/install/go2_rviz:/home/jnu/go2_ws/install/go2_interfaces:/home/jnu/go2_ws/install/go2_description:/opt/ros/humble')]), 'shell': False}
[28.053874] (go2_robot) CommandEnded: {'returncode': 0}
[28.054761] (go2_robot) JobProgress: {'identifier': 'go2_robot', 'progress': 'install'}
[28.055020] (go2_robot) Command: {'cmd': ['/usr/bin/cmake', '--install', '/home/jnu/go2_ws/build/go2_robot'], 'cwd': '/home/jnu/go2_ws/build/go2_robot', 'env': OrderedDict([('LESSOPEN', '| /usr/bin/lesspipe %s'), ('LANGUAGE', 'ko:en'), ('USER', 'jnu'), ('LC_TIME', 'ko_KR.UTF-8'), ('XDG_SESSION_TYPE', 'x11'), ('SHLVL', '1'), ('LD_LIBRARY_PATH', '/home/jnu/go2_ws/install/go2_driver/lib:/home/jnu/go2_ws/install/unitree_go/lib:/home/jnu/go2_ws/install/unitree_api/lib:/home/jnu/go2_ws/install/go2_interfaces/lib:/opt/ros/humble/opt/rviz_ogre_vendor/lib:/opt/ros/humble/lib/x86_64-linux-gnu:/opt/ros/humble/lib:/usr/local/cuda-11.8/lib64'), ('HOME', '/home/jnu'), ('CONDA_SHLVL', '0'), ('OLDPWD', '/home/jnu/go2_ws/src'), ('DESKTOP_SESSION', 'ubuntu'), ('ROS_PYTHON_VERSION', '3'), ('GNOME_SHELL_SESSION_MODE', 'ubuntu'), ('GTK_MODULES', 'gail:atk-bridge'), ('LC_MONETARY', 'ko_KR.UTF-8'), ('MANAGERPID', '1735'), ('SYSTEMD_EXEC_PID', '2210'), ('DBUS_SESSION_BUS_ADDRESS', 'unix:path=/run/user/1000/bus'), ('COLORTERM', 'truecolor'), ('_CE_M', ''), ('TERMINATOR_DBUS_NAME', 'net.tenshu.Terminator23558193cd9818af7fe4d2c2f5bd9d00f'), ('GIO_LAUNCHED_DESKTOP_FILE_PID', '50688'), ('IM_CONFIG_PHASE', '1'), ('ROS_DISTRO', 'humble'), ('GTK_IM_MODULE', 'ibus'), ('LOGNAME', 'jnu'), ('JOURNAL_STREAM', '8:13504'), ('_', '/usr/bin/colcon'), ('ROS_VERSION', '2'), ('XDG_SESSION_CLASS', 'user'), ('USERNAME', 'jnu'), ('TERM', 'xterm-256color'), ('GNOME_DESKTOP_SESSION_ID', 'this-is-deprecated'), ('_CE_CONDA', ''), ('ROS_LOCALHOST_ONLY', '0'), ('WINDOWPATH', '2'), ('PATH', '/opt/ros/humble/bin:/home/jnu/anaconda3/condabin:/usr/local/cuda-11.8/bin:/home/jnu/.local/bin:/usr/local/sbin:/usr/local/bin:/usr/sbin:/usr/bin:/sbin:/bin:/usr/games:/usr/local/games:/snap/bin:/snap/bin'), ('SESSION_MANAGER', 'local/JNU-1:@/tmp/.ICE-unix/1960,unix/JNU-1:/tmp/.ICE-unix/1960'), ('INVOCATION_ID', '626ef355527a45d284069bc1bba02c8f'), ('PAPERSIZE', 'a4'), ('XDG_MENU_PREFIX', 'gnome-'), ('LC_ADDRESS', 'ko_KR.UTF-8'), ('XDG_RUNTIME_DIR', '/run/user/1000'), ('DISPLAY', ':1'), ('TERMINATOR_DBUS_PATH', '/net/tenshu/Terminator2'), ('LANG', 'ko_KR.UTF-8'), ('XDG_CURRENT_DESKTOP', 'ubuntu:GNOME'), ('IBUS_DISABLE_SNOOPER', '1'), ('LC_TELEPHONE', 'ko_KR.UTF-8'), ('XMODIFIERS', '@im=ibus'), ('XDG_SESSION_DESKTOP', 'ubuntu'), ('XAUTHORITY', '/run/user/1000/gdm/Xauthority'), ('LS_COLORS', 'rs=0:di=01;34:ln=01;36:mh=00:pi=40;33:so=01;35:do=01;35:bd=40;33;01:cd=40;33;01:or=40;31;01:mi=00:su=37;41:sg=30;43:ca=30;41:tw=30;42:ow=34;42:st=37;44:ex=01;32:*.tar=01;31:*.tgz=01;31:*.arc=01;31:*.arj=01;31:*.taz=01;31:*.lha=01;31:*.lz4=01;31:*.lzh=01;31:*.lzma=01;31:*.tlz=01;31:*.txz=01;31:*.tzo=01;31:*.t7z=01;31:*.zip=01;31:*.z=01;31:*.dz=01;31:*.gz=01;31:*.lrz=01;31:*.lz=01;31:*.lzo=01;31:*.xz=01;31:*.zst=01;31:*.tzst=01;31:*.bz2=01;31:*.bz=01;31:*.tbz=01;31:*.tbz2=01;31:*.tz=01;31:*.deb=01;31:*.rpm=01;31:*.jar=01;31:*.war=01;31:*.ear=01;31:*.sar=01;31:*.rar=01;31:*.alz=01;31:*.ace=01;31:*.zoo=01;31:*.cpio=01;31:*.7z=01;31:*.rz=01;31:*.cab=01;31:*.wim=01;31:*.swm=01;31:*.dwm=01;31:*.esd=01;31:*.jpg=01;35:*.jpeg=01;35:*.mjpg=01;35:*.mjpeg=01;35:*.gif=01;35:*.bmp=01;35:*.pbm=01;35:*.pgm=01;35:*.ppm=01;35:*.tga=01;35:*.xbm=01;35:*.xpm=01;35:*.tif=01;35:*.tiff=01;35:*.png=01;35:*.svg=01;35:*.svgz=01;35:*.mng=01;35:*.pcx=01;35:*.mov=01;35:*.mpg=01;35:*.mpeg=01;35:*.m2v=01;35:*.mkv=01;35:*.webm=01;35:*.webp=01;35:*.ogm=01;35:*.mp4=01;35:*.m4v=01;35:*.mp4v=01;35:*.vob=01;35:*.qt=01;35:*.nuv=01;35:*.wmv=01;35:*.asf=01;35:*.rm=01;35:*.rmvb=01;35:*.flc=01;35:*.avi=01;35:*.fli=01;35:*.flv=01;35:*.gl=01;35:*.dl=01;35:*.xcf=01;35:*.xwd=01;35:*.yuv=01;35:*.cgm=01;35:*.emf=01;35:*.ogv=01;35:*.ogx=01;35:*.aac=00;36:*.au=00;36:*.flac=00;36:*.m4a=00;36:*.mid=00;36:*.midi=00;36:*.mka=00;36:*.mp3=00;36:*.mpc=00;36:*.ogg=00;36:*.ra=00;36:*.wav=00;36:*.oga=00;36:*.opus=00;36:*.spx=00;36:*.xspf=00;36:'), ('SSH_AGENT_LAUNCHER', 'gnome-keyring'), ('SSH_AUTH_SOCK', '/run/user/1000/keyring/ssh'), ('AMENT_PREFIX_PATH', '/home/jnu/go2_ws/install/go2_bringup:/home/jnu/go2_ws/install/go2_driver:/home/jnu/go2_ws/install/unitree_go:/home/jnu/go2_ws/install/unitree_api:/home/jnu/go2_ws/install/go2_rviz:/home/jnu/go2_ws/install/go2_interfaces:/home/jnu/go2_ws/install/go2_description:/opt/ros/humble'), ('CONDA_PYTHON_EXE', '/home/jnu/anaconda3/bin/python'), ('SHELL', '/bin/bash'), ('LC_NAME', 'ko_KR.UTF-8'), ('TERMINATOR_UUID', 'urn:uuid:9709fc55-99ce-401d-8324-b50ce6fb78e1'), ('QT_ACCESSIBILITY', '1'), ('GDMSESSION', 'ubuntu'), ('LESSCLOSE', '/usr/bin/lesspipe %s %s'), ('LC_MEASUREMENT', 'ko_KR.UTF-8'), ('GPG_AGENT_INFO', '/run/user/1000/gnupg/S.gpg-agent:0:1'), ('LC_IDENTIFICATION', 'ko_KR.UTF-8'), ('QT_IM_MODULE', 'ibus'), ('PWD', '/home/jnu/go2_ws/build/go2_robot'), ('CUDA_HOME', '/usr/local/cuda-11.8'), ('XDG_CONFIG_DIRS', '/etc/xdg/xdg-ubuntu:/etc/xdg'), ('CONDA_EXE', '/home/jnu/anaconda3/bin/conda'), ('XDG_DATA_DIRS', '/usr/share/ubuntu:/usr/share/gnome:/usr/local/share/:/usr/share/:/var/lib/snapd/desktop'), ('PYTHONPATH', '/home/jnu/go2_ws/install/unitree_go/local/lib/python3.10/dist-packages:/home/jnu/go2_ws/install/unitree_api/local/lib/python3.10/dist-packages:/home/jnu/go2_ws/install/go2_interfaces/local/lib/python3.10/dist-packages:/opt/ros/humble/lib/python3.10/site-packages:/opt/ros/humble/local/lib/python3.10/dist-packages'), ('LC_NUMERIC', 'ko_KR.UTF-8'), ('LC_PAPER', 'ko_KR.UTF-8'), ('COLCON', '1'), ('VTE_VERSION', '6800'), ('CMAKE_PREFIX_PATH', '/home/jnu/go2_ws/install/go2_bringup:/home/jnu/go2_ws/install/go2_driver:/home/jnu/go2_ws/install/unitree_go:/home/jnu/go2_ws/install/unitree_api:/home/jnu/go2_ws/install/go2_rviz:/home/jnu/go2_ws/install/go2_interfaces:/home/jnu/go2_ws/install/go2_description:/opt/ros/humble')]), 'shell': False}
[28.069622] (go2_robot) StdoutLine: {'line': b'-- Install configuration: ""\n'}
[28.069851] (go2_robot) StdoutLine: {'line': b'-- Execute custom install script\n'}
[28.069881] (-) TimerEvent: {}
[28.070008] (go2_robot) StdoutLine: {'line': b'-- Symlinking: /home/jnu/go2_ws/install/go2_robot/share/ament_index/resource_index/package_run_dependencies/go2_robot\n'}
[28.085314] (go2_robot) StdoutLine: {'line': b'-- Symlinking: /home/jnu/go2_ws/install/go2_robot/share/ament_index/resource_index/parent_prefix_path/go2_robot\n'}
[28.104751] (go2_robot) StdoutLine: {'line': b'-- Symlinking: /home/jnu/go2_ws/install/go2_robot/share/go2_robot/environment/ament_prefix_path.sh\n'}
[28.124433] (go2_robot) StdoutLine: {'line': b'-- Symlinking: /home/jnu/go2_ws/install/go2_robot/share/go2_robot/environment/ament_prefix_path.dsv\n'}
[28.136558] (go2_robot) StdoutLine: {'line': b'-- Symlinking: /home/jnu/go2_ws/install/go2_robot/share/go2_robot/environment/path.sh\n'}
[28.151568] (go2_robot) StdoutLine: {'line': b'-- Symlinking: /home/jnu/go2_ws/install/go2_robot/share/go2_robot/environment/path.dsv\n'}
[28.166604] (go2_robot) StdoutLine: {'line': b'-- Symlinking: /home/jnu/go2_ws/install/go2_robot/share/go2_robot/local_setup.bash\n'}
[28.169977] (-) TimerEvent: {}
[28.179054] (go2_robot) StdoutLine: {'line': b'-- Symlinking: /home/jnu/go2_ws/install/go2_robot/share/go2_robot/local_setup.sh\n'}
[28.190342] (go2_robot) StdoutLine: {'line': b'-- Symlinking: /home/jnu/go2_ws/install/go2_robot/share/go2_robot/local_setup.zsh\n'}
[28.209355] (go2_robot) StdoutLine: {'line': b'-- Symlinking: /home/jnu/go2_ws/install/go2_robot/share/go2_robot/local_setup.dsv\n'}
[28.226041] (go2_robot) StdoutLine: {'line': b'-- Symlinking: /home/jnu/go2_ws/install/go2_robot/share/go2_robot/package.dsv\n'}
[28.244109] (go2_robot) StdoutLine: {'line': b'-- Symlinking: /home/jnu/go2_ws/install/go2_robot/share/ament_index/resource_index/packages/go2_robot\n'}
[28.263393] (go2_robot) StdoutLine: {'line': b'-- Symlinking: /home/jnu/go2_ws/install/go2_robot/share/go2_robot/cmake/go2_robotConfig.cmake\n'}
[28.270126] (-) TimerEvent: {}
[28.280808] (go2_robot) StdoutLine: {'line': b'-- Symlinking: /home/jnu/go2_ws/install/go2_robot/share/go2_robot/cmake/go2_robotConfig-version.cmake\n'}
[28.298247] (go2_robot) StdoutLine: {'line': b'-- Symlinking: /home/jnu/go2_ws/install/go2_robot/share/go2_robot/package.xml\n'}
[28.323119] (go2_robot) CommandEnded: {'returncode': 0}
[28.344721] (go2_robot) JobEnded: {'identifier': 'go2_robot', 'rc': 0}
[28.345597] (-) EventReactorShutdown: {}
