-- The C compiler identification is GNU 11.4.0
-- The CXX compiler identification is GNU 11.4.0
-- Detecting C compiler ABI info
-- Detecting C compiler ABI info - done
-- Check for working C compiler: /usr/bin/cc - skipped
-- Detecting C compile features
-- Detecting C compile features - done
-- Detecting CXX compiler ABI info
-- Detecting CXX compiler ABI info - done
-- Check for working CXX compiler: /usr/bin/c++ - skipped
-- Detecting CXX compile features
-- Detecting CXX compile features - done
-- Found ament_cmake: 1.3.12 (/opt/ros/humble/share/ament_cmake/cmake)
-- Found Python3: /usr/bin/python3 (found version "3.10.12") found components: Interpreter 
-- Override CMake install command with custom implementation using symlinks instead of copying resources
-- Found rosidl_default_generators: 1.2.0 (/opt/ros/humble/share/rosidl_default_generators/cmake)
-- Using all available rosidl_typesupport_c: rosidl_typesupport_fastrtps_c;rosidl_typesupport_introspection_c
-- Found rosidl_adapter: 3.1.7 (/opt/ros/humble/share/rosidl_adapter/cmake)
-- Using all available rosidl_typesupport_cpp: rosidl_typesupport_fastrtps_cpp;rosidl_typesupport_introspection_cpp
-- Found rosidl_generator_dds_idl: 0.8.1 (/opt/ros/humble/share/rosidl_generator_dds_idl/cmake)
-- Found ament_cmake_ros: 0.10.0 (/opt/ros/humble/share/ament_cmake_ros/cmake)
-- Using all available rosidl_typesupport_c: rosidl_typesupport_fastrtps_c;rosidl_typesupport_introspection_c
-- Using all available rosidl_typesupport_cpp: rosidl_typesupport_fastrtps_cpp;rosidl_typesupport_introspection_cpp
-- Found PythonInterp: /usr/bin/python3 (found suitable version "3.10.12", minimum required is "3.6") 
-- Found python_cmake_module: 0.10.0 (/opt/ros/humble/share/python_cmake_module/cmake)
-- Found PythonLibs: /usr/lib/x86_64-linux-gnu/libpython3.10.so (found suitable version "3.10.12", minimum required is "3.5") 
-- Using PYTHON_EXECUTABLE: /usr/bin/python3
-- Using PYTHON_INCLUDE_DIRS: /usr/include/python3.10
-- Using PYTHON_LIBRARIES: /usr/lib/x86_64-linux-gnu/libpython3.10.so
-- Found PythonExtra: .so  
-- Configuring done
-- Generating done
-- Build files have been written to: /home/jnu/go2_ws/build/unitree_go
[  0%] [34m[1mGenerating C code for ROS interfaces[0m
[  0%] [34m[1mGenerating DDS interfaces[0m
[  0%] [34m[1mGenerating C++ code for ROS interfaces[0m
[  0%] Built target ament_cmake_python_symlink_unitree_go
running egg_info
creating unitree_go.egg-info
writing unitree_go.egg-info/PKG-INFO
writing dependency_links to unitree_go.egg-info/dependency_links.txt
writing top-level names to unitree_go.egg-info/top_level.txt
writing manifest file 'unitree_go.egg-info/SOURCES.txt'
reading manifest file 'unitree_go.egg-info/SOURCES.txt'
writing manifest file 'unitree_go.egg-info/SOURCES.txt'
[  0%] Built target ament_cmake_python_build_unitree_go_egg
[  0%] Built target unitree_go__dds_connext_idl
[  0%] Built target unitree_go__cpp
[  1%] [34m[1mGenerating C++ introspection for ROS interfaces[0m
[  2%] [34m[1mGenerating C++ type support dispatch for ROS interfaces[0m
[  3%] [34m[1mGenerating C++ type support for eProsima Fast-RTPS[0m
[  6%] [32mBuilding C object CMakeFiles/unitree_go__rosidl_generator_c.dir/rosidl_generator_c/unitree_go/msg/detail/bms_state__functions.c.o[0m
[  6%] [32mBuilding C object CMakeFiles/unitree_go__rosidl_generator_c.dir/rosidl_generator_c/unitree_go/msg/detail/lidar_state__functions.c.o[0m
[  6%] [32mBuilding C object CMakeFiles/unitree_go__rosidl_generator_c.dir/rosidl_generator_c/unitree_go/msg/detail/imu_state__functions.c.o[0m
[  6%] [32mBuilding C object CMakeFiles/unitree_go__rosidl_generator_c.dir/rosidl_generator_c/unitree_go/msg/detail/audio_data__functions.c.o[0m
[  6%] [32mBuilding C object CMakeFiles/unitree_go__rosidl_generator_c.dir/rosidl_generator_c/unitree_go/msg/detail/low_state__functions.c.o[0m
[  6%] [32mBuilding C object CMakeFiles/unitree_go__rosidl_generator_c.dir/rosidl_generator_c/unitree_go/msg/detail/interface_config__functions.c.o[0m
[  6%] [32mBuilding C object CMakeFiles/unitree_go__rosidl_generator_c.dir/rosidl_generator_c/unitree_go/msg/detail/error__functions.c.o[0m
[  6%] [32mBuilding C object CMakeFiles/unitree_go__rosidl_generator_c.dir/rosidl_generator_c/unitree_go/msg/detail/bms_cmd__functions.c.o[0m
[  7%] [32mBuilding C object CMakeFiles/unitree_go__rosidl_generator_c.dir/rosidl_generator_c/unitree_go/msg/detail/motor_cmd__functions.c.o[0m
[  8%] [32mBuilding C object CMakeFiles/unitree_go__rosidl_generator_c.dir/rosidl_generator_c/unitree_go/msg/detail/low_cmd__functions.c.o[0m
[  9%] [32mBuilding C object CMakeFiles/unitree_go__rosidl_generator_c.dir/rosidl_generator_c/unitree_go/msg/detail/motor_cmds__functions.c.o[0m
[  9%] [32mBuilding C object CMakeFiles/unitree_go__rosidl_generator_c.dir/rosidl_generator_c/unitree_go/msg/detail/height_map__functions.c.o[0m
[  9%] [32mBuilding C object CMakeFiles/unitree_go__rosidl_generator_c.dir/rosidl_generator_c/unitree_go/msg/detail/path_point__functions.c.o[0m
[  9%] [32mBuilding C object CMakeFiles/unitree_go__rosidl_generator_c.dir/rosidl_generator_c/unitree_go/msg/detail/go2_front_video_data__functions.c.o[0m
[ 10%] [32mBuilding C object CMakeFiles/unitree_go__rosidl_generator_c.dir/rosidl_generator_c/unitree_go/msg/detail/motor_states__functions.c.o[0m
[ 10%] [32mBuilding C object CMakeFiles/unitree_go__rosidl_generator_c.dir/rosidl_generator_c/unitree_go/msg/detail/time_spec__functions.c.o[0m
[ 10%] [32mBuilding C object CMakeFiles/unitree_go__rosidl_generator_c.dir/rosidl_generator_c/unitree_go/msg/detail/res__functions.c.o[0m
[ 11%] [32mBuilding C object CMakeFiles/unitree_go__rosidl_generator_c.dir/rosidl_generator_c/unitree_go/msg/detail/req__functions.c.o[0m
[ 11%] [32mBuilding C object CMakeFiles/unitree_go__rosidl_generator_c.dir/rosidl_generator_c/unitree_go/msg/detail/sport_mode_cmd__functions.c.o[0m
[ 11%] [32mBuilding C object CMakeFiles/unitree_go__rosidl_generator_c.dir/rosidl_generator_c/unitree_go/msg/detail/motor_state__functions.c.o[0m
[ 12%] [32mBuilding C object CMakeFiles/unitree_go__rosidl_generator_c.dir/rosidl_generator_c/unitree_go/msg/detail/sport_mode_state__functions.c.o[0m
[ 13%] [32mBuilding C object CMakeFiles/unitree_go__rosidl_generator_c.dir/rosidl_generator_c/unitree_go/msg/detail/uwb_switch__functions.c.o[0m
[ 13%] [32mBuilding C object CMakeFiles/unitree_go__rosidl_generator_c.dir/rosidl_generator_c/unitree_go/msg/detail/voxel_height_map_state__functions.c.o[0m
[ 13%] [32mBuilding C object CMakeFiles/unitree_go__rosidl_generator_c.dir/rosidl_generator_c/unitree_go/msg/detail/voxel_map_compressed__functions.c.o[0m
[ 14%] [32mBuilding C object CMakeFiles/unitree_go__rosidl_generator_c.dir/rosidl_generator_c/unitree_go/msg/detail/uwb_state__functions.c.o[0m
[ 14%] [32mBuilding C object CMakeFiles/unitree_go__rosidl_generator_c.dir/rosidl_generator_c/unitree_go/msg/detail/wireless_controller__functions.c.o[0m
[ 15%] [32m[1mLinking C shared library libunitree_go__rosidl_generator_c.so[0m
[ 15%] Built target unitree_go__rosidl_generator_c
[ 15%] [34m[1mGenerating C type support for eProsima Fast-RTPS[0m
[ 15%] [34m[1mGenerating C introspection for ROS interfaces[0m
[ 15%] [34m[1mGenerating C type support dispatch for ROS interfaces[0m
[ 15%] [32mBuilding CXX object CMakeFiles/unitree_go__rosidl_typesupport_cpp.dir/rosidl_typesupport_cpp/unitree_go/msg/audio_data__type_support.cpp.o[0m
[ 16%] [32mBuilding CXX object CMakeFiles/unitree_go__rosidl_typesupport_cpp.dir/rosidl_typesupport_cpp/unitree_go/msg/error__type_support.cpp.o[0m
[ 16%] [32mBuilding CXX object CMakeFiles/unitree_go__rosidl_typesupport_cpp.dir/rosidl_typesupport_cpp/unitree_go/msg/bms_state__type_support.cpp.o[0m
[ 16%] [32mBuilding CXX object CMakeFiles/unitree_go__rosidl_typesupport_cpp.dir/rosidl_typesupport_cpp/unitree_go/msg/go2_front_video_data__type_support.cpp.o[0m
[ 17%] [32mBuilding CXX object CMakeFiles/unitree_go__rosidl_typesupport_cpp.dir/rosidl_typesupport_cpp/unitree_go/msg/imu_state__type_support.cpp.o[0m
[ 18%] [32mBuilding CXX object CMakeFiles/unitree_go__rosidl_typesupport_cpp.dir/rosidl_typesupport_cpp/unitree_go/msg/bms_cmd__type_support.cpp.o[0m
[ 18%] [32mBuilding CXX object CMakeFiles/unitree_go__rosidl_typesupport_cpp.dir/rosidl_typesupport_cpp/unitree_go/msg/height_map__type_support.cpp.o[0m
[ 18%] [32mBuilding CXX object CMakeFiles/unitree_go__rosidl_typesupport_cpp.dir/rosidl_typesupport_cpp/unitree_go/msg/interface_config__type_support.cpp.o[0m
[ 18%] [32mBuilding CXX object CMakeFiles/unitree_go__rosidl_typesupport_cpp.dir/rosidl_typesupport_cpp/unitree_go/msg/low_cmd__type_support.cpp.o[0m
[ 20%] [32mBuilding CXX object CMakeFiles/unitree_go__rosidl_typesupport_cpp.dir/rosidl_typesupport_cpp/unitree_go/msg/low_state__type_support.cpp.o[0m
[ 20%] [32mBuilding CXX object CMakeFiles/unitree_go__rosidl_typesupport_cpp.dir/rosidl_typesupport_cpp/unitree_go/msg/lidar_state__type_support.cpp.o[0m
[ 20%] [32mBuilding CXX object CMakeFiles/unitree_go__rosidl_typesupport_cpp.dir/rosidl_typesupport_cpp/unitree_go/msg/motor_cmds__type_support.cpp.o[0m
[ 20%] [32mBuilding CXX object CMakeFiles/unitree_go__rosidl_typesupport_cpp.dir/rosidl_typesupport_cpp/unitree_go/msg/motor_cmd__type_support.cpp.o[0m
[ 21%] [32mBuilding CXX object CMakeFiles/unitree_go__rosidl_typesupport_cpp.dir/rosidl_typesupport_cpp/unitree_go/msg/path_point__type_support.cpp.o[0m
[ 22%] [32mBuilding CXX object CMakeFiles/unitree_go__rosidl_typesupport_cpp.dir/rosidl_typesupport_cpp/unitree_go/msg/motor_state__type_support.cpp.o[0m
[ 22%] [32mBuilding CXX object CMakeFiles/unitree_go__rosidl_typesupport_cpp.dir/rosidl_typesupport_cpp/unitree_go/msg/req__type_support.cpp.o[0m
[ 22%] [32mBuilding CXX object CMakeFiles/unitree_go__rosidl_typesupport_cpp.dir/rosidl_typesupport_cpp/unitree_go/msg/motor_states__type_support.cpp.o[0m
[ 23%] [32mBuilding CXX object CMakeFiles/unitree_go__rosidl_typesupport_cpp.dir/rosidl_typesupport_cpp/unitree_go/msg/res__type_support.cpp.o[0m
[ 23%] [32mBuilding CXX object CMakeFiles/unitree_go__rosidl_typesupport_cpp.dir/rosidl_typesupport_cpp/unitree_go/msg/sport_mode_cmd__type_support.cpp.o[0m
[ 24%] [32mBuilding CXX object CMakeFiles/unitree_go__rosidl_typesupport_cpp.dir/rosidl_typesupport_cpp/unitree_go/msg/time_spec__type_support.cpp.o[0m
[ 24%] [32mBuilding CXX object CMakeFiles/unitree_go__rosidl_typesupport_cpp.dir/rosidl_typesupport_cpp/unitree_go/msg/uwb_state__type_support.cpp.o[0m
[ 24%] [32mBuilding CXX object CMakeFiles/unitree_go__rosidl_typesupport_cpp.dir/rosidl_typesupport_cpp/unitree_go/msg/sport_mode_state__type_support.cpp.o[0m
[ 25%] [32mBuilding CXX object CMakeFiles/unitree_go__rosidl_typesupport_cpp.dir/rosidl_typesupport_cpp/unitree_go/msg/uwb_switch__type_support.cpp.o[0m
[ 25%] [32mBuilding CXX object CMakeFiles/unitree_go__rosidl_typesupport_cpp.dir/rosidl_typesupport_cpp/unitree_go/msg/voxel_map_compressed__type_support.cpp.o[0m
[ 26%] [32mBuilding CXX object CMakeFiles/unitree_go__rosidl_typesupport_cpp.dir/rosidl_typesupport_cpp/unitree_go/msg/voxel_height_map_state__type_support.cpp.o[0m
[ 26%] [32mBuilding CXX object CMakeFiles/unitree_go__rosidl_typesupport_cpp.dir/rosidl_typesupport_cpp/unitree_go/msg/wireless_controller__type_support.cpp.o[0m
[ 26%] [32mBuilding CXX object CMakeFiles/unitree_go__rosidl_typesupport_introspection_cpp.dir/rosidl_typesupport_introspection_cpp/unitree_go/msg/detail/audio_data__type_support.cpp.o[0m
[ 27%] [32mBuilding CXX object CMakeFiles/unitree_go__rosidl_typesupport_introspection_cpp.dir/rosidl_typesupport_introspection_cpp/unitree_go/msg/detail/bms_cmd__type_support.cpp.o[0m
[ 27%] [32mBuilding CXX object CMakeFiles/unitree_go__rosidl_typesupport_introspection_cpp.dir/rosidl_typesupport_introspection_cpp/unitree_go/msg/detail/bms_state__type_support.cpp.o[0m
[ 28%] [32mBuilding CXX object CMakeFiles/unitree_go__rosidl_typesupport_introspection_cpp.dir/rosidl_typesupport_introspection_cpp/unitree_go/msg/detail/error__type_support.cpp.o[0m
[ 28%] [32mBuilding CXX object CMakeFiles/unitree_go__rosidl_typesupport_introspection_cpp.dir/rosidl_typesupport_introspection_cpp/unitree_go/msg/detail/go2_front_video_data__type_support.cpp.o[0m
[ 28%] [32mBuilding CXX object CMakeFiles/unitree_go__rosidl_typesupport_introspection_cpp.dir/rosidl_typesupport_introspection_cpp/unitree_go/msg/detail/height_map__type_support.cpp.o[0m
[ 29%] [32mBuilding CXX object CMakeFiles/unitree_go__rosidl_typesupport_introspection_cpp.dir/rosidl_typesupport_introspection_cpp/unitree_go/msg/detail/imu_state__type_support.cpp.o[0m
[ 29%] [32mBuilding CXX object CMakeFiles/unitree_go__rosidl_typesupport_introspection_cpp.dir/rosidl_typesupport_introspection_cpp/unitree_go/msg/detail/interface_config__type_support.cpp.o[0m
[ 29%] [32mBuilding CXX object CMakeFiles/unitree_go__rosidl_typesupport_introspection_cpp.dir/rosidl_typesupport_introspection_cpp/unitree_go/msg/detail/low_cmd__type_support.cpp.o[0m
[ 30%] [32mBuilding CXX object CMakeFiles/unitree_go__rosidl_typesupport_introspection_cpp.dir/rosidl_typesupport_introspection_cpp/unitree_go/msg/detail/low_state__type_support.cpp.o[0m
[ 30%] [32mBuilding CXX object CMakeFiles/unitree_go__rosidl_typesupport_introspection_cpp.dir/rosidl_typesupport_introspection_cpp/unitree_go/msg/detail/motor_cmd__type_support.cpp.o[0m
[ 31%] [32mBuilding CXX object CMakeFiles/unitree_go__rosidl_typesupport_introspection_cpp.dir/rosidl_typesupport_introspection_cpp/unitree_go/msg/detail/motor_cmds__type_support.cpp.o[0m
[ 31%] [32mBuilding CXX object CMakeFiles/unitree_go__rosidl_typesupport_introspection_cpp.dir/rosidl_typesupport_introspection_cpp/unitree_go/msg/detail/lidar_state__type_support.cpp.o[0m
[ 32%] [32mBuilding CXX object CMakeFiles/unitree_go__rosidl_typesupport_introspection_cpp.dir/rosidl_typesupport_introspection_cpp/unitree_go/msg/detail/motor_state__type_support.cpp.o[0m
[ 32%] [32mBuilding CXX object CMakeFiles/unitree_go__rosidl_typesupport_introspection_cpp.dir/rosidl_typesupport_introspection_cpp/unitree_go/msg/detail/motor_states__type_support.cpp.o[0m
[ 33%] [32mBuilding CXX object CMakeFiles/unitree_go__rosidl_typesupport_introspection_cpp.dir/rosidl_typesupport_introspection_cpp/unitree_go/msg/detail/path_point__type_support.cpp.o[0m
[ 33%] [32mBuilding CXX object CMakeFiles/unitree_go__rosidl_typesupport_introspection_cpp.dir/rosidl_typesupport_introspection_cpp/unitree_go/msg/detail/req__type_support.cpp.o[0m
[ 34%] [32mBuilding CXX object CMakeFiles/unitree_go__rosidl_typesupport_introspection_cpp.dir/rosidl_typesupport_introspection_cpp/unitree_go/msg/detail/res__type_support.cpp.o[0m
[ 34%] [32mBuilding CXX object CMakeFiles/unitree_go__rosidl_typesupport_introspection_cpp.dir/rosidl_typesupport_introspection_cpp/unitree_go/msg/detail/sport_mode_cmd__type_support.cpp.o[0m
[ 35%] [32m[1mLinking CXX shared library libunitree_go__rosidl_typesupport_cpp.so[0m
[ 35%] Built target unitree_go__rosidl_typesupport_cpp
[ 35%] [32mBuilding CXX object CMakeFiles/unitree_go__rosidl_typesupport_introspection_cpp.dir/rosidl_typesupport_introspection_cpp/unitree_go/msg/detail/sport_mode_state__type_support.cpp.o[0m
[ 36%] [32mBuilding CXX object CMakeFiles/unitree_go__rosidl_typesupport_introspection_cpp.dir/rosidl_typesupport_introspection_cpp/unitree_go/msg/detail/time_spec__type_support.cpp.o[0m
[ 36%] [32mBuilding CXX object CMakeFiles/unitree_go__rosidl_typesupport_introspection_cpp.dir/rosidl_typesupport_introspection_cpp/unitree_go/msg/detail/uwb_state__type_support.cpp.o[0m
[ 37%] [32mBuilding CXX object CMakeFiles/unitree_go__rosidl_typesupport_introspection_cpp.dir/rosidl_typesupport_introspection_cpp/unitree_go/msg/detail/uwb_switch__type_support.cpp.o[0m
[ 37%] [32mBuilding CXX object CMakeFiles/unitree_go__rosidl_typesupport_introspection_cpp.dir/rosidl_typesupport_introspection_cpp/unitree_go/msg/detail/voxel_map_compressed__type_support.cpp.o[0m
[ 37%] [32mBuilding CXX object CMakeFiles/unitree_go__rosidl_typesupport_c.dir/rosidl_typesupport_c/unitree_go/msg/audio_data__type_support.cpp.o[0m
[ 38%] [32mBuilding CXX object CMakeFiles/unitree_go__rosidl_typesupport_c.dir/rosidl_typesupport_c/unitree_go/msg/bms_cmd__type_support.cpp.o[0m
[ 38%] [32mBuilding CXX object CMakeFiles/unitree_go__rosidl_typesupport_c.dir/rosidl_typesupport_c/unitree_go/msg/bms_state__type_support.cpp.o[0m
[ 39%] [32mBuilding CXX object CMakeFiles/unitree_go__rosidl_typesupport_c.dir/rosidl_typesupport_c/unitree_go/msg/error__type_support.cpp.o[0m
[ 40%] [32mBuilding CXX object CMakeFiles/unitree_go__rosidl_typesupport_introspection_cpp.dir/rosidl_typesupport_introspection_cpp/unitree_go/msg/detail/voxel_height_map_state__type_support.cpp.o[0m
[ 40%] [32mBuilding CXX object CMakeFiles/unitree_go__rosidl_typesupport_introspection_cpp.dir/rosidl_typesupport_introspection_cpp/unitree_go/msg/detail/wireless_controller__type_support.cpp.o[0m
[ 41%] [32mBuilding CXX object CMakeFiles/unitree_go__rosidl_typesupport_c.dir/rosidl_typesupport_c/unitree_go/msg/height_map__type_support.cpp.o[0m
[ 41%] [32mBuilding CXX object CMakeFiles/unitree_go__rosidl_typesupport_c.dir/rosidl_typesupport_c/unitree_go/msg/go2_front_video_data__type_support.cpp.o[0m
[ 41%] [32mBuilding CXX object CMakeFiles/unitree_go__rosidl_typesupport_c.dir/rosidl_typesupport_c/unitree_go/msg/imu_state__type_support.cpp.o[0m
[ 41%] [32mBuilding CXX object CMakeFiles/unitree_go__rosidl_typesupport_c.dir/rosidl_typesupport_c/unitree_go/msg/interface_config__type_support.cpp.o[0m
[ 42%] [32mBuilding CXX object CMakeFiles/unitree_go__rosidl_typesupport_c.dir/rosidl_typesupport_c/unitree_go/msg/lidar_state__type_support.cpp.o[0m
[ 42%] [32mBuilding CXX object CMakeFiles/unitree_go__rosidl_typesupport_c.dir/rosidl_typesupport_c/unitree_go/msg/low_cmd__type_support.cpp.o[0m
[ 43%] [32mBuilding CXX object CMakeFiles/unitree_go__rosidl_typesupport_c.dir/rosidl_typesupport_c/unitree_go/msg/low_state__type_support.cpp.o[0m
[ 43%] [32mBuilding CXX object CMakeFiles/unitree_go__rosidl_typesupport_c.dir/rosidl_typesupport_c/unitree_go/msg/motor_cmd__type_support.cpp.o[0m
[ 44%] [32mBuilding CXX object CMakeFiles/unitree_go__rosidl_typesupport_c.dir/rosidl_typesupport_c/unitree_go/msg/motor_cmds__type_support.cpp.o[0m
[ 44%] [32mBuilding CXX object CMakeFiles/unitree_go__rosidl_typesupport_c.dir/rosidl_typesupport_c/unitree_go/msg/motor_state__type_support.cpp.o[0m
[ 44%] [32mBuilding CXX object CMakeFiles/unitree_go__rosidl_typesupport_c.dir/rosidl_typesupport_c/unitree_go/msg/motor_states__type_support.cpp.o[0m
[ 45%] [32mBuilding CXX object CMakeFiles/unitree_go__rosidl_typesupport_c.dir/rosidl_typesupport_c/unitree_go/msg/path_point__type_support.cpp.o[0m
[ 45%] [32mBuilding CXX object CMakeFiles/unitree_go__rosidl_typesupport_c.dir/rosidl_typesupport_c/unitree_go/msg/req__type_support.cpp.o[0m
[ 46%] [32mBuilding CXX object CMakeFiles/unitree_go__rosidl_typesupport_c.dir/rosidl_typesupport_c/unitree_go/msg/res__type_support.cpp.o[0m
[ 46%] [32mBuilding CXX object CMakeFiles/unitree_go__rosidl_typesupport_c.dir/rosidl_typesupport_c/unitree_go/msg/sport_mode_cmd__type_support.cpp.o[0m
[ 47%] [32mBuilding CXX object CMakeFiles/unitree_go__rosidl_typesupport_c.dir/rosidl_typesupport_c/unitree_go/msg/sport_mode_state__type_support.cpp.o[0m
[ 47%] [32mBuilding CXX object CMakeFiles/unitree_go__rosidl_typesupport_c.dir/rosidl_typesupport_c/unitree_go/msg/time_spec__type_support.cpp.o[0m
[ 47%] [32mBuilding CXX object CMakeFiles/unitree_go__rosidl_typesupport_c.dir/rosidl_typesupport_c/unitree_go/msg/uwb_state__type_support.cpp.o[0m
[ 47%] [32mBuilding CXX object CMakeFiles/unitree_go__rosidl_typesupport_c.dir/rosidl_typesupport_c/unitree_go/msg/voxel_map_compressed__type_support.cpp.o[0m
[ 48%] [32mBuilding CXX object CMakeFiles/unitree_go__rosidl_typesupport_c.dir/rosidl_typesupport_c/unitree_go/msg/uwb_switch__type_support.cpp.o[0m
[ 49%] [32mBuilding CXX object CMakeFiles/unitree_go__rosidl_typesupport_c.dir/rosidl_typesupport_c/unitree_go/msg/voxel_height_map_state__type_support.cpp.o[0m
[ 49%] [32mBuilding CXX object CMakeFiles/unitree_go__rosidl_typesupport_c.dir/rosidl_typesupport_c/unitree_go/msg/wireless_controller__type_support.cpp.o[0m
[ 49%] [32mBuilding CXX object CMakeFiles/unitree_go__rosidl_typesupport_fastrtps_cpp.dir/rosidl_typesupport_fastrtps_cpp/unitree_go/msg/detail/dds_fastrtps/audio_data__type_support.cpp.o[0m
[ 49%] [32mBuilding CXX object CMakeFiles/unitree_go__rosidl_typesupport_fastrtps_cpp.dir/rosidl_typesupport_fastrtps_cpp/unitree_go/msg/detail/dds_fastrtps/go2_front_video_data__type_support.cpp.o[0m
[ 50%] [32mBuilding CXX object CMakeFiles/unitree_go__rosidl_typesupport_fastrtps_cpp.dir/rosidl_typesupport_fastrtps_cpp/unitree_go/msg/detail/dds_fastrtps/bms_cmd__type_support.cpp.o[0m
[ 50%] [32mBuilding CXX object CMakeFiles/unitree_go__rosidl_typesupport_fastrtps_cpp.dir/rosidl_typesupport_fastrtps_cpp/unitree_go/msg/detail/dds_fastrtps/height_map__type_support.cpp.o[0m
[ 51%] [32mBuilding CXX object CMakeFiles/unitree_go__rosidl_typesupport_fastrtps_cpp.dir/rosidl_typesupport_fastrtps_cpp/unitree_go/msg/detail/dds_fastrtps/error__type_support.cpp.o[0m
[ 52%] [32mBuilding CXX object CMakeFiles/unitree_go__rosidl_typesupport_fastrtps_cpp.dir/rosidl_typesupport_fastrtps_cpp/unitree_go/msg/detail/dds_fastrtps/imu_state__type_support.cpp.o[0m
[ 52%] [32mBuilding CXX object CMakeFiles/unitree_go__rosidl_typesupport_fastrtps_cpp.dir/rosidl_typesupport_fastrtps_cpp/unitree_go/msg/detail/dds_fastrtps/bms_state__type_support.cpp.o[0m
[ 53%] [32m[1mLinking CXX shared library libunitree_go__rosidl_typesupport_c.so[0m
[ 54%] [32mBuilding CXX object CMakeFiles/unitree_go__rosidl_typesupport_fastrtps_cpp.dir/rosidl_typesupport_fastrtps_cpp/unitree_go/msg/detail/dds_fastrtps/lidar_state__type_support.cpp.o[0m
[ 54%] [32mBuilding CXX object CMakeFiles/unitree_go__rosidl_typesupport_fastrtps_cpp.dir/rosidl_typesupport_fastrtps_cpp/unitree_go/msg/detail/dds_fastrtps/interface_config__type_support.cpp.o[0m
[ 54%] [32mBuilding CXX object CMakeFiles/unitree_go__rosidl_typesupport_fastrtps_cpp.dir/rosidl_typesupport_fastrtps_cpp/unitree_go/msg/detail/dds_fastrtps/low_cmd__type_support.cpp.o[0m
[ 55%] [32mBuilding CXX object CMakeFiles/unitree_go__rosidl_typesupport_fastrtps_cpp.dir/rosidl_typesupport_fastrtps_cpp/unitree_go/msg/detail/dds_fastrtps/low_state__type_support.cpp.o[0m
[ 55%] [32mBuilding CXX object CMakeFiles/unitree_go__rosidl_typesupport_fastrtps_cpp.dir/rosidl_typesupport_fastrtps_cpp/unitree_go/msg/detail/dds_fastrtps/motor_cmd__type_support.cpp.o[0m
[ 55%] [32mBuilding CXX object CMakeFiles/unitree_go__rosidl_typesupport_fastrtps_cpp.dir/rosidl_typesupport_fastrtps_cpp/unitree_go/msg/detail/dds_fastrtps/motor_cmds__type_support.cpp.o[0m
[ 55%] [32mBuilding CXX object CMakeFiles/unitree_go__rosidl_typesupport_fastrtps_c.dir/rosidl_typesupport_fastrtps_c/unitree_go/msg/detail/audio_data__type_support_c.cpp.o[0m
[ 56%] [32mBuilding CXX object CMakeFiles/unitree_go__rosidl_typesupport_fastrtps_c.dir/rosidl_typesupport_fastrtps_c/unitree_go/msg/detail/bms_cmd__type_support_c.cpp.o[0m
[ 56%] Built target unitree_go__rosidl_typesupport_c
[ 56%] [32mBuilding CXX object CMakeFiles/unitree_go__rosidl_typesupport_fastrtps_c.dir/rosidl_typesupport_fastrtps_c/unitree_go/msg/detail/bms_state__type_support_c.cpp.o[0m
[ 57%] [32mBuilding CXX object CMakeFiles/unitree_go__rosidl_typesupport_fastrtps_c.dir/rosidl_typesupport_fastrtps_c/unitree_go/msg/detail/error__type_support_c.cpp.o[0m
[ 57%] [32mBuilding CXX object CMakeFiles/unitree_go__rosidl_typesupport_fastrtps_c.dir/rosidl_typesupport_fastrtps_c/unitree_go/msg/detail/go2_front_video_data__type_support_c.cpp.o[0m
[ 58%] [32mBuilding CXX object CMakeFiles/unitree_go__rosidl_typesupport_fastrtps_cpp.dir/rosidl_typesupport_fastrtps_cpp/unitree_go/msg/detail/dds_fastrtps/motor_state__type_support.cpp.o[0m
[ 58%] [32mBuilding CXX object CMakeFiles/unitree_go__rosidl_typesupport_fastrtps_cpp.dir/rosidl_typesupport_fastrtps_cpp/unitree_go/msg/detail/dds_fastrtps/motor_states__type_support.cpp.o[0m
[ 59%] [32mBuilding CXX object CMakeFiles/unitree_go__rosidl_typesupport_fastrtps_cpp.dir/rosidl_typesupport_fastrtps_cpp/unitree_go/msg/detail/dds_fastrtps/path_point__type_support.cpp.o[0m
[ 59%] [32mBuilding CXX object CMakeFiles/unitree_go__rosidl_typesupport_fastrtps_cpp.dir/rosidl_typesupport_fastrtps_cpp/unitree_go/msg/detail/dds_fastrtps/req__type_support.cpp.o[0m
[ 60%] [32m[1mLinking CXX shared library libunitree_go__rosidl_typesupport_introspection_cpp.so[0m
[ 61%] [32mBuilding CXX object CMakeFiles/unitree_go__rosidl_typesupport_fastrtps_cpp.dir/rosidl_typesupport_fastrtps_cpp/unitree_go/msg/detail/dds_fastrtps/res__type_support.cpp.o[0m
[ 62%] [32mBuilding CXX object CMakeFiles/unitree_go__rosidl_typesupport_fastrtps_c.dir/rosidl_typesupport_fastrtps_c/unitree_go/msg/detail/height_map__type_support_c.cpp.o[0m
[ 62%] [32mBuilding CXX object CMakeFiles/unitree_go__rosidl_typesupport_fastrtps_c.dir/rosidl_typesupport_fastrtps_c/unitree_go/msg/detail/imu_state__type_support_c.cpp.o[0m
[ 62%] Built target unitree_go__rosidl_typesupport_introspection_cpp
[ 62%] [32mBuilding CXX object CMakeFiles/unitree_go__rosidl_typesupport_fastrtps_cpp.dir/rosidl_typesupport_fastrtps_cpp/unitree_go/msg/detail/dds_fastrtps/sport_mode_cmd__type_support.cpp.o[0m
[ 62%] [32mBuilding CXX object CMakeFiles/unitree_go__rosidl_typesupport_fastrtps_cpp.dir/rosidl_typesupport_fastrtps_cpp/unitree_go/msg/detail/dds_fastrtps/sport_mode_state__type_support.cpp.o[0m
[ 63%] [32mBuilding CXX object CMakeFiles/unitree_go__rosidl_typesupport_fastrtps_cpp.dir/rosidl_typesupport_fastrtps_cpp/unitree_go/msg/detail/dds_fastrtps/time_spec__type_support.cpp.o[0m
[ 63%] [32mBuilding CXX object CMakeFiles/unitree_go__rosidl_typesupport_fastrtps_c.dir/rosidl_typesupport_fastrtps_c/unitree_go/msg/detail/interface_config__type_support_c.cpp.o[0m
[ 64%] [32mBuilding CXX object CMakeFiles/unitree_go__rosidl_typesupport_fastrtps_c.dir/rosidl_typesupport_fastrtps_c/unitree_go/msg/detail/lidar_state__type_support_c.cpp.o[0m
[ 65%] [32mBuilding CXX object CMakeFiles/unitree_go__rosidl_typesupport_fastrtps_cpp.dir/rosidl_typesupport_fastrtps_cpp/unitree_go/msg/detail/dds_fastrtps/uwb_switch__type_support.cpp.o[0m
[ 65%] [32mBuilding CXX object CMakeFiles/unitree_go__rosidl_typesupport_fastrtps_cpp.dir/rosidl_typesupport_fastrtps_cpp/unitree_go/msg/detail/dds_fastrtps/uwb_state__type_support.cpp.o[0m
[ 65%] [32mBuilding CXX object CMakeFiles/unitree_go__rosidl_typesupport_fastrtps_cpp.dir/rosidl_typesupport_fastrtps_cpp/unitree_go/msg/detail/dds_fastrtps/voxel_map_compressed__type_support.cpp.o[0m
[ 65%] [32mBuilding CXX object CMakeFiles/unitree_go__rosidl_typesupport_fastrtps_c.dir/rosidl_typesupport_fastrtps_c/unitree_go/msg/detail/low_cmd__type_support_c.cpp.o[0m
[ 66%] [32mBuilding CXX object CMakeFiles/unitree_go__rosidl_typesupport_fastrtps_c.dir/rosidl_typesupport_fastrtps_c/unitree_go/msg/detail/low_state__type_support_c.cpp.o[0m
[ 67%] [32mBuilding CXX object CMakeFiles/unitree_go__rosidl_typesupport_fastrtps_cpp.dir/rosidl_typesupport_fastrtps_cpp/unitree_go/msg/detail/dds_fastrtps/voxel_height_map_state__type_support.cpp.o[0m
[ 67%] [32mBuilding CXX object CMakeFiles/unitree_go__rosidl_typesupport_fastrtps_c.dir/rosidl_typesupport_fastrtps_c/unitree_go/msg/detail/motor_cmd__type_support_c.cpp.o[0m
[ 68%] [32mBuilding CXX object CMakeFiles/unitree_go__rosidl_typesupport_fastrtps_c.dir/rosidl_typesupport_fastrtps_c/unitree_go/msg/detail/motor_cmds__type_support_c.cpp.o[0m
[ 68%] [32mBuilding CXX object CMakeFiles/unitree_go__rosidl_typesupport_fastrtps_cpp.dir/rosidl_typesupport_fastrtps_cpp/unitree_go/msg/detail/dds_fastrtps/wireless_controller__type_support.cpp.o[0m
[ 68%] [32mBuilding CXX object CMakeFiles/unitree_go__rosidl_typesupport_fastrtps_c.dir/rosidl_typesupport_fastrtps_c/unitree_go/msg/detail/motor_state__type_support_c.cpp.o[0m
[ 69%] [32mBuilding CXX object CMakeFiles/unitree_go__rosidl_typesupport_fastrtps_c.dir/rosidl_typesupport_fastrtps_c/unitree_go/msg/detail/path_point__type_support_c.cpp.o[0m
[ 69%] [32mBuilding CXX object CMakeFiles/unitree_go__rosidl_typesupport_fastrtps_c.dir/rosidl_typesupport_fastrtps_c/unitree_go/msg/detail/motor_states__type_support_c.cpp.o[0m
[ 69%] [32mBuilding CXX object CMakeFiles/unitree_go__rosidl_typesupport_fastrtps_c.dir/rosidl_typesupport_fastrtps_c/unitree_go/msg/detail/req__type_support_c.cpp.o[0m
[ 70%] [32mBuilding CXX object CMakeFiles/unitree_go__rosidl_typesupport_fastrtps_c.dir/rosidl_typesupport_fastrtps_c/unitree_go/msg/detail/res__type_support_c.cpp.o[0m
[ 71%] [32mBuilding CXX object CMakeFiles/unitree_go__rosidl_typesupport_fastrtps_c.dir/rosidl_typesupport_fastrtps_c/unitree_go/msg/detail/sport_mode_state__type_support_c.cpp.o[0m
[ 71%] [32mBuilding CXX object CMakeFiles/unitree_go__rosidl_typesupport_fastrtps_c.dir/rosidl_typesupport_fastrtps_c/unitree_go/msg/detail/sport_mode_cmd__type_support_c.cpp.o[0m
[ 71%] [32mBuilding CXX object CMakeFiles/unitree_go__rosidl_typesupport_fastrtps_c.dir/rosidl_typesupport_fastrtps_c/unitree_go/msg/detail/time_spec__type_support_c.cpp.o[0m
[ 71%] [32mBuilding CXX object CMakeFiles/unitree_go__rosidl_typesupport_fastrtps_c.dir/rosidl_typesupport_fastrtps_c/unitree_go/msg/detail/uwb_state__type_support_c.cpp.o[0m
[ 72%] [32mBuilding CXX object CMakeFiles/unitree_go__rosidl_typesupport_fastrtps_c.dir/rosidl_typesupport_fastrtps_c/unitree_go/msg/detail/uwb_switch__type_support_c.cpp.o[0m
[ 72%] [32mBuilding CXX object CMakeFiles/unitree_go__rosidl_typesupport_fastrtps_c.dir/rosidl_typesupport_fastrtps_c/unitree_go/msg/detail/voxel_map_compressed__type_support_c.cpp.o[0m
[ 73%] [32mBuilding CXX object CMakeFiles/unitree_go__rosidl_typesupport_fastrtps_c.dir/rosidl_typesupport_fastrtps_c/unitree_go/msg/detail/voxel_height_map_state__type_support_c.cpp.o[0m
[ 73%] [32mBuilding CXX object CMakeFiles/unitree_go__rosidl_typesupport_fastrtps_c.dir/rosidl_typesupport_fastrtps_c/unitree_go/msg/detail/wireless_controller__type_support_c.cpp.o[0m
[ 73%] [32mBuilding C object CMakeFiles/unitree_go__rosidl_typesupport_introspection_c.dir/rosidl_typesupport_introspection_c/unitree_go/msg/detail/audio_data__type_support.c.o[0m
[ 73%] [32mBuilding C object CMakeFiles/unitree_go__rosidl_typesupport_introspection_c.dir/rosidl_typesupport_introspection_c/unitree_go/msg/detail/bms_state__type_support.c.o[0m
[ 74%] [32mBuilding C object CMakeFiles/unitree_go__rosidl_typesupport_introspection_c.dir/rosidl_typesupport_introspection_c/unitree_go/msg/detail/bms_cmd__type_support.c.o[0m
[ 75%] [32mBuilding C object CMakeFiles/unitree_go__rosidl_typesupport_introspection_c.dir/rosidl_typesupport_introspection_c/unitree_go/msg/detail/error__type_support.c.o[0m
[ 75%] [32mBuilding C object CMakeFiles/unitree_go__rosidl_typesupport_introspection_c.dir/rosidl_typesupport_introspection_c/unitree_go/msg/detail/go2_front_video_data__type_support.c.o[0m
[ 76%] [32mBuilding C object CMakeFiles/unitree_go__rosidl_typesupport_introspection_c.dir/rosidl_typesupport_introspection_c/unitree_go/msg/detail/height_map__type_support.c.o[0m
[ 76%] [32mBuilding C object CMakeFiles/unitree_go__rosidl_typesupport_introspection_c.dir/rosidl_typesupport_introspection_c/unitree_go/msg/detail/imu_state__type_support.c.o[0m
[ 76%] [32mBuilding C object CMakeFiles/unitree_go__rosidl_typesupport_introspection_c.dir/rosidl_typesupport_introspection_c/unitree_go/msg/detail/interface_config__type_support.c.o[0m
[ 77%] [32mBuilding C object CMakeFiles/unitree_go__rosidl_typesupport_introspection_c.dir/rosidl_typesupport_introspection_c/unitree_go/msg/detail/low_cmd__type_support.c.o[0m
[ 77%] [32mBuilding C object CMakeFiles/unitree_go__rosidl_typesupport_introspection_c.dir/rosidl_typesupport_introspection_c/unitree_go/msg/detail/lidar_state__type_support.c.o[0m
[ 78%] [32mBuilding C object CMakeFiles/unitree_go__rosidl_typesupport_introspection_c.dir/rosidl_typesupport_introspection_c/unitree_go/msg/detail/low_state__type_support.c.o[0m
[ 79%] [32mBuilding C object CMakeFiles/unitree_go__rosidl_typesupport_introspection_c.dir/rosidl_typesupport_introspection_c/unitree_go/msg/detail/motor_cmd__type_support.c.o[0m
[ 79%] [32mBuilding C object CMakeFiles/unitree_go__rosidl_typesupport_introspection_c.dir/rosidl_typesupport_introspection_c/unitree_go/msg/detail/motor_cmds__type_support.c.o[0m
[ 79%] [32mBuilding C object CMakeFiles/unitree_go__rosidl_typesupport_introspection_c.dir/rosidl_typesupport_introspection_c/unitree_go/msg/detail/motor_state__type_support.c.o[0m
[ 79%] [32mBuilding C object CMakeFiles/unitree_go__rosidl_typesupport_introspection_c.dir/rosidl_typesupport_introspection_c/unitree_go/msg/detail/motor_states__type_support.c.o[0m
[ 80%] [32mBuilding C object CMakeFiles/unitree_go__rosidl_typesupport_introspection_c.dir/rosidl_typesupport_introspection_c/unitree_go/msg/detail/path_point__type_support.c.o[0m
[ 80%] [32mBuilding C object CMakeFiles/unitree_go__rosidl_typesupport_introspection_c.dir/rosidl_typesupport_introspection_c/unitree_go/msg/detail/req__type_support.c.o[0m
[ 81%] [32mBuilding C object CMakeFiles/unitree_go__rosidl_typesupport_introspection_c.dir/rosidl_typesupport_introspection_c/unitree_go/msg/detail/res__type_support.c.o[0m
[ 81%] [32mBuilding C object CMakeFiles/unitree_go__rosidl_typesupport_introspection_c.dir/rosidl_typesupport_introspection_c/unitree_go/msg/detail/sport_mode_cmd__type_support.c.o[0m
[ 83%] [32mBuilding C object CMakeFiles/unitree_go__rosidl_typesupport_introspection_c.dir/rosidl_typesupport_introspection_c/unitree_go/msg/detail/sport_mode_state__type_support.c.o[0m
[ 83%] [32m[1mLinking CXX shared library libunitree_go__rosidl_typesupport_fastrtps_cpp.so[0m
[ 83%] [32mBuilding C object CMakeFiles/unitree_go__rosidl_typesupport_introspection_c.dir/rosidl_typesupport_introspection_c/unitree_go/msg/detail/uwb_state__type_support.c.o[0m
[ 83%] [32mBuilding C object CMakeFiles/unitree_go__rosidl_typesupport_introspection_c.dir/rosidl_typesupport_introspection_c/unitree_go/msg/detail/time_spec__type_support.c.o[0m
[ 84%] [32mBuilding C object CMakeFiles/unitree_go__rosidl_typesupport_introspection_c.dir/rosidl_typesupport_introspection_c/unitree_go/msg/detail/uwb_switch__type_support.c.o[0m
[ 84%] [32mBuilding C object CMakeFiles/unitree_go__rosidl_typesupport_introspection_c.dir/rosidl_typesupport_introspection_c/unitree_go/msg/detail/voxel_map_compressed__type_support.c.o[0m
[ 85%] [32mBuilding C object CMakeFiles/unitree_go__rosidl_typesupport_introspection_c.dir/rosidl_typesupport_introspection_c/unitree_go/msg/detail/voxel_height_map_state__type_support.c.o[0m
[ 85%] [32mBuilding C object CMakeFiles/unitree_go__rosidl_typesupport_introspection_c.dir/rosidl_typesupport_introspection_c/unitree_go/msg/detail/wireless_controller__type_support.c.o[0m
[ 86%] [32m[1mLinking C shared library libunitree_go__rosidl_typesupport_introspection_c.so[0m
[ 86%] Built target unitree_go__rosidl_typesupport_introspection_c
[ 86%] Built target unitree_go__rosidl_typesupport_fastrtps_cpp
[ 87%] [32m[1mLinking CXX shared library libunitree_go__rosidl_typesupport_fastrtps_c.so[0m
[ 87%] Built target unitree_go__rosidl_typesupport_fastrtps_c
[ 87%] Built target unitree_go
[ 88%] [34m[1mGenerating Python code for ROS interfaces[0m
[ 88%] Built target unitree_go__py
[ 88%] [32mBuilding C object CMakeFiles/unitree_go__rosidl_generator_py.dir/rosidl_generator_py/unitree_go/msg/_bms_state_s.c.o[0m
[ 88%] [32mBuilding C object CMakeFiles/unitree_go__rosidl_generator_py.dir/rosidl_generator_py/unitree_go/msg/_audio_data_s.c.o[0m
[ 89%] [32mBuilding C object CMakeFiles/unitree_go__rosidl_generator_py.dir/rosidl_generator_py/unitree_go/msg/_bms_cmd_s.c.o[0m
[ 90%] [32mBuilding C object CMakeFiles/unitree_go__rosidl_generator_py.dir/rosidl_generator_py/unitree_go/msg/_imu_state_s.c.o[0m
[ 91%] [32mBuilding C object CMakeFiles/unitree_go__rosidl_generator_py.dir/rosidl_generator_py/unitree_go/msg/_lidar_state_s.c.o[0m
[ 91%] [32mBuilding C object CMakeFiles/unitree_go__rosidl_generator_py.dir/rosidl_generator_py/unitree_go/msg/_interface_config_s.c.o[0m
[ 91%] [32mBuilding C object CMakeFiles/unitree_go__rosidl_generator_py.dir/rosidl_generator_py/unitree_go/msg/_low_cmd_s.c.o[0m
[ 92%] [32mBuilding C object CMakeFiles/unitree_go__rosidl_generator_py.dir/rosidl_generator_py/unitree_go/msg/_error_s.c.o[0m
[ 92%] [32mBuilding C object CMakeFiles/unitree_go__rosidl_generator_py.dir/rosidl_generator_py/unitree_go/msg/_go2_front_video_data_s.c.o[0m
[ 93%] [32mBuilding C object CMakeFiles/unitree_go__rosidl_generator_py.dir/rosidl_generator_py/unitree_go/msg/_low_state_s.c.o[0m
[ 93%] [32mBuilding C object CMakeFiles/unitree_go__rosidl_generator_py.dir/rosidl_generator_py/unitree_go/msg/_height_map_s.c.o[0m
[ 93%] [32mBuilding C object CMakeFiles/unitree_go__rosidl_generator_py.dir/rosidl_generator_py/unitree_go/msg/_motor_cmds_s.c.o[0m
[ 93%] [32mBuilding C object CMakeFiles/unitree_go__rosidl_generator_py.dir/rosidl_generator_py/unitree_go/msg/_motor_states_s.c.o[0m
[ 93%] [32mBuilding C object CMakeFiles/unitree_go__rosidl_generator_py.dir/rosidl_generator_py/unitree_go/msg/_req_s.c.o[0m
[ 94%] [32mBuilding C object CMakeFiles/unitree_go__rosidl_generator_py.dir/rosidl_generator_py/unitree_go/msg/_res_s.c.o[0m
[ 94%] [32mBuilding C object CMakeFiles/unitree_go__rosidl_generator_py.dir/rosidl_generator_py/unitree_go/msg/_motor_cmd_s.c.o[0m
[ 94%] [32mBuilding C object CMakeFiles/unitree_go__rosidl_generator_py.dir/rosidl_generator_py/unitree_go/msg/_sport_mode_cmd_s.c.o[0m
[ 95%] [32mBuilding C object CMakeFiles/unitree_go__rosidl_generator_py.dir/rosidl_generator_py/unitree_go/msg/_motor_state_s.c.o[0m
[ 96%] [32mBuilding C object CMakeFiles/unitree_go__rosidl_generator_py.dir/rosidl_generator_py/unitree_go/msg/_time_spec_s.c.o[0m
[ 97%] [32mBuilding C object CMakeFiles/unitree_go__rosidl_generator_py.dir/rosidl_generator_py/unitree_go/msg/_path_point_s.c.o[0m
[ 97%] [32mBuilding C object CMakeFiles/unitree_go__rosidl_generator_py.dir/rosidl_generator_py/unitree_go/msg/_sport_mode_state_s.c.o[0m
[ 97%] [32mBuilding C object CMakeFiles/unitree_go__rosidl_generator_py.dir/rosidl_generator_py/unitree_go/msg/_uwb_state_s.c.o[0m
[ 97%] [32mBuilding C object CMakeFiles/unitree_go__rosidl_generator_py.dir/rosidl_generator_py/unitree_go/msg/_voxel_map_compressed_s.c.o[0m
[ 98%] [32mBuilding C object CMakeFiles/unitree_go__rosidl_generator_py.dir/rosidl_generator_py/unitree_go/msg/_uwb_switch_s.c.o[0m
[ 99%] [32mBuilding C object CMakeFiles/unitree_go__rosidl_generator_py.dir/rosidl_generator_py/unitree_go/msg/_voxel_height_map_state_s.c.o[0m
[ 99%] [32mBuilding C object CMakeFiles/unitree_go__rosidl_generator_py.dir/rosidl_generator_py/unitree_go/msg/_wireless_controller_s.c.o[0m
[100%] [32m[1mLinking C shared library rosidl_generator_py/unitree_go/libunitree_go__rosidl_generator_py.so[0m
[100%] Built target unitree_go__rosidl_generator_py
[100%] [32mBuilding C object CMakeFiles/unitree_go__rosidl_typesupport_fastrtps_c__pyext.dir/rosidl_generator_py/unitree_go/_unitree_go_s.ep.rosidl_typesupport_fastrtps_c.c.o[0m
[100%] [32mBuilding C object CMakeFiles/unitree_go__rosidl_typesupport_c__pyext.dir/rosidl_generator_py/unitree_go/_unitree_go_s.ep.rosidl_typesupport_c.c.o[0m
[100%] [32mBuilding C object CMakeFiles/unitree_go__rosidl_typesupport_introspection_c__pyext.dir/rosidl_generator_py/unitree_go/_unitree_go_s.ep.rosidl_typesupport_introspection_c.c.o[0m
[100%] [32m[1mLinking C shared library rosidl_generator_py/unitree_go/unitree_go_s__rosidl_typesupport_fastrtps_c.cpython-310-x86_64-linux-gnu.so[0m
[100%] [32m[1mLinking C shared library rosidl_generator_py/unitree_go/unitree_go_s__rosidl_typesupport_introspection_c.cpython-310-x86_64-linux-gnu.so[0m
[100%] [32m[1mLinking C shared library rosidl_generator_py/unitree_go/unitree_go_s__rosidl_typesupport_c.cpython-310-x86_64-linux-gnu.so[0m
[100%] Built target unitree_go__rosidl_typesupport_fastrtps_c__pyext
[100%] Built target unitree_go__rosidl_typesupport_introspection_c__pyext
[100%] Built target unitree_go__rosidl_typesupport_c__pyext
-- Install configuration: ""
-- Execute custom install script
-- Symlinking: /home/jnu/go2_ws/install/unitree_go/share/ament_index/resource_index/rosidl_interfaces/unitree_go
-- Symlinking: /home/jnu/go2_ws/install/unitree_go/include/unitree_go/unitree_go/msg/audio_data.h
-- Symlinking: /home/jnu/go2_ws/install/unitree_go/include/unitree_go/unitree_go/msg/bms_cmd.h
-- Symlinking: /home/jnu/go2_ws/install/unitree_go/include/unitree_go/unitree_go/msg/bms_state.h
-- Symlinking: /home/jnu/go2_ws/install/unitree_go/include/unitree_go/unitree_go/msg/detail/audio_data__functions.h
-- Symlinking: /home/jnu/go2_ws/install/unitree_go/include/unitree_go/unitree_go/msg/detail/audio_data__struct.h
-- Symlinking: /home/jnu/go2_ws/install/unitree_go/include/unitree_go/unitree_go/msg/detail/audio_data__type_support.h
-- Symlinking: /home/jnu/go2_ws/install/unitree_go/include/unitree_go/unitree_go/msg/detail/bms_cmd__functions.h
-- Symlinking: /home/jnu/go2_ws/install/unitree_go/include/unitree_go/unitree_go/msg/detail/bms_cmd__struct.h
-- Symlinking: /home/jnu/go2_ws/install/unitree_go/include/unitree_go/unitree_go/msg/detail/bms_cmd__type_support.h
-- Symlinking: /home/jnu/go2_ws/install/unitree_go/include/unitree_go/unitree_go/msg/detail/bms_state__functions.h
-- Symlinking: /home/jnu/go2_ws/install/unitree_go/include/unitree_go/unitree_go/msg/detail/bms_state__struct.h
-- Symlinking: /home/jnu/go2_ws/install/unitree_go/include/unitree_go/unitree_go/msg/detail/bms_state__type_support.h
-- Symlinking: /home/jnu/go2_ws/install/unitree_go/include/unitree_go/unitree_go/msg/detail/error__functions.h
-- Symlinking: /home/jnu/go2_ws/install/unitree_go/include/unitree_go/unitree_go/msg/detail/error__struct.h
-- Symlinking: /home/jnu/go2_ws/install/unitree_go/include/unitree_go/unitree_go/msg/detail/error__type_support.h
-- Symlinking: /home/jnu/go2_ws/install/unitree_go/include/unitree_go/unitree_go/msg/detail/go2_front_video_data__functions.h
-- Symlinking: /home/jnu/go2_ws/install/unitree_go/include/unitree_go/unitree_go/msg/detail/go2_front_video_data__struct.h
-- Symlinking: /home/jnu/go2_ws/install/unitree_go/include/unitree_go/unitree_go/msg/detail/go2_front_video_data__type_support.h
-- Symlinking: /home/jnu/go2_ws/install/unitree_go/include/unitree_go/unitree_go/msg/detail/height_map__functions.h
-- Symlinking: /home/jnu/go2_ws/install/unitree_go/include/unitree_go/unitree_go/msg/detail/height_map__struct.h
-- Symlinking: /home/jnu/go2_ws/install/unitree_go/include/unitree_go/unitree_go/msg/detail/height_map__type_support.h
-- Symlinking: /home/jnu/go2_ws/install/unitree_go/include/unitree_go/unitree_go/msg/detail/imu_state__functions.h
-- Symlinking: /home/jnu/go2_ws/install/unitree_go/include/unitree_go/unitree_go/msg/detail/imu_state__struct.h
-- Symlinking: /home/jnu/go2_ws/install/unitree_go/include/unitree_go/unitree_go/msg/detail/imu_state__type_support.h
-- Symlinking: /home/jnu/go2_ws/install/unitree_go/include/unitree_go/unitree_go/msg/detail/interface_config__functions.h
-- Symlinking: /home/jnu/go2_ws/install/unitree_go/include/unitree_go/unitree_go/msg/detail/interface_config__struct.h
-- Symlinking: /home/jnu/go2_ws/install/unitree_go/include/unitree_go/unitree_go/msg/detail/interface_config__type_support.h
-- Symlinking: /home/jnu/go2_ws/install/unitree_go/include/unitree_go/unitree_go/msg/detail/lidar_state__functions.h
-- Symlinking: /home/jnu/go2_ws/install/unitree_go/include/unitree_go/unitree_go/msg/detail/lidar_state__struct.h
-- Symlinking: /home/jnu/go2_ws/install/unitree_go/include/unitree_go/unitree_go/msg/detail/lidar_state__type_support.h
-- Symlinking: /home/jnu/go2_ws/install/unitree_go/include/unitree_go/unitree_go/msg/detail/low_cmd__functions.h
-- Symlinking: /home/jnu/go2_ws/install/unitree_go/include/unitree_go/unitree_go/msg/detail/low_cmd__struct.h
-- Symlinking: /home/jnu/go2_ws/install/unitree_go/include/unitree_go/unitree_go/msg/detail/low_cmd__type_support.h
-- Symlinking: /home/jnu/go2_ws/install/unitree_go/include/unitree_go/unitree_go/msg/detail/low_state__functions.h
-- Symlinking: /home/jnu/go2_ws/install/unitree_go/include/unitree_go/unitree_go/msg/detail/low_state__struct.h
-- Symlinking: /home/jnu/go2_ws/install/unitree_go/include/unitree_go/unitree_go/msg/detail/low_state__type_support.h
-- Symlinking: /home/jnu/go2_ws/install/unitree_go/include/unitree_go/unitree_go/msg/detail/motor_cmd__functions.h
-- Symlinking: /home/jnu/go2_ws/install/unitree_go/include/unitree_go/unitree_go/msg/detail/motor_cmd__struct.h
-- Symlinking: /home/jnu/go2_ws/install/unitree_go/include/unitree_go/unitree_go/msg/detail/motor_cmd__type_support.h
-- Symlinking: /home/jnu/go2_ws/install/unitree_go/include/unitree_go/unitree_go/msg/detail/motor_cmds__functions.h
-- Symlinking: /home/jnu/go2_ws/install/unitree_go/include/unitree_go/unitree_go/msg/detail/motor_cmds__struct.h
-- Symlinking: /home/jnu/go2_ws/install/unitree_go/include/unitree_go/unitree_go/msg/detail/motor_cmds__type_support.h
-- Symlinking: /home/jnu/go2_ws/install/unitree_go/include/unitree_go/unitree_go/msg/detail/motor_state__functions.h
-- Symlinking: /home/jnu/go2_ws/install/unitree_go/include/unitree_go/unitree_go/msg/detail/motor_state__struct.h
-- Symlinking: /home/jnu/go2_ws/install/unitree_go/include/unitree_go/unitree_go/msg/detail/motor_state__type_support.h
-- Symlinking: /home/jnu/go2_ws/install/unitree_go/include/unitree_go/unitree_go/msg/detail/motor_states__functions.h
-- Symlinking: /home/jnu/go2_ws/install/unitree_go/include/unitree_go/unitree_go/msg/detail/motor_states__struct.h
-- Symlinking: /home/jnu/go2_ws/install/unitree_go/include/unitree_go/unitree_go/msg/detail/motor_states__type_support.h
-- Symlinking: /home/jnu/go2_ws/install/unitree_go/include/unitree_go/unitree_go/msg/detail/path_point__functions.h
-- Symlinking: /home/jnu/go2_ws/install/unitree_go/include/unitree_go/unitree_go/msg/detail/path_point__struct.h
-- Symlinking: /home/jnu/go2_ws/install/unitree_go/include/unitree_go/unitree_go/msg/detail/path_point__type_support.h
-- Symlinking: /home/jnu/go2_ws/install/unitree_go/include/unitree_go/unitree_go/msg/detail/req__functions.h
-- Symlinking: /home/jnu/go2_ws/install/unitree_go/include/unitree_go/unitree_go/msg/detail/req__struct.h
-- Symlinking: /home/jnu/go2_ws/install/unitree_go/include/unitree_go/unitree_go/msg/detail/req__type_support.h
-- Symlinking: /home/jnu/go2_ws/install/unitree_go/include/unitree_go/unitree_go/msg/detail/res__functions.h
-- Symlinking: /home/jnu/go2_ws/install/unitree_go/include/unitree_go/unitree_go/msg/detail/res__struct.h
-- Symlinking: /home/jnu/go2_ws/install/unitree_go/include/unitree_go/unitree_go/msg/detail/res__type_support.h
-- Symlinking: /home/jnu/go2_ws/install/unitree_go/include/unitree_go/unitree_go/msg/detail/sport_mode_cmd__functions.h
-- Symlinking: /home/jnu/go2_ws/install/unitree_go/include/unitree_go/unitree_go/msg/detail/sport_mode_cmd__struct.h
-- Symlinking: /home/jnu/go2_ws/install/unitree_go/include/unitree_go/unitree_go/msg/detail/sport_mode_cmd__type_support.h
-- Symlinking: /home/jnu/go2_ws/install/unitree_go/include/unitree_go/unitree_go/msg/detail/sport_mode_state__functions.h
-- Symlinking: /home/jnu/go2_ws/install/unitree_go/include/unitree_go/unitree_go/msg/detail/sport_mode_state__struct.h
-- Symlinking: /home/jnu/go2_ws/install/unitree_go/include/unitree_go/unitree_go/msg/detail/sport_mode_state__type_support.h
-- Symlinking: /home/jnu/go2_ws/install/unitree_go/include/unitree_go/unitree_go/msg/detail/time_spec__functions.h
-- Symlinking: /home/jnu/go2_ws/install/unitree_go/include/unitree_go/unitree_go/msg/detail/time_spec__struct.h
-- Symlinking: /home/jnu/go2_ws/install/unitree_go/include/unitree_go/unitree_go/msg/detail/time_spec__type_support.h
-- Symlinking: /home/jnu/go2_ws/install/unitree_go/include/unitree_go/unitree_go/msg/detail/uwb_state__functions.h
-- Symlinking: /home/jnu/go2_ws/install/unitree_go/include/unitree_go/unitree_go/msg/detail/uwb_state__struct.h
-- Symlinking: /home/jnu/go2_ws/install/unitree_go/include/unitree_go/unitree_go/msg/detail/uwb_state__type_support.h
-- Symlinking: /home/jnu/go2_ws/install/unitree_go/include/unitree_go/unitree_go/msg/detail/uwb_switch__functions.h
-- Symlinking: /home/jnu/go2_ws/install/unitree_go/include/unitree_go/unitree_go/msg/detail/uwb_switch__struct.h
-- Symlinking: /home/jnu/go2_ws/install/unitree_go/include/unitree_go/unitree_go/msg/detail/uwb_switch__type_support.h
-- Symlinking: /home/jnu/go2_ws/install/unitree_go/include/unitree_go/unitree_go/msg/detail/voxel_height_map_state__functions.h
-- Symlinking: /home/jnu/go2_ws/install/unitree_go/include/unitree_go/unitree_go/msg/detail/voxel_height_map_state__struct.h
-- Symlinking: /home/jnu/go2_ws/install/unitree_go/include/unitree_go/unitree_go/msg/detail/voxel_height_map_state__type_support.h
-- Symlinking: /home/jnu/go2_ws/install/unitree_go/include/unitree_go/unitree_go/msg/detail/voxel_map_compressed__functions.h
-- Symlinking: /home/jnu/go2_ws/install/unitree_go/include/unitree_go/unitree_go/msg/detail/voxel_map_compressed__struct.h
-- Symlinking: /home/jnu/go2_ws/install/unitree_go/include/unitree_go/unitree_go/msg/detail/voxel_map_compressed__type_support.h
-- Symlinking: /home/jnu/go2_ws/install/unitree_go/include/unitree_go/unitree_go/msg/detail/wireless_controller__functions.h
-- Symlinking: /home/jnu/go2_ws/install/unitree_go/include/unitree_go/unitree_go/msg/detail/wireless_controller__struct.h
-- Symlinking: /home/jnu/go2_ws/install/unitree_go/include/unitree_go/unitree_go/msg/detail/wireless_controller__type_support.h
-- Symlinking: /home/jnu/go2_ws/install/unitree_go/include/unitree_go/unitree_go/msg/error.h
-- Symlinking: /home/jnu/go2_ws/install/unitree_go/include/unitree_go/unitree_go/msg/go2_front_video_data.h
-- Symlinking: /home/jnu/go2_ws/install/unitree_go/include/unitree_go/unitree_go/msg/height_map.h
-- Symlinking: /home/jnu/go2_ws/install/unitree_go/include/unitree_go/unitree_go/msg/imu_state.h
-- Symlinking: /home/jnu/go2_ws/install/unitree_go/include/unitree_go/unitree_go/msg/interface_config.h
-- Symlinking: /home/jnu/go2_ws/install/unitree_go/include/unitree_go/unitree_go/msg/lidar_state.h
-- Symlinking: /home/jnu/go2_ws/install/unitree_go/include/unitree_go/unitree_go/msg/low_cmd.h
-- Symlinking: /home/jnu/go2_ws/install/unitree_go/include/unitree_go/unitree_go/msg/low_state.h
-- Symlinking: /home/jnu/go2_ws/install/unitree_go/include/unitree_go/unitree_go/msg/motor_cmd.h
-- Symlinking: /home/jnu/go2_ws/install/unitree_go/include/unitree_go/unitree_go/msg/motor_cmds.h
-- Symlinking: /home/jnu/go2_ws/install/unitree_go/include/unitree_go/unitree_go/msg/motor_state.h
-- Symlinking: /home/jnu/go2_ws/install/unitree_go/include/unitree_go/unitree_go/msg/motor_states.h
-- Symlinking: /home/jnu/go2_ws/install/unitree_go/include/unitree_go/unitree_go/msg/path_point.h
-- Symlinking: /home/jnu/go2_ws/install/unitree_go/include/unitree_go/unitree_go/msg/req.h
-- Symlinking: /home/jnu/go2_ws/install/unitree_go/include/unitree_go/unitree_go/msg/res.h
-- Symlinking: /home/jnu/go2_ws/install/unitree_go/include/unitree_go/unitree_go/msg/rosidl_generator_c__visibility_control.h
-- Symlinking: /home/jnu/go2_ws/install/unitree_go/include/unitree_go/unitree_go/msg/sport_mode_cmd.h
-- Symlinking: /home/jnu/go2_ws/install/unitree_go/include/unitree_go/unitree_go/msg/sport_mode_state.h
-- Symlinking: /home/jnu/go2_ws/install/unitree_go/include/unitree_go/unitree_go/msg/time_spec.h
-- Symlinking: /home/jnu/go2_ws/install/unitree_go/include/unitree_go/unitree_go/msg/uwb_state.h
-- Symlinking: /home/jnu/go2_ws/install/unitree_go/include/unitree_go/unitree_go/msg/uwb_switch.h
-- Symlinking: /home/jnu/go2_ws/install/unitree_go/include/unitree_go/unitree_go/msg/voxel_height_map_state.h
-- Symlinking: /home/jnu/go2_ws/install/unitree_go/include/unitree_go/unitree_go/msg/voxel_map_compressed.h
-- Symlinking: /home/jnu/go2_ws/install/unitree_go/include/unitree_go/unitree_go/msg/wireless_controller.h
-- Symlinking: /home/jnu/go2_ws/install/unitree_go/share/unitree_go/environment/library_path.sh
-- Symlinking: /home/jnu/go2_ws/install/unitree_go/share/unitree_go/environment/library_path.dsv
-- Symlinking: /home/jnu/go2_ws/install/unitree_go/include/unitree_go/unitree_go/msg/detail/audio_data__rosidl_typesupport_fastrtps_c.h
-- Symlinking: /home/jnu/go2_ws/install/unitree_go/include/unitree_go/unitree_go/msg/detail/bms_cmd__rosidl_typesupport_fastrtps_c.h
-- Symlinking: /home/jnu/go2_ws/install/unitree_go/include/unitree_go/unitree_go/msg/detail/bms_state__rosidl_typesupport_fastrtps_c.h
-- Symlinking: /home/jnu/go2_ws/install/unitree_go/include/unitree_go/unitree_go/msg/detail/error__rosidl_typesupport_fastrtps_c.h
-- Symlinking: /home/jnu/go2_ws/install/unitree_go/include/unitree_go/unitree_go/msg/detail/go2_front_video_data__rosidl_typesupport_fastrtps_c.h
-- Symlinking: /home/jnu/go2_ws/install/unitree_go/include/unitree_go/unitree_go/msg/detail/height_map__rosidl_typesupport_fastrtps_c.h
-- Symlinking: /home/jnu/go2_ws/install/unitree_go/include/unitree_go/unitree_go/msg/detail/imu_state__rosidl_typesupport_fastrtps_c.h
-- Symlinking: /home/jnu/go2_ws/install/unitree_go/include/unitree_go/unitree_go/msg/detail/interface_config__rosidl_typesupport_fastrtps_c.h
-- Symlinking: /home/jnu/go2_ws/install/unitree_go/include/unitree_go/unitree_go/msg/detail/lidar_state__rosidl_typesupport_fastrtps_c.h
-- Symlinking: /home/jnu/go2_ws/install/unitree_go/include/unitree_go/unitree_go/msg/detail/low_cmd__rosidl_typesupport_fastrtps_c.h
-- Symlinking: /home/jnu/go2_ws/install/unitree_go/include/unitree_go/unitree_go/msg/detail/low_state__rosidl_typesupport_fastrtps_c.h
-- Symlinking: /home/jnu/go2_ws/install/unitree_go/include/unitree_go/unitree_go/msg/detail/motor_cmd__rosidl_typesupport_fastrtps_c.h
-- Symlinking: /home/jnu/go2_ws/install/unitree_go/include/unitree_go/unitree_go/msg/detail/motor_cmds__rosidl_typesupport_fastrtps_c.h
-- Symlinking: /home/jnu/go2_ws/install/unitree_go/include/unitree_go/unitree_go/msg/detail/motor_state__rosidl_typesupport_fastrtps_c.h
-- Symlinking: /home/jnu/go2_ws/install/unitree_go/include/unitree_go/unitree_go/msg/detail/motor_states__rosidl_typesupport_fastrtps_c.h
-- Symlinking: /home/jnu/go2_ws/install/unitree_go/include/unitree_go/unitree_go/msg/detail/path_point__rosidl_typesupport_fastrtps_c.h
-- Symlinking: /home/jnu/go2_ws/install/unitree_go/include/unitree_go/unitree_go/msg/detail/req__rosidl_typesupport_fastrtps_c.h
-- Symlinking: /home/jnu/go2_ws/install/unitree_go/include/unitree_go/unitree_go/msg/detail/res__rosidl_typesupport_fastrtps_c.h
-- Symlinking: /home/jnu/go2_ws/install/unitree_go/include/unitree_go/unitree_go/msg/detail/sport_mode_cmd__rosidl_typesupport_fastrtps_c.h
-- Symlinking: /home/jnu/go2_ws/install/unitree_go/include/unitree_go/unitree_go/msg/detail/sport_mode_state__rosidl_typesupport_fastrtps_c.h
-- Symlinking: /home/jnu/go2_ws/install/unitree_go/include/unitree_go/unitree_go/msg/detail/time_spec__rosidl_typesupport_fastrtps_c.h
-- Symlinking: /home/jnu/go2_ws/install/unitree_go/include/unitree_go/unitree_go/msg/detail/uwb_state__rosidl_typesupport_fastrtps_c.h
-- Symlinking: /home/jnu/go2_ws/install/unitree_go/include/unitree_go/unitree_go/msg/detail/uwb_switch__rosidl_typesupport_fastrtps_c.h
-- Symlinking: /home/jnu/go2_ws/install/unitree_go/include/unitree_go/unitree_go/msg/detail/voxel_height_map_state__rosidl_typesupport_fastrtps_c.h
-- Symlinking: /home/jnu/go2_ws/install/unitree_go/include/unitree_go/unitree_go/msg/detail/voxel_map_compressed__rosidl_typesupport_fastrtps_c.h
-- Symlinking: /home/jnu/go2_ws/install/unitree_go/include/unitree_go/unitree_go/msg/detail/wireless_controller__rosidl_typesupport_fastrtps_c.h
-- Symlinking: /home/jnu/go2_ws/install/unitree_go/include/unitree_go/unitree_go/msg/rosidl_typesupport_fastrtps_c__visibility_control.h
-- Symlinking: /home/jnu/go2_ws/install/unitree_go/include/unitree_go/unitree_go/msg/detail/audio_data__rosidl_typesupport_introspection_c.h
-- Symlinking: /home/jnu/go2_ws/install/unitree_go/include/unitree_go/unitree_go/msg/detail/bms_cmd__rosidl_typesupport_introspection_c.h
-- Symlinking: /home/jnu/go2_ws/install/unitree_go/include/unitree_go/unitree_go/msg/detail/bms_state__rosidl_typesupport_introspection_c.h
-- Symlinking: /home/jnu/go2_ws/install/unitree_go/include/unitree_go/unitree_go/msg/detail/error__rosidl_typesupport_introspection_c.h
-- Symlinking: /home/jnu/go2_ws/install/unitree_go/include/unitree_go/unitree_go/msg/detail/go2_front_video_data__rosidl_typesupport_introspection_c.h
-- Symlinking: /home/jnu/go2_ws/install/unitree_go/include/unitree_go/unitree_go/msg/detail/height_map__rosidl_typesupport_introspection_c.h
-- Symlinking: /home/jnu/go2_ws/install/unitree_go/include/unitree_go/unitree_go/msg/detail/imu_state__rosidl_typesupport_introspection_c.h
-- Symlinking: /home/jnu/go2_ws/install/unitree_go/include/unitree_go/unitree_go/msg/detail/interface_config__rosidl_typesupport_introspection_c.h
-- Symlinking: /home/jnu/go2_ws/install/unitree_go/include/unitree_go/unitree_go/msg/detail/lidar_state__rosidl_typesupport_introspection_c.h
-- Symlinking: /home/jnu/go2_ws/install/unitree_go/include/unitree_go/unitree_go/msg/detail/low_cmd__rosidl_typesupport_introspection_c.h
-- Symlinking: /home/jnu/go2_ws/install/unitree_go/include/unitree_go/unitree_go/msg/detail/low_state__rosidl_typesupport_introspection_c.h
-- Symlinking: /home/jnu/go2_ws/install/unitree_go/include/unitree_go/unitree_go/msg/detail/motor_cmd__rosidl_typesupport_introspection_c.h
-- Symlinking: /home/jnu/go2_ws/install/unitree_go/include/unitree_go/unitree_go/msg/detail/motor_cmds__rosidl_typesupport_introspection_c.h
-- Symlinking: /home/jnu/go2_ws/install/unitree_go/include/unitree_go/unitree_go/msg/detail/motor_state__rosidl_typesupport_introspection_c.h
-- Symlinking: /home/jnu/go2_ws/install/unitree_go/include/unitree_go/unitree_go/msg/detail/motor_states__rosidl_typesupport_introspection_c.h
-- Symlinking: /home/jnu/go2_ws/install/unitree_go/include/unitree_go/unitree_go/msg/detail/path_point__rosidl_typesupport_introspection_c.h
-- Symlinking: /home/jnu/go2_ws/install/unitree_go/include/unitree_go/unitree_go/msg/detail/req__rosidl_typesupport_introspection_c.h
-- Symlinking: /home/jnu/go2_ws/install/unitree_go/include/unitree_go/unitree_go/msg/detail/res__rosidl_typesupport_introspection_c.h
-- Symlinking: /home/jnu/go2_ws/install/unitree_go/include/unitree_go/unitree_go/msg/detail/sport_mode_cmd__rosidl_typesupport_introspection_c.h
-- Symlinking: /home/jnu/go2_ws/install/unitree_go/include/unitree_go/unitree_go/msg/detail/sport_mode_state__rosidl_typesupport_introspection_c.h
-- Symlinking: /home/jnu/go2_ws/install/unitree_go/include/unitree_go/unitree_go/msg/detail/time_spec__rosidl_typesupport_introspection_c.h
-- Symlinking: /home/jnu/go2_ws/install/unitree_go/include/unitree_go/unitree_go/msg/detail/uwb_state__rosidl_typesupport_introspection_c.h
-- Symlinking: /home/jnu/go2_ws/install/unitree_go/include/unitree_go/unitree_go/msg/detail/uwb_switch__rosidl_typesupport_introspection_c.h
-- Symlinking: /home/jnu/go2_ws/install/unitree_go/include/unitree_go/unitree_go/msg/detail/voxel_height_map_state__rosidl_typesupport_introspection_c.h
-- Symlinking: /home/jnu/go2_ws/install/unitree_go/include/unitree_go/unitree_go/msg/detail/voxel_map_compressed__rosidl_typesupport_introspection_c.h
-- Symlinking: /home/jnu/go2_ws/install/unitree_go/include/unitree_go/unitree_go/msg/detail/wireless_controller__rosidl_typesupport_introspection_c.h
-- Symlinking: /home/jnu/go2_ws/install/unitree_go/include/unitree_go/unitree_go/msg/rosidl_typesupport_introspection_c__visibility_control.h
-- Symlinking: /home/jnu/go2_ws/install/unitree_go/include/unitree_go/unitree_go/msg/audio_data.hpp
-- Symlinking: /home/jnu/go2_ws/install/unitree_go/include/unitree_go/unitree_go/msg/bms_cmd.hpp
-- Symlinking: /home/jnu/go2_ws/install/unitree_go/include/unitree_go/unitree_go/msg/bms_state.hpp
-- Symlinking: /home/jnu/go2_ws/install/unitree_go/include/unitree_go/unitree_go/msg/detail/audio_data__builder.hpp
-- Symlinking: /home/jnu/go2_ws/install/unitree_go/include/unitree_go/unitree_go/msg/detail/audio_data__struct.hpp
-- Symlinking: /home/jnu/go2_ws/install/unitree_go/include/unitree_go/unitree_go/msg/detail/audio_data__traits.hpp
-- Symlinking: /home/jnu/go2_ws/install/unitree_go/include/unitree_go/unitree_go/msg/detail/audio_data__type_support.hpp
-- Symlinking: /home/jnu/go2_ws/install/unitree_go/include/unitree_go/unitree_go/msg/detail/bms_cmd__builder.hpp
-- Symlinking: /home/jnu/go2_ws/install/unitree_go/include/unitree_go/unitree_go/msg/detail/bms_cmd__struct.hpp
-- Symlinking: /home/jnu/go2_ws/install/unitree_go/include/unitree_go/unitree_go/msg/detail/bms_cmd__traits.hpp
-- Symlinking: /home/jnu/go2_ws/install/unitree_go/include/unitree_go/unitree_go/msg/detail/bms_cmd__type_support.hpp
-- Symlinking: /home/jnu/go2_ws/install/unitree_go/include/unitree_go/unitree_go/msg/detail/bms_state__builder.hpp
-- Symlinking: /home/jnu/go2_ws/install/unitree_go/include/unitree_go/unitree_go/msg/detail/bms_state__struct.hpp
-- Symlinking: /home/jnu/go2_ws/install/unitree_go/include/unitree_go/unitree_go/msg/detail/bms_state__traits.hpp
-- Symlinking: /home/jnu/go2_ws/install/unitree_go/include/unitree_go/unitree_go/msg/detail/bms_state__type_support.hpp
-- Symlinking: /home/jnu/go2_ws/install/unitree_go/include/unitree_go/unitree_go/msg/detail/error__builder.hpp
-- Symlinking: /home/jnu/go2_ws/install/unitree_go/include/unitree_go/unitree_go/msg/detail/error__struct.hpp
-- Symlinking: /home/jnu/go2_ws/install/unitree_go/include/unitree_go/unitree_go/msg/detail/error__traits.hpp
-- Symlinking: /home/jnu/go2_ws/install/unitree_go/include/unitree_go/unitree_go/msg/detail/error__type_support.hpp
-- Symlinking: /home/jnu/go2_ws/install/unitree_go/include/unitree_go/unitree_go/msg/detail/go2_front_video_data__builder.hpp
-- Symlinking: /home/jnu/go2_ws/install/unitree_go/include/unitree_go/unitree_go/msg/detail/go2_front_video_data__struct.hpp
-- Symlinking: /home/jnu/go2_ws/install/unitree_go/include/unitree_go/unitree_go/msg/detail/go2_front_video_data__traits.hpp
-- Symlinking: /home/jnu/go2_ws/install/unitree_go/include/unitree_go/unitree_go/msg/detail/go2_front_video_data__type_support.hpp
-- Symlinking: /home/jnu/go2_ws/install/unitree_go/include/unitree_go/unitree_go/msg/detail/height_map__builder.hpp
-- Symlinking: /home/jnu/go2_ws/install/unitree_go/include/unitree_go/unitree_go/msg/detail/height_map__struct.hpp
-- Symlinking: /home/jnu/go2_ws/install/unitree_go/include/unitree_go/unitree_go/msg/detail/height_map__traits.hpp
-- Symlinking: /home/jnu/go2_ws/install/unitree_go/include/unitree_go/unitree_go/msg/detail/height_map__type_support.hpp
-- Symlinking: /home/jnu/go2_ws/install/unitree_go/include/unitree_go/unitree_go/msg/detail/imu_state__builder.hpp
-- Symlinking: /home/jnu/go2_ws/install/unitree_go/include/unitree_go/unitree_go/msg/detail/imu_state__struct.hpp
-- Symlinking: /home/jnu/go2_ws/install/unitree_go/include/unitree_go/unitree_go/msg/detail/imu_state__traits.hpp
-- Symlinking: /home/jnu/go2_ws/install/unitree_go/include/unitree_go/unitree_go/msg/detail/imu_state__type_support.hpp
-- Symlinking: /home/jnu/go2_ws/install/unitree_go/include/unitree_go/unitree_go/msg/detail/interface_config__builder.hpp
-- Symlinking: /home/jnu/go2_ws/install/unitree_go/include/unitree_go/unitree_go/msg/detail/interface_config__struct.hpp
-- Symlinking: /home/jnu/go2_ws/install/unitree_go/include/unitree_go/unitree_go/msg/detail/interface_config__traits.hpp
-- Symlinking: /home/jnu/go2_ws/install/unitree_go/include/unitree_go/unitree_go/msg/detail/interface_config__type_support.hpp
-- Symlinking: /home/jnu/go2_ws/install/unitree_go/include/unitree_go/unitree_go/msg/detail/lidar_state__builder.hpp
-- Symlinking: /home/jnu/go2_ws/install/unitree_go/include/unitree_go/unitree_go/msg/detail/lidar_state__struct.hpp
-- Symlinking: /home/jnu/go2_ws/install/unitree_go/include/unitree_go/unitree_go/msg/detail/lidar_state__traits.hpp
-- Symlinking: /home/jnu/go2_ws/install/unitree_go/include/unitree_go/unitree_go/msg/detail/lidar_state__type_support.hpp
-- Symlinking: /home/jnu/go2_ws/install/unitree_go/include/unitree_go/unitree_go/msg/detail/low_cmd__builder.hpp
-- Symlinking: /home/jnu/go2_ws/install/unitree_go/include/unitree_go/unitree_go/msg/detail/low_cmd__struct.hpp
-- Symlinking: /home/jnu/go2_ws/install/unitree_go/include/unitree_go/unitree_go/msg/detail/low_cmd__traits.hpp
-- Symlinking: /home/jnu/go2_ws/install/unitree_go/include/unitree_go/unitree_go/msg/detail/low_cmd__type_support.hpp
-- Symlinking: /home/jnu/go2_ws/install/unitree_go/include/unitree_go/unitree_go/msg/detail/low_state__builder.hpp
-- Symlinking: /home/jnu/go2_ws/install/unitree_go/include/unitree_go/unitree_go/msg/detail/low_state__struct.hpp
-- Symlinking: /home/jnu/go2_ws/install/unitree_go/include/unitree_go/unitree_go/msg/detail/low_state__traits.hpp
-- Symlinking: /home/jnu/go2_ws/install/unitree_go/include/unitree_go/unitree_go/msg/detail/low_state__type_support.hpp
-- Symlinking: /home/jnu/go2_ws/install/unitree_go/include/unitree_go/unitree_go/msg/detail/motor_cmd__builder.hpp
-- Symlinking: /home/jnu/go2_ws/install/unitree_go/include/unitree_go/unitree_go/msg/detail/motor_cmd__struct.hpp
-- Symlinking: /home/jnu/go2_ws/install/unitree_go/include/unitree_go/unitree_go/msg/detail/motor_cmd__traits.hpp
-- Symlinking: /home/jnu/go2_ws/install/unitree_go/include/unitree_go/unitree_go/msg/detail/motor_cmd__type_support.hpp
-- Symlinking: /home/jnu/go2_ws/install/unitree_go/include/unitree_go/unitree_go/msg/detail/motor_cmds__builder.hpp
-- Symlinking: /home/jnu/go2_ws/install/unitree_go/include/unitree_go/unitree_go/msg/detail/motor_cmds__struct.hpp
-- Symlinking: /home/jnu/go2_ws/install/unitree_go/include/unitree_go/unitree_go/msg/detail/motor_cmds__traits.hpp
-- Symlinking: /home/jnu/go2_ws/install/unitree_go/include/unitree_go/unitree_go/msg/detail/motor_cmds__type_support.hpp
-- Symlinking: /home/jnu/go2_ws/install/unitree_go/include/unitree_go/unitree_go/msg/detail/motor_state__builder.hpp
-- Symlinking: /home/jnu/go2_ws/install/unitree_go/include/unitree_go/unitree_go/msg/detail/motor_state__struct.hpp
-- Symlinking: /home/jnu/go2_ws/install/unitree_go/include/unitree_go/unitree_go/msg/detail/motor_state__traits.hpp
-- Symlinking: /home/jnu/go2_ws/install/unitree_go/include/unitree_go/unitree_go/msg/detail/motor_state__type_support.hpp
-- Symlinking: /home/jnu/go2_ws/install/unitree_go/include/unitree_go/unitree_go/msg/detail/motor_states__builder.hpp
-- Symlinking: /home/jnu/go2_ws/install/unitree_go/include/unitree_go/unitree_go/msg/detail/motor_states__struct.hpp
-- Symlinking: /home/jnu/go2_ws/install/unitree_go/include/unitree_go/unitree_go/msg/detail/motor_states__traits.hpp
-- Symlinking: /home/jnu/go2_ws/install/unitree_go/include/unitree_go/unitree_go/msg/detail/motor_states__type_support.hpp
-- Symlinking: /home/jnu/go2_ws/install/unitree_go/include/unitree_go/unitree_go/msg/detail/path_point__builder.hpp
-- Symlinking: /home/jnu/go2_ws/install/unitree_go/include/unitree_go/unitree_go/msg/detail/path_point__struct.hpp
-- Symlinking: /home/jnu/go2_ws/install/unitree_go/include/unitree_go/unitree_go/msg/detail/path_point__traits.hpp
-- Symlinking: /home/jnu/go2_ws/install/unitree_go/include/unitree_go/unitree_go/msg/detail/path_point__type_support.hpp
-- Symlinking: /home/jnu/go2_ws/install/unitree_go/include/unitree_go/unitree_go/msg/detail/req__builder.hpp
-- Symlinking: /home/jnu/go2_ws/install/unitree_go/include/unitree_go/unitree_go/msg/detail/req__struct.hpp
-- Symlinking: /home/jnu/go2_ws/install/unitree_go/include/unitree_go/unitree_go/msg/detail/req__traits.hpp
-- Symlinking: /home/jnu/go2_ws/install/unitree_go/include/unitree_go/unitree_go/msg/detail/req__type_support.hpp
-- Symlinking: /home/jnu/go2_ws/install/unitree_go/include/unitree_go/unitree_go/msg/detail/res__builder.hpp
-- Symlinking: /home/jnu/go2_ws/install/unitree_go/include/unitree_go/unitree_go/msg/detail/res__struct.hpp
-- Symlinking: /home/jnu/go2_ws/install/unitree_go/include/unitree_go/unitree_go/msg/detail/res__traits.hpp
-- Symlinking: /home/jnu/go2_ws/install/unitree_go/include/unitree_go/unitree_go/msg/detail/res__type_support.hpp
-- Symlinking: /home/jnu/go2_ws/install/unitree_go/include/unitree_go/unitree_go/msg/detail/sport_mode_cmd__builder.hpp
-- Symlinking: /home/jnu/go2_ws/install/unitree_go/include/unitree_go/unitree_go/msg/detail/sport_mode_cmd__struct.hpp
-- Symlinking: /home/jnu/go2_ws/install/unitree_go/include/unitree_go/unitree_go/msg/detail/sport_mode_cmd__traits.hpp
-- Symlinking: /home/jnu/go2_ws/install/unitree_go/include/unitree_go/unitree_go/msg/detail/sport_mode_cmd__type_support.hpp
-- Symlinking: /home/jnu/go2_ws/install/unitree_go/include/unitree_go/unitree_go/msg/detail/sport_mode_state__builder.hpp
-- Symlinking: /home/jnu/go2_ws/install/unitree_go/include/unitree_go/unitree_go/msg/detail/sport_mode_state__struct.hpp
-- Symlinking: /home/jnu/go2_ws/install/unitree_go/include/unitree_go/unitree_go/msg/detail/sport_mode_state__traits.hpp
-- Symlinking: /home/jnu/go2_ws/install/unitree_go/include/unitree_go/unitree_go/msg/detail/sport_mode_state__type_support.hpp
-- Symlinking: /home/jnu/go2_ws/install/unitree_go/include/unitree_go/unitree_go/msg/detail/time_spec__builder.hpp
-- Symlinking: /home/jnu/go2_ws/install/unitree_go/include/unitree_go/unitree_go/msg/detail/time_spec__struct.hpp
-- Symlinking: /home/jnu/go2_ws/install/unitree_go/include/unitree_go/unitree_go/msg/detail/time_spec__traits.hpp
-- Symlinking: /home/jnu/go2_ws/install/unitree_go/include/unitree_go/unitree_go/msg/detail/time_spec__type_support.hpp
-- Symlinking: /home/jnu/go2_ws/install/unitree_go/include/unitree_go/unitree_go/msg/detail/uwb_state__builder.hpp
-- Symlinking: /home/jnu/go2_ws/install/unitree_go/include/unitree_go/unitree_go/msg/detail/uwb_state__struct.hpp
-- Symlinking: /home/jnu/go2_ws/install/unitree_go/include/unitree_go/unitree_go/msg/detail/uwb_state__traits.hpp
-- Symlinking: /home/jnu/go2_ws/install/unitree_go/include/unitree_go/unitree_go/msg/detail/uwb_state__type_support.hpp
-- Symlinking: /home/jnu/go2_ws/install/unitree_go/include/unitree_go/unitree_go/msg/detail/uwb_switch__builder.hpp
-- Symlinking: /home/jnu/go2_ws/install/unitree_go/include/unitree_go/unitree_go/msg/detail/uwb_switch__struct.hpp
-- Symlinking: /home/jnu/go2_ws/install/unitree_go/include/unitree_go/unitree_go/msg/detail/uwb_switch__traits.hpp
-- Symlinking: /home/jnu/go2_ws/install/unitree_go/include/unitree_go/unitree_go/msg/detail/uwb_switch__type_support.hpp
-- Symlinking: /home/jnu/go2_ws/install/unitree_go/include/unitree_go/unitree_go/msg/detail/voxel_height_map_state__builder.hpp
-- Symlinking: /home/jnu/go2_ws/install/unitree_go/include/unitree_go/unitree_go/msg/detail/voxel_height_map_state__struct.hpp
-- Symlinking: /home/jnu/go2_ws/install/unitree_go/include/unitree_go/unitree_go/msg/detail/voxel_height_map_state__traits.hpp
-- Symlinking: /home/jnu/go2_ws/install/unitree_go/include/unitree_go/unitree_go/msg/detail/voxel_height_map_state__type_support.hpp
-- Symlinking: /home/jnu/go2_ws/install/unitree_go/include/unitree_go/unitree_go/msg/detail/voxel_map_compressed__builder.hpp
-- Symlinking: /home/jnu/go2_ws/install/unitree_go/include/unitree_go/unitree_go/msg/detail/voxel_map_compressed__struct.hpp
-- Symlinking: /home/jnu/go2_ws/install/unitree_go/include/unitree_go/unitree_go/msg/detail/voxel_map_compressed__traits.hpp
-- Symlinking: /home/jnu/go2_ws/install/unitree_go/include/unitree_go/unitree_go/msg/detail/voxel_map_compressed__type_support.hpp
-- Symlinking: /home/jnu/go2_ws/install/unitree_go/include/unitree_go/unitree_go/msg/detail/wireless_controller__builder.hpp
-- Symlinking: /home/jnu/go2_ws/install/unitree_go/include/unitree_go/unitree_go/msg/detail/wireless_controller__struct.hpp
-- Symlinking: /home/jnu/go2_ws/install/unitree_go/include/unitree_go/unitree_go/msg/detail/wireless_controller__traits.hpp
-- Symlinking: /home/jnu/go2_ws/install/unitree_go/include/unitree_go/unitree_go/msg/detail/wireless_controller__type_support.hpp
-- Symlinking: /home/jnu/go2_ws/install/unitree_go/include/unitree_go/unitree_go/msg/error.hpp
-- Symlinking: /home/jnu/go2_ws/install/unitree_go/include/unitree_go/unitree_go/msg/go2_front_video_data.hpp
-- Symlinking: /home/jnu/go2_ws/install/unitree_go/include/unitree_go/unitree_go/msg/height_map.hpp
-- Symlinking: /home/jnu/go2_ws/install/unitree_go/include/unitree_go/unitree_go/msg/imu_state.hpp
-- Symlinking: /home/jnu/go2_ws/install/unitree_go/include/unitree_go/unitree_go/msg/interface_config.hpp
-- Symlinking: /home/jnu/go2_ws/install/unitree_go/include/unitree_go/unitree_go/msg/lidar_state.hpp
-- Symlinking: /home/jnu/go2_ws/install/unitree_go/include/unitree_go/unitree_go/msg/low_cmd.hpp
-- Symlinking: /home/jnu/go2_ws/install/unitree_go/include/unitree_go/unitree_go/msg/low_state.hpp
-- Symlinking: /home/jnu/go2_ws/install/unitree_go/include/unitree_go/unitree_go/msg/motor_cmd.hpp
-- Symlinking: /home/jnu/go2_ws/install/unitree_go/include/unitree_go/unitree_go/msg/motor_cmds.hpp
-- Symlinking: /home/jnu/go2_ws/install/unitree_go/include/unitree_go/unitree_go/msg/motor_state.hpp
-- Symlinking: /home/jnu/go2_ws/install/unitree_go/include/unitree_go/unitree_go/msg/motor_states.hpp
-- Symlinking: /home/jnu/go2_ws/install/unitree_go/include/unitree_go/unitree_go/msg/path_point.hpp
-- Symlinking: /home/jnu/go2_ws/install/unitree_go/include/unitree_go/unitree_go/msg/req.hpp
-- Symlinking: /home/jnu/go2_ws/install/unitree_go/include/unitree_go/unitree_go/msg/res.hpp
-- Symlinking: /home/jnu/go2_ws/install/unitree_go/include/unitree_go/unitree_go/msg/rosidl_generator_cpp__visibility_control.hpp
-- Symlinking: /home/jnu/go2_ws/install/unitree_go/include/unitree_go/unitree_go/msg/sport_mode_cmd.hpp
-- Symlinking: /home/jnu/go2_ws/install/unitree_go/include/unitree_go/unitree_go/msg/sport_mode_state.hpp
-- Symlinking: /home/jnu/go2_ws/install/unitree_go/include/unitree_go/unitree_go/msg/time_spec.hpp
-- Symlinking: /home/jnu/go2_ws/install/unitree_go/include/unitree_go/unitree_go/msg/uwb_state.hpp
-- Symlinking: /home/jnu/go2_ws/install/unitree_go/include/unitree_go/unitree_go/msg/uwb_switch.hpp
-- Symlinking: /home/jnu/go2_ws/install/unitree_go/include/unitree_go/unitree_go/msg/voxel_height_map_state.hpp
-- Symlinking: /home/jnu/go2_ws/install/unitree_go/include/unitree_go/unitree_go/msg/voxel_map_compressed.hpp
-- Symlinking: /home/jnu/go2_ws/install/unitree_go/include/unitree_go/unitree_go/msg/wireless_controller.hpp
-- Symlinking: /home/jnu/go2_ws/install/unitree_go/include/unitree_go/unitree_go/msg/detail/audio_data__rosidl_typesupport_fastrtps_cpp.hpp
-- Symlinking: /home/jnu/go2_ws/install/unitree_go/include/unitree_go/unitree_go/msg/detail/bms_cmd__rosidl_typesupport_fastrtps_cpp.hpp
-- Symlinking: /home/jnu/go2_ws/install/unitree_go/include/unitree_go/unitree_go/msg/detail/bms_state__rosidl_typesupport_fastrtps_cpp.hpp
-- Symlinking: /home/jnu/go2_ws/install/unitree_go/include/unitree_go/unitree_go/msg/detail/error__rosidl_typesupport_fastrtps_cpp.hpp
-- Symlinking: /home/jnu/go2_ws/install/unitree_go/include/unitree_go/unitree_go/msg/detail/go2_front_video_data__rosidl_typesupport_fastrtps_cpp.hpp
-- Symlinking: /home/jnu/go2_ws/install/unitree_go/include/unitree_go/unitree_go/msg/detail/height_map__rosidl_typesupport_fastrtps_cpp.hpp
-- Symlinking: /home/jnu/go2_ws/install/unitree_go/include/unitree_go/unitree_go/msg/detail/imu_state__rosidl_typesupport_fastrtps_cpp.hpp
-- Symlinking: /home/jnu/go2_ws/install/unitree_go/include/unitree_go/unitree_go/msg/detail/interface_config__rosidl_typesupport_fastrtps_cpp.hpp
-- Symlinking: /home/jnu/go2_ws/install/unitree_go/include/unitree_go/unitree_go/msg/detail/lidar_state__rosidl_typesupport_fastrtps_cpp.hpp
-- Symlinking: /home/jnu/go2_ws/install/unitree_go/include/unitree_go/unitree_go/msg/detail/low_cmd__rosidl_typesupport_fastrtps_cpp.hpp
-- Symlinking: /home/jnu/go2_ws/install/unitree_go/include/unitree_go/unitree_go/msg/detail/low_state__rosidl_typesupport_fastrtps_cpp.hpp
-- Symlinking: /home/jnu/go2_ws/install/unitree_go/include/unitree_go/unitree_go/msg/detail/motor_cmd__rosidl_typesupport_fastrtps_cpp.hpp
-- Symlinking: /home/jnu/go2_ws/install/unitree_go/include/unitree_go/unitree_go/msg/detail/motor_cmds__rosidl_typesupport_fastrtps_cpp.hpp
-- Symlinking: /home/jnu/go2_ws/install/unitree_go/include/unitree_go/unitree_go/msg/detail/motor_state__rosidl_typesupport_fastrtps_cpp.hpp
-- Symlinking: /home/jnu/go2_ws/install/unitree_go/include/unitree_go/unitree_go/msg/detail/motor_states__rosidl_typesupport_fastrtps_cpp.hpp
-- Symlinking: /home/jnu/go2_ws/install/unitree_go/include/unitree_go/unitree_go/msg/detail/path_point__rosidl_typesupport_fastrtps_cpp.hpp
-- Symlinking: /home/jnu/go2_ws/install/unitree_go/include/unitree_go/unitree_go/msg/detail/req__rosidl_typesupport_fastrtps_cpp.hpp
-- Symlinking: /home/jnu/go2_ws/install/unitree_go/include/unitree_go/unitree_go/msg/detail/res__rosidl_typesupport_fastrtps_cpp.hpp
-- Symlinking: /home/jnu/go2_ws/install/unitree_go/include/unitree_go/unitree_go/msg/detail/sport_mode_cmd__rosidl_typesupport_fastrtps_cpp.hpp
-- Symlinking: /home/jnu/go2_ws/install/unitree_go/include/unitree_go/unitree_go/msg/detail/sport_mode_state__rosidl_typesupport_fastrtps_cpp.hpp
-- Symlinking: /home/jnu/go2_ws/install/unitree_go/include/unitree_go/unitree_go/msg/detail/time_spec__rosidl_typesupport_fastrtps_cpp.hpp
-- Symlinking: /home/jnu/go2_ws/install/unitree_go/include/unitree_go/unitree_go/msg/detail/uwb_state__rosidl_typesupport_fastrtps_cpp.hpp
-- Symlinking: /home/jnu/go2_ws/install/unitree_go/include/unitree_go/unitree_go/msg/detail/uwb_switch__rosidl_typesupport_fastrtps_cpp.hpp
-- Symlinking: /home/jnu/go2_ws/install/unitree_go/include/unitree_go/unitree_go/msg/detail/voxel_height_map_state__rosidl_typesupport_fastrtps_cpp.hpp
-- Symlinking: /home/jnu/go2_ws/install/unitree_go/include/unitree_go/unitree_go/msg/detail/voxel_map_compressed__rosidl_typesupport_fastrtps_cpp.hpp
-- Symlinking: /home/jnu/go2_ws/install/unitree_go/include/unitree_go/unitree_go/msg/detail/wireless_controller__rosidl_typesupport_fastrtps_cpp.hpp
-- Symlinking: /home/jnu/go2_ws/install/unitree_go/include/unitree_go/unitree_go/msg/rosidl_typesupport_fastrtps_cpp__visibility_control.h
-- Symlinking: /home/jnu/go2_ws/install/unitree_go/include/unitree_go/unitree_go/msg/detail/audio_data__rosidl_typesupport_introspection_cpp.hpp
-- Symlinking: /home/jnu/go2_ws/install/unitree_go/include/unitree_go/unitree_go/msg/detail/bms_cmd__rosidl_typesupport_introspection_cpp.hpp
-- Symlinking: /home/jnu/go2_ws/install/unitree_go/include/unitree_go/unitree_go/msg/detail/bms_state__rosidl_typesupport_introspection_cpp.hpp
-- Symlinking: /home/jnu/go2_ws/install/unitree_go/include/unitree_go/unitree_go/msg/detail/error__rosidl_typesupport_introspection_cpp.hpp
-- Symlinking: /home/jnu/go2_ws/install/unitree_go/include/unitree_go/unitree_go/msg/detail/go2_front_video_data__rosidl_typesupport_introspection_cpp.hpp
-- Symlinking: /home/jnu/go2_ws/install/unitree_go/include/unitree_go/unitree_go/msg/detail/height_map__rosidl_typesupport_introspection_cpp.hpp
-- Symlinking: /home/jnu/go2_ws/install/unitree_go/include/unitree_go/unitree_go/msg/detail/imu_state__rosidl_typesupport_introspection_cpp.hpp
-- Symlinking: /home/jnu/go2_ws/install/unitree_go/include/unitree_go/unitree_go/msg/detail/interface_config__rosidl_typesupport_introspection_cpp.hpp
-- Symlinking: /home/jnu/go2_ws/install/unitree_go/include/unitree_go/unitree_go/msg/detail/lidar_state__rosidl_typesupport_introspection_cpp.hpp
-- Symlinking: /home/jnu/go2_ws/install/unitree_go/include/unitree_go/unitree_go/msg/detail/low_cmd__rosidl_typesupport_introspection_cpp.hpp
-- Symlinking: /home/jnu/go2_ws/install/unitree_go/include/unitree_go/unitree_go/msg/detail/low_state__rosidl_typesupport_introspection_cpp.hpp
-- Symlinking: /home/jnu/go2_ws/install/unitree_go/include/unitree_go/unitree_go/msg/detail/motor_cmd__rosidl_typesupport_introspection_cpp.hpp
-- Symlinking: /home/jnu/go2_ws/install/unitree_go/include/unitree_go/unitree_go/msg/detail/motor_cmds__rosidl_typesupport_introspection_cpp.hpp
-- Symlinking: /home/jnu/go2_ws/install/unitree_go/include/unitree_go/unitree_go/msg/detail/motor_state__rosidl_typesupport_introspection_cpp.hpp
-- Symlinking: /home/jnu/go2_ws/install/unitree_go/include/unitree_go/unitree_go/msg/detail/motor_states__rosidl_typesupport_introspection_cpp.hpp
-- Symlinking: /home/jnu/go2_ws/install/unitree_go/include/unitree_go/unitree_go/msg/detail/path_point__rosidl_typesupport_introspection_cpp.hpp
-- Symlinking: /home/jnu/go2_ws/install/unitree_go/include/unitree_go/unitree_go/msg/detail/req__rosidl_typesupport_introspection_cpp.hpp
-- Symlinking: /home/jnu/go2_ws/install/unitree_go/include/unitree_go/unitree_go/msg/detail/res__rosidl_typesupport_introspection_cpp.hpp
-- Symlinking: /home/jnu/go2_ws/install/unitree_go/include/unitree_go/unitree_go/msg/detail/sport_mode_cmd__rosidl_typesupport_introspection_cpp.hpp
-- Symlinking: /home/jnu/go2_ws/install/unitree_go/include/unitree_go/unitree_go/msg/detail/sport_mode_state__rosidl_typesupport_introspection_cpp.hpp
-- Symlinking: /home/jnu/go2_ws/install/unitree_go/include/unitree_go/unitree_go/msg/detail/time_spec__rosidl_typesupport_introspection_cpp.hpp
-- Symlinking: /home/jnu/go2_ws/install/unitree_go/include/unitree_go/unitree_go/msg/detail/uwb_state__rosidl_typesupport_introspection_cpp.hpp
-- Symlinking: /home/jnu/go2_ws/install/unitree_go/include/unitree_go/unitree_go/msg/detail/uwb_switch__rosidl_typesupport_introspection_cpp.hpp
-- Symlinking: /home/jnu/go2_ws/install/unitree_go/include/unitree_go/unitree_go/msg/detail/voxel_height_map_state__rosidl_typesupport_introspection_cpp.hpp
-- Symlinking: /home/jnu/go2_ws/install/unitree_go/include/unitree_go/unitree_go/msg/detail/voxel_map_compressed__rosidl_typesupport_introspection_cpp.hpp
-- Symlinking: /home/jnu/go2_ws/install/unitree_go/include/unitree_go/unitree_go/msg/detail/wireless_controller__rosidl_typesupport_introspection_cpp.hpp
-- Symlinking: /home/jnu/go2_ws/install/unitree_go/share/unitree_go/environment/pythonpath.sh
-- Symlinking: /home/jnu/go2_ws/install/unitree_go/share/unitree_go/environment/pythonpath.dsv
-- Symlinking: /home/jnu/go2_ws/install/unitree_go/local/lib/python3.10/dist-packages/unitree_go-0.0.1-py3.10.egg-info/PKG-INFO
-- Symlinking: /home/jnu/go2_ws/install/unitree_go/local/lib/python3.10/dist-packages/unitree_go-0.0.1-py3.10.egg-info/SOURCES.txt
-- Symlinking: /home/jnu/go2_ws/install/unitree_go/local/lib/python3.10/dist-packages/unitree_go-0.0.1-py3.10.egg-info/dependency_links.txt
-- Symlinking: /home/jnu/go2_ws/install/unitree_go/local/lib/python3.10/dist-packages/unitree_go-0.0.1-py3.10.egg-info/top_level.txt
-- Symlinking: /home/jnu/go2_ws/install/unitree_go/local/lib/python3.10/dist-packages/unitree_go/__init__.py
-- Symlinking: /home/jnu/go2_ws/install/unitree_go/local/lib/python3.10/dist-packages/unitree_go/_unitree_go_s.ep.rosidl_typesupport_c.c
-- Symlinking: /home/jnu/go2_ws/install/unitree_go/local/lib/python3.10/dist-packages/unitree_go/_unitree_go_s.ep.rosidl_typesupport_fastrtps_c.c
-- Symlinking: /home/jnu/go2_ws/install/unitree_go/local/lib/python3.10/dist-packages/unitree_go/_unitree_go_s.ep.rosidl_typesupport_introspection_c.c
-- Symlinking: /home/jnu/go2_ws/install/unitree_go/local/lib/python3.10/dist-packages/unitree_go/libunitree_go__rosidl_generator_py.so
-- Symlinking: /home/jnu/go2_ws/install/unitree_go/local/lib/python3.10/dist-packages/unitree_go/msg/__init__.py
-- Symlinking: /home/jnu/go2_ws/install/unitree_go/local/lib/python3.10/dist-packages/unitree_go/msg/_audio_data.py
-- Symlinking: /home/jnu/go2_ws/install/unitree_go/local/lib/python3.10/dist-packages/unitree_go/msg/_audio_data_s.c
-- Symlinking: /home/jnu/go2_ws/install/unitree_go/local/lib/python3.10/dist-packages/unitree_go/msg/_bms_cmd.py
-- Symlinking: /home/jnu/go2_ws/install/unitree_go/local/lib/python3.10/dist-packages/unitree_go/msg/_bms_cmd_s.c
-- Symlinking: /home/jnu/go2_ws/install/unitree_go/local/lib/python3.10/dist-packages/unitree_go/msg/_bms_state.py
-- Symlinking: /home/jnu/go2_ws/install/unitree_go/local/lib/python3.10/dist-packages/unitree_go/msg/_bms_state_s.c
-- Symlinking: /home/jnu/go2_ws/install/unitree_go/local/lib/python3.10/dist-packages/unitree_go/msg/_error.py
-- Symlinking: /home/jnu/go2_ws/install/unitree_go/local/lib/python3.10/dist-packages/unitree_go/msg/_error_s.c
-- Symlinking: /home/jnu/go2_ws/install/unitree_go/local/lib/python3.10/dist-packages/unitree_go/msg/_go2_front_video_data.py
-- Symlinking: /home/jnu/go2_ws/install/unitree_go/local/lib/python3.10/dist-packages/unitree_go/msg/_go2_front_video_data_s.c
-- Symlinking: /home/jnu/go2_ws/install/unitree_go/local/lib/python3.10/dist-packages/unitree_go/msg/_height_map.py
-- Symlinking: /home/jnu/go2_ws/install/unitree_go/local/lib/python3.10/dist-packages/unitree_go/msg/_height_map_s.c
-- Symlinking: /home/jnu/go2_ws/install/unitree_go/local/lib/python3.10/dist-packages/unitree_go/msg/_imu_state.py
-- Symlinking: /home/jnu/go2_ws/install/unitree_go/local/lib/python3.10/dist-packages/unitree_go/msg/_imu_state_s.c
-- Symlinking: /home/jnu/go2_ws/install/unitree_go/local/lib/python3.10/dist-packages/unitree_go/msg/_interface_config.py
-- Symlinking: /home/jnu/go2_ws/install/unitree_go/local/lib/python3.10/dist-packages/unitree_go/msg/_interface_config_s.c
-- Symlinking: /home/jnu/go2_ws/install/unitree_go/local/lib/python3.10/dist-packages/unitree_go/msg/_lidar_state.py
-- Symlinking: /home/jnu/go2_ws/install/unitree_go/local/lib/python3.10/dist-packages/unitree_go/msg/_lidar_state_s.c
-- Symlinking: /home/jnu/go2_ws/install/unitree_go/local/lib/python3.10/dist-packages/unitree_go/msg/_low_cmd.py
-- Symlinking: /home/jnu/go2_ws/install/unitree_go/local/lib/python3.10/dist-packages/unitree_go/msg/_low_cmd_s.c
-- Symlinking: /home/jnu/go2_ws/install/unitree_go/local/lib/python3.10/dist-packages/unitree_go/msg/_low_state.py
-- Symlinking: /home/jnu/go2_ws/install/unitree_go/local/lib/python3.10/dist-packages/unitree_go/msg/_low_state_s.c
-- Symlinking: /home/jnu/go2_ws/install/unitree_go/local/lib/python3.10/dist-packages/unitree_go/msg/_motor_cmd.py
-- Symlinking: /home/jnu/go2_ws/install/unitree_go/local/lib/python3.10/dist-packages/unitree_go/msg/_motor_cmd_s.c
-- Symlinking: /home/jnu/go2_ws/install/unitree_go/local/lib/python3.10/dist-packages/unitree_go/msg/_motor_cmds.py
-- Symlinking: /home/jnu/go2_ws/install/unitree_go/local/lib/python3.10/dist-packages/unitree_go/msg/_motor_cmds_s.c
-- Symlinking: /home/jnu/go2_ws/install/unitree_go/local/lib/python3.10/dist-packages/unitree_go/msg/_motor_state.py
-- Symlinking: /home/jnu/go2_ws/install/unitree_go/local/lib/python3.10/dist-packages/unitree_go/msg/_motor_state_s.c
-- Symlinking: /home/jnu/go2_ws/install/unitree_go/local/lib/python3.10/dist-packages/unitree_go/msg/_motor_states.py
-- Symlinking: /home/jnu/go2_ws/install/unitree_go/local/lib/python3.10/dist-packages/unitree_go/msg/_motor_states_s.c
-- Symlinking: /home/jnu/go2_ws/install/unitree_go/local/lib/python3.10/dist-packages/unitree_go/msg/_path_point.py
-- Symlinking: /home/jnu/go2_ws/install/unitree_go/local/lib/python3.10/dist-packages/unitree_go/msg/_path_point_s.c
-- Symlinking: /home/jnu/go2_ws/install/unitree_go/local/lib/python3.10/dist-packages/unitree_go/msg/_req.py
-- Symlinking: /home/jnu/go2_ws/install/unitree_go/local/lib/python3.10/dist-packages/unitree_go/msg/_req_s.c
-- Symlinking: /home/jnu/go2_ws/install/unitree_go/local/lib/python3.10/dist-packages/unitree_go/msg/_res.py
-- Symlinking: /home/jnu/go2_ws/install/unitree_go/local/lib/python3.10/dist-packages/unitree_go/msg/_res_s.c
-- Symlinking: /home/jnu/go2_ws/install/unitree_go/local/lib/python3.10/dist-packages/unitree_go/msg/_sport_mode_cmd.py
-- Symlinking: /home/jnu/go2_ws/install/unitree_go/local/lib/python3.10/dist-packages/unitree_go/msg/_sport_mode_cmd_s.c
-- Symlinking: /home/jnu/go2_ws/install/unitree_go/local/lib/python3.10/dist-packages/unitree_go/msg/_sport_mode_state.py
-- Symlinking: /home/jnu/go2_ws/install/unitree_go/local/lib/python3.10/dist-packages/unitree_go/msg/_sport_mode_state_s.c
-- Symlinking: /home/jnu/go2_ws/install/unitree_go/local/lib/python3.10/dist-packages/unitree_go/msg/_time_spec.py
-- Symlinking: /home/jnu/go2_ws/install/unitree_go/local/lib/python3.10/dist-packages/unitree_go/msg/_time_spec_s.c
-- Symlinking: /home/jnu/go2_ws/install/unitree_go/local/lib/python3.10/dist-packages/unitree_go/msg/_uwb_state.py
-- Symlinking: /home/jnu/go2_ws/install/unitree_go/local/lib/python3.10/dist-packages/unitree_go/msg/_uwb_state_s.c
-- Symlinking: /home/jnu/go2_ws/install/unitree_go/local/lib/python3.10/dist-packages/unitree_go/msg/_uwb_switch.py
-- Symlinking: /home/jnu/go2_ws/install/unitree_go/local/lib/python3.10/dist-packages/unitree_go/msg/_uwb_switch_s.c
-- Symlinking: /home/jnu/go2_ws/install/unitree_go/local/lib/python3.10/dist-packages/unitree_go/msg/_voxel_height_map_state.py
-- Symlinking: /home/jnu/go2_ws/install/unitree_go/local/lib/python3.10/dist-packages/unitree_go/msg/_voxel_height_map_state_s.c
-- Symlinking: /home/jnu/go2_ws/install/unitree_go/local/lib/python3.10/dist-packages/unitree_go/msg/_voxel_map_compressed.py
-- Symlinking: /home/jnu/go2_ws/install/unitree_go/local/lib/python3.10/dist-packages/unitree_go/msg/_voxel_map_compressed_s.c
-- Symlinking: /home/jnu/go2_ws/install/unitree_go/local/lib/python3.10/dist-packages/unitree_go/msg/_wireless_controller.py
-- Symlinking: /home/jnu/go2_ws/install/unitree_go/local/lib/python3.10/dist-packages/unitree_go/msg/_wireless_controller_s.c
-- Symlinking: /home/jnu/go2_ws/install/unitree_go/local/lib/python3.10/dist-packages/unitree_go/unitree_go_s__rosidl_typesupport_c.cpython-310-x86_64-linux-gnu.so
-- Symlinking: /home/jnu/go2_ws/install/unitree_go/local/lib/python3.10/dist-packages/unitree_go/unitree_go_s__rosidl_typesupport_fastrtps_c.cpython-310-x86_64-linux-gnu.so
-- Symlinking: /home/jnu/go2_ws/install/unitree_go/local/lib/python3.10/dist-packages/unitree_go/unitree_go_s__rosidl_typesupport_introspection_c.cpython-310-x86_64-linux-gnu.so
-- Up-to-date symlink: /home/jnu/go2_ws/install/unitree_go/local/lib/python3.10/dist-packages/unitree_go/unitree_go_s__rosidl_typesupport_fastrtps_c.cpython-310-x86_64-linux-gnu.so
-- Up-to-date symlink: /home/jnu/go2_ws/install/unitree_go/local/lib/python3.10/dist-packages/unitree_go/unitree_go_s__rosidl_typesupport_introspection_c.cpython-310-x86_64-linux-gnu.so
-- Up-to-date symlink: /home/jnu/go2_ws/install/unitree_go/local/lib/python3.10/dist-packages/unitree_go/unitree_go_s__rosidl_typesupport_c.cpython-310-x86_64-linux-gnu.so
-- Symlinking: /home/jnu/go2_ws/install/unitree_go/share/unitree_go/msg/AudioData.idl
-- Symlinking: /home/jnu/go2_ws/install/unitree_go/share/unitree_go/msg/BmsCmd.idl
-- Symlinking: /home/jnu/go2_ws/install/unitree_go/share/unitree_go/msg/BmsState.idl
-- Symlinking: /home/jnu/go2_ws/install/unitree_go/share/unitree_go/msg/Error.idl
-- Symlinking: /home/jnu/go2_ws/install/unitree_go/share/unitree_go/msg/Go2FrontVideoData.idl
-- Symlinking: /home/jnu/go2_ws/install/unitree_go/share/unitree_go/msg/HeightMap.idl
-- Symlinking: /home/jnu/go2_ws/install/unitree_go/share/unitree_go/msg/IMUState.idl
-- Symlinking: /home/jnu/go2_ws/install/unitree_go/share/unitree_go/msg/InterfaceConfig.idl
-- Symlinking: /home/jnu/go2_ws/install/unitree_go/share/unitree_go/msg/LidarState.idl
-- Symlinking: /home/jnu/go2_ws/install/unitree_go/share/unitree_go/msg/LowCmd.idl
-- Symlinking: /home/jnu/go2_ws/install/unitree_go/share/unitree_go/msg/LowState.idl
-- Symlinking: /home/jnu/go2_ws/install/unitree_go/share/unitree_go/msg/MotorCmd.idl
-- Symlinking: /home/jnu/go2_ws/install/unitree_go/share/unitree_go/msg/MotorCmds.idl
-- Symlinking: /home/jnu/go2_ws/install/unitree_go/share/unitree_go/msg/MotorState.idl
-- Symlinking: /home/jnu/go2_ws/install/unitree_go/share/unitree_go/msg/MotorStates.idl
-- Symlinking: /home/jnu/go2_ws/install/unitree_go/share/unitree_go/msg/PathPoint.idl
-- Symlinking: /home/jnu/go2_ws/install/unitree_go/share/unitree_go/msg/Req.idl
-- Symlinking: /home/jnu/go2_ws/install/unitree_go/share/unitree_go/msg/Res.idl
-- Symlinking: /home/jnu/go2_ws/install/unitree_go/share/unitree_go/msg/SportModeCmd.idl
-- Symlinking: /home/jnu/go2_ws/install/unitree_go/share/unitree_go/msg/SportModeState.idl
-- Symlinking: /home/jnu/go2_ws/install/unitree_go/share/unitree_go/msg/TimeSpec.idl
-- Symlinking: /home/jnu/go2_ws/install/unitree_go/share/unitree_go/msg/UwbState.idl
-- Symlinking: /home/jnu/go2_ws/install/unitree_go/share/unitree_go/msg/UwbSwitch.idl
-- Symlinking: /home/jnu/go2_ws/install/unitree_go/share/unitree_go/msg/VoxelMapCompressed.idl
-- Symlinking: /home/jnu/go2_ws/install/unitree_go/share/unitree_go/msg/VoxelHeightMapState.idl
-- Symlinking: /home/jnu/go2_ws/install/unitree_go/share/unitree_go/msg/WirelessController.idl
-- Symlinking: /home/jnu/go2_ws/install/unitree_go/share/unitree_go/msg/AudioData.msg
-- Symlinking: /home/jnu/go2_ws/install/unitree_go/share/unitree_go/msg/BmsCmd.msg
-- Symlinking: /home/jnu/go2_ws/install/unitree_go/share/unitree_go/msg/BmsState.msg
-- Symlinking: /home/jnu/go2_ws/install/unitree_go/share/unitree_go/msg/Error.msg
-- Symlinking: /home/jnu/go2_ws/install/unitree_go/share/unitree_go/msg/Go2FrontVideoData.msg
-- Symlinking: /home/jnu/go2_ws/install/unitree_go/share/unitree_go/msg/HeightMap.msg
-- Symlinking: /home/jnu/go2_ws/install/unitree_go/share/unitree_go/msg/IMUState.msg
-- Symlinking: /home/jnu/go2_ws/install/unitree_go/share/unitree_go/msg/InterfaceConfig.msg
-- Symlinking: /home/jnu/go2_ws/install/unitree_go/share/unitree_go/msg/LidarState.msg
-- Symlinking: /home/jnu/go2_ws/install/unitree_go/share/unitree_go/msg/LowCmd.msg
-- Symlinking: /home/jnu/go2_ws/install/unitree_go/share/unitree_go/msg/LowState.msg
-- Symlinking: /home/jnu/go2_ws/install/unitree_go/share/unitree_go/msg/MotorCmd.msg
-- Symlinking: /home/jnu/go2_ws/install/unitree_go/share/unitree_go/msg/MotorCmds.msg
-- Symlinking: /home/jnu/go2_ws/install/unitree_go/share/unitree_go/msg/MotorState.msg
-- Symlinking: /home/jnu/go2_ws/install/unitree_go/share/unitree_go/msg/MotorStates.msg
-- Symlinking: /home/jnu/go2_ws/install/unitree_go/share/unitree_go/msg/PathPoint.msg
-- Symlinking: /home/jnu/go2_ws/install/unitree_go/share/unitree_go/msg/Req.msg
-- Symlinking: /home/jnu/go2_ws/install/unitree_go/share/unitree_go/msg/Res.msg
-- Symlinking: /home/jnu/go2_ws/install/unitree_go/share/unitree_go/msg/SportModeCmd.msg
-- Symlinking: /home/jnu/go2_ws/install/unitree_go/share/unitree_go/msg/SportModeState.msg
-- Symlinking: /home/jnu/go2_ws/install/unitree_go/share/unitree_go/msg/TimeSpec.msg
-- Symlinking: /home/jnu/go2_ws/install/unitree_go/share/unitree_go/msg/UwbState.msg
-- Symlinking: /home/jnu/go2_ws/install/unitree_go/share/unitree_go/msg/UwbSwitch.msg
-- Symlinking: /home/jnu/go2_ws/install/unitree_go/share/unitree_go/msg/VoxelMapCompressed.msg
-- Symlinking: /home/jnu/go2_ws/install/unitree_go/share/unitree_go/msg/VoxelHeightMapState.msg
-- Symlinking: /home/jnu/go2_ws/install/unitree_go/share/unitree_go/msg/WirelessController.msg
-- Symlinking: /home/jnu/go2_ws/install/unitree_go/share/unitree_go/msg/dds_connext/AudioData_.idl
-- Symlinking: /home/jnu/go2_ws/install/unitree_go/share/unitree_go/msg/dds_connext/BmsCmd_.idl
-- Symlinking: /home/jnu/go2_ws/install/unitree_go/share/unitree_go/msg/dds_connext/BmsState_.idl
-- Symlinking: /home/jnu/go2_ws/install/unitree_go/share/unitree_go/msg/dds_connext/Error_.idl
-- Symlinking: /home/jnu/go2_ws/install/unitree_go/share/unitree_go/msg/dds_connext/Go2FrontVideoData_.idl
-- Symlinking: /home/jnu/go2_ws/install/unitree_go/share/unitree_go/msg/dds_connext/HeightMap_.idl
-- Symlinking: /home/jnu/go2_ws/install/unitree_go/share/unitree_go/msg/dds_connext/IMUState_.idl
-- Symlinking: /home/jnu/go2_ws/install/unitree_go/share/unitree_go/msg/dds_connext/InterfaceConfig_.idl
-- Symlinking: /home/jnu/go2_ws/install/unitree_go/share/unitree_go/msg/dds_connext/LidarState_.idl
-- Symlinking: /home/jnu/go2_ws/install/unitree_go/share/unitree_go/msg/dds_connext/LowCmd_.idl
-- Symlinking: /home/jnu/go2_ws/install/unitree_go/share/unitree_go/msg/dds_connext/LowState_.idl
-- Symlinking: /home/jnu/go2_ws/install/unitree_go/share/unitree_go/msg/dds_connext/MotorCmd_.idl
-- Symlinking: /home/jnu/go2_ws/install/unitree_go/share/unitree_go/msg/dds_connext/MotorCmds_.idl
-- Symlinking: /home/jnu/go2_ws/install/unitree_go/share/unitree_go/msg/dds_connext/MotorState_.idl
-- Symlinking: /home/jnu/go2_ws/install/unitree_go/share/unitree_go/msg/dds_connext/MotorStates_.idl
-- Symlinking: /home/jnu/go2_ws/install/unitree_go/share/unitree_go/msg/dds_connext/PathPoint_.idl
-- Symlinking: /home/jnu/go2_ws/install/unitree_go/share/unitree_go/msg/dds_connext/Req_.idl
-- Symlinking: /home/jnu/go2_ws/install/unitree_go/share/unitree_go/msg/dds_connext/Res_.idl
-- Symlinking: /home/jnu/go2_ws/install/unitree_go/share/unitree_go/msg/dds_connext/SportModeCmd_.idl
-- Symlinking: /home/jnu/go2_ws/install/unitree_go/share/unitree_go/msg/dds_connext/SportModeState_.idl
-- Symlinking: /home/jnu/go2_ws/install/unitree_go/share/unitree_go/msg/dds_connext/TimeSpec_.idl
-- Symlinking: /home/jnu/go2_ws/install/unitree_go/share/unitree_go/msg/dds_connext/UwbState_.idl
-- Symlinking: /home/jnu/go2_ws/install/unitree_go/share/unitree_go/msg/dds_connext/UwbSwitch_.idl
-- Symlinking: /home/jnu/go2_ws/install/unitree_go/share/unitree_go/msg/dds_connext/VoxelHeightMapState_.idl
-- Symlinking: /home/jnu/go2_ws/install/unitree_go/share/unitree_go/msg/dds_connext/VoxelMapCompressed_.idl
-- Symlinking: /home/jnu/go2_ws/install/unitree_go/share/unitree_go/msg/dds_connext/WirelessController_.idl
-- Symlinking: /home/jnu/go2_ws/install/unitree_go/share/ament_index/resource_index/package_run_dependencies/unitree_go
-- Symlinking: /home/jnu/go2_ws/install/unitree_go/share/ament_index/resource_index/parent_prefix_path/unitree_go
-- Symlinking: /home/jnu/go2_ws/install/unitree_go/share/unitree_go/environment/ament_prefix_path.sh
-- Symlinking: /home/jnu/go2_ws/install/unitree_go/share/unitree_go/environment/ament_prefix_path.dsv
-- Symlinking: /home/jnu/go2_ws/install/unitree_go/share/unitree_go/environment/path.sh
-- Symlinking: /home/jnu/go2_ws/install/unitree_go/share/unitree_go/environment/path.dsv
-- Symlinking: /home/jnu/go2_ws/install/unitree_go/share/unitree_go/local_setup.bash
-- Symlinking: /home/jnu/go2_ws/install/unitree_go/share/unitree_go/local_setup.sh
-- Symlinking: /home/jnu/go2_ws/install/unitree_go/share/unitree_go/local_setup.zsh
-- Symlinking: /home/jnu/go2_ws/install/unitree_go/share/unitree_go/local_setup.dsv
-- Symlinking: /home/jnu/go2_ws/install/unitree_go/share/unitree_go/package.dsv
-- Symlinking: /home/jnu/go2_ws/install/unitree_go/share/ament_index/resource_index/packages/unitree_go
-- Symlinking: /home/jnu/go2_ws/install/unitree_go/share/unitree_go/cmake/rosidl_cmake-extras.cmake
-- Symlinking: /home/jnu/go2_ws/install/unitree_go/share/unitree_go/cmake/ament_cmake_export_include_directories-extras.cmake
-- Symlinking: /home/jnu/go2_ws/install/unitree_go/share/unitree_go/cmake/ament_cmake_export_libraries-extras.cmake
-- Symlinking: /home/jnu/go2_ws/install/unitree_go/share/unitree_go/cmake/ament_cmake_export_targets-extras.cmake
-- Symlinking: /home/jnu/go2_ws/install/unitree_go/share/unitree_go/cmake/rosidl_cmake_export_typesupport_targets-extras.cmake
-- Symlinking: /home/jnu/go2_ws/install/unitree_go/share/unitree_go/cmake/ament_cmake_export_dependencies-extras.cmake
-- Symlinking: /home/jnu/go2_ws/install/unitree_go/share/unitree_go/cmake/rosidl_cmake_export_typesupport_libraries-extras.cmake
-- Symlinking: /home/jnu/go2_ws/install/unitree_go/share/unitree_go/cmake/unitree_goConfig.cmake
-- Symlinking: /home/jnu/go2_ws/install/unitree_go/share/unitree_go/cmake/unitree_goConfig-version.cmake
-- Symlinking: /home/jnu/go2_ws/install/unitree_go/share/unitree_go/package.xml
-- Installing: /home/jnu/go2_ws/install/unitree_go/lib/libunitree_go__rosidl_generator_c.so
-- Set runtime path of "/home/jnu/go2_ws/install/unitree_go/lib/libunitree_go__rosidl_generator_c.so" to ""
-- Installing: /home/jnu/go2_ws/install/unitree_go/lib/libunitree_go__rosidl_typesupport_fastrtps_c.so
-- Set runtime path of "/home/jnu/go2_ws/install/unitree_go/lib/libunitree_go__rosidl_typesupport_fastrtps_c.so" to ""
-- Installing: /home/jnu/go2_ws/install/unitree_go/lib/libunitree_go__rosidl_typesupport_introspection_c.so
-- Set runtime path of "/home/jnu/go2_ws/install/unitree_go/lib/libunitree_go__rosidl_typesupport_introspection_c.so" to ""
-- Installing: /home/jnu/go2_ws/install/unitree_go/lib/libunitree_go__rosidl_typesupport_c.so
-- Set runtime path of "/home/jnu/go2_ws/install/unitree_go/lib/libunitree_go__rosidl_typesupport_c.so" to ""
-- Installing: /home/jnu/go2_ws/install/unitree_go/lib/libunitree_go__rosidl_typesupport_fastrtps_cpp.so
-- Set runtime path of "/home/jnu/go2_ws/install/unitree_go/lib/libunitree_go__rosidl_typesupport_fastrtps_cpp.so" to ""
-- Installing: /home/jnu/go2_ws/install/unitree_go/lib/libunitree_go__rosidl_typesupport_introspection_cpp.so
-- Set runtime path of "/home/jnu/go2_ws/install/unitree_go/lib/libunitree_go__rosidl_typesupport_introspection_cpp.so" to ""
-- Installing: /home/jnu/go2_ws/install/unitree_go/lib/libunitree_go__rosidl_typesupport_cpp.so
-- Set runtime path of "/home/jnu/go2_ws/install/unitree_go/lib/libunitree_go__rosidl_typesupport_cpp.so" to ""
Listing '/home/jnu/go2_ws/install/unitree_go/local/lib/python3.10/dist-packages/unitree_go'...
Compiling '/home/jnu/go2_ws/install/unitree_go/local/lib/python3.10/dist-packages/unitree_go/__init__.py'...
Listing '/home/jnu/go2_ws/install/unitree_go/local/lib/python3.10/dist-packages/unitree_go/msg'...
Compiling '/home/jnu/go2_ws/install/unitree_go/local/lib/python3.10/dist-packages/unitree_go/msg/__init__.py'...
Compiling '/home/jnu/go2_ws/install/unitree_go/local/lib/python3.10/dist-packages/unitree_go/msg/_audio_data.py'...
Compiling '/home/jnu/go2_ws/install/unitree_go/local/lib/python3.10/dist-packages/unitree_go/msg/_bms_cmd.py'...
Compiling '/home/jnu/go2_ws/install/unitree_go/local/lib/python3.10/dist-packages/unitree_go/msg/_bms_state.py'...
Compiling '/home/jnu/go2_ws/install/unitree_go/local/lib/python3.10/dist-packages/unitree_go/msg/_error.py'...
Compiling '/home/jnu/go2_ws/install/unitree_go/local/lib/python3.10/dist-packages/unitree_go/msg/_go2_front_video_data.py'...
Compiling '/home/jnu/go2_ws/install/unitree_go/local/lib/python3.10/dist-packages/unitree_go/msg/_height_map.py'...
Compiling '/home/jnu/go2_ws/install/unitree_go/local/lib/python3.10/dist-packages/unitree_go/msg/_imu_state.py'...
Compiling '/home/jnu/go2_ws/install/unitree_go/local/lib/python3.10/dist-packages/unitree_go/msg/_interface_config.py'...
Compiling '/home/jnu/go2_ws/install/unitree_go/local/lib/python3.10/dist-packages/unitree_go/msg/_lidar_state.py'...
Compiling '/home/jnu/go2_ws/install/unitree_go/local/lib/python3.10/dist-packages/unitree_go/msg/_low_cmd.py'...
Compiling '/home/jnu/go2_ws/install/unitree_go/local/lib/python3.10/dist-packages/unitree_go/msg/_low_state.py'...
Compiling '/home/jnu/go2_ws/install/unitree_go/local/lib/python3.10/dist-packages/unitree_go/msg/_motor_cmd.py'...
Compiling '/home/jnu/go2_ws/install/unitree_go/local/lib/python3.10/dist-packages/unitree_go/msg/_motor_cmds.py'...
Compiling '/home/jnu/go2_ws/install/unitree_go/local/lib/python3.10/dist-packages/unitree_go/msg/_motor_state.py'...
Compiling '/home/jnu/go2_ws/install/unitree_go/local/lib/python3.10/dist-packages/unitree_go/msg/_motor_states.py'...
Compiling '/home/jnu/go2_ws/install/unitree_go/local/lib/python3.10/dist-packages/unitree_go/msg/_path_point.py'...
Compiling '/home/jnu/go2_ws/install/unitree_go/local/lib/python3.10/dist-packages/unitree_go/msg/_req.py'...
Compiling '/home/jnu/go2_ws/install/unitree_go/local/lib/python3.10/dist-packages/unitree_go/msg/_res.py'...
Compiling '/home/jnu/go2_ws/install/unitree_go/local/lib/python3.10/dist-packages/unitree_go/msg/_sport_mode_cmd.py'...
Compiling '/home/jnu/go2_ws/install/unitree_go/local/lib/python3.10/dist-packages/unitree_go/msg/_sport_mode_state.py'...
Compiling '/home/jnu/go2_ws/install/unitree_go/local/lib/python3.10/dist-packages/unitree_go/msg/_time_spec.py'...
Compiling '/home/jnu/go2_ws/install/unitree_go/local/lib/python3.10/dist-packages/unitree_go/msg/_uwb_state.py'...
Compiling '/home/jnu/go2_ws/install/unitree_go/local/lib/python3.10/dist-packages/unitree_go/msg/_uwb_switch.py'...
Compiling '/home/jnu/go2_ws/install/unitree_go/local/lib/python3.10/dist-packages/unitree_go/msg/_voxel_height_map_state.py'...
Compiling '/home/jnu/go2_ws/install/unitree_go/local/lib/python3.10/dist-packages/unitree_go/msg/_voxel_map_compressed.py'...
Compiling '/home/jnu/go2_ws/install/unitree_go/local/lib/python3.10/dist-packages/unitree_go/msg/_wireless_controller.py'...
-- Installing: /home/jnu/go2_ws/install/unitree_go/lib/libunitree_go__rosidl_generator_py.so
-- Set runtime path of "/home/jnu/go2_ws/install/unitree_go/lib/libunitree_go__rosidl_generator_py.so" to ""
-- Installing: /home/jnu/go2_ws/install/unitree_go/share/unitree_go/cmake/export_unitree_go__rosidl_generator_cExport.cmake
-- Installing: /home/jnu/go2_ws/install/unitree_go/share/unitree_go/cmake/export_unitree_go__rosidl_generator_cExport-noconfig.cmake
-- Installing: /home/jnu/go2_ws/install/unitree_go/share/unitree_go/cmake/export_unitree_go__rosidl_typesupport_fastrtps_cExport.cmake
-- Installing: /home/jnu/go2_ws/install/unitree_go/share/unitree_go/cmake/export_unitree_go__rosidl_typesupport_fastrtps_cExport-noconfig.cmake
-- Installing: /home/jnu/go2_ws/install/unitree_go/share/unitree_go/cmake/unitree_go__rosidl_typesupport_introspection_cExport.cmake
-- Installing: /home/jnu/go2_ws/install/unitree_go/share/unitree_go/cmake/unitree_go__rosidl_typesupport_introspection_cExport-noconfig.cmake
-- Installing: /home/jnu/go2_ws/install/unitree_go/share/unitree_go/cmake/unitree_go__rosidl_typesupport_cExport.cmake
-- Installing: /home/jnu/go2_ws/install/unitree_go/share/unitree_go/cmake/unitree_go__rosidl_typesupport_cExport-noconfig.cmake
-- Installing: /home/jnu/go2_ws/install/unitree_go/share/unitree_go/cmake/export_unitree_go__rosidl_generator_cppExport.cmake
-- Installing: /home/jnu/go2_ws/install/unitree_go/share/unitree_go/cmake/export_unitree_go__rosidl_typesupport_fastrtps_cppExport.cmake
-- Installing: /home/jnu/go2_ws/install/unitree_go/share/unitree_go/cmake/export_unitree_go__rosidl_typesupport_fastrtps_cppExport-noconfig.cmake
-- Installing: /home/jnu/go2_ws/install/unitree_go/share/unitree_go/cmake/unitree_go__rosidl_typesupport_introspection_cppExport.cmake
-- Installing: /home/jnu/go2_ws/install/unitree_go/share/unitree_go/cmake/unitree_go__rosidl_typesupport_introspection_cppExport-noconfig.cmake
-- Installing: /home/jnu/go2_ws/install/unitree_go/share/unitree_go/cmake/unitree_go__rosidl_typesupport_cppExport.cmake
-- Installing: /home/jnu/go2_ws/install/unitree_go/share/unitree_go/cmake/unitree_go__rosidl_typesupport_cppExport-noconfig.cmake
-- Installing: /home/jnu/go2_ws/install/unitree_go/share/unitree_go/cmake/export_unitree_go__rosidl_generator_pyExport.cmake
-- Installing: /home/jnu/go2_ws/install/unitree_go/share/unitree_go/cmake/export_unitree_go__rosidl_generator_pyExport-noconfig.cmake
