[0.006s] Invoking command in '/home/jnu/go2_ws/build/unitree_go': CMAKE_PREFIX_PATH=/opt/ros/humble /usr/bin/cmake /home/jnu/go2_ws/src/unitree_go -DAMENT_CMAKE_SYMLINK_INSTALL=1 -DCMAKE_INSTALL_PREFIX=/home/jnu/go2_ws/install/unitree_go
[0.038s] -- The C compiler identification is GNU 11.4.0
[0.068s] -- The CXX compiler identification is GNU 11.4.0
[0.072s] -- Detecting C compiler ABI info
[0.112s] -- Detecting C compiler ABI info - done
[0.116s] -- Check for working C compiler: /usr/bin/cc - skipped
[0.116s] -- Detecting C compile features
[0.116s] -- Detecting C compile features - done
[0.118s] -- Detecting CXX compiler ABI info
[0.161s] -- Detecting CXX compiler ABI info - done
[0.165s] -- Check for working CXX compiler: /usr/bin/c++ - skipped
[0.165s] -- Detecting CXX compile features
[0.165s] -- Detecting CXX compile features - done
[0.166s] -- Found ament_cmake: 1.3.12 (/opt/ros/humble/share/ament_cmake/cmake)
[0.249s] -- Found Python3: /usr/bin/python3 (found version "3.10.12") found components: Interpreter 
[0.286s] -- Override CMake install command with custom implementation using symlinks instead of copying resources
[0.301s] -- Found rosidl_default_generators: 1.2.0 (/opt/ros/humble/share/rosidl_default_generators/cmake)
[0.303s] -- Using all available rosidl_typesupport_c: rosidl_typesupport_fastrtps_c;rosidl_typesupport_introspection_c
[0.306s] -- Found rosidl_adapter: 3.1.7 (/opt/ros/humble/share/rosidl_adapter/cmake)
[0.324s] -- Using all available rosidl_typesupport_cpp: rosidl_typesupport_fastrtps_cpp;rosidl_typesupport_introspection_cpp
[0.338s] -- Found rosidl_generator_dds_idl: 0.8.1 (/opt/ros/humble/share/rosidl_generator_dds_idl/cmake)
[0.525s] -- Found ament_cmake_ros: 0.10.0 (/opt/ros/humble/share/ament_cmake_ros/cmake)
[0.628s] -- Using all available rosidl_typesupport_c: rosidl_typesupport_fastrtps_c;rosidl_typesupport_introspection_c
[0.759s] -- Using all available rosidl_typesupport_cpp: rosidl_typesupport_fastrtps_cpp;rosidl_typesupport_introspection_cpp
[0.772s] -- Found PythonInterp: /usr/bin/python3 (found suitable version "3.10.12", minimum required is "3.6") 
[0.773s] -- Found python_cmake_module: 0.10.0 (/opt/ros/humble/share/python_cmake_module/cmake)
[0.788s] -- Found PythonLibs: /usr/lib/x86_64-linux-gnu/libpython3.10.so (found suitable version "3.10.12", minimum required is "3.5") 
[0.789s] -- Using PYTHON_EXECUTABLE: /usr/bin/python3
[0.789s] -- Using PYTHON_INCLUDE_DIRS: /usr/include/python3.10
[0.789s] -- Using PYTHON_LIBRARIES: /usr/lib/x86_64-linux-gnu/libpython3.10.so
[0.800s] -- Found PythonExtra: .so  
[0.824s] -- Configuring done
[0.853s] -- Generating done
[0.859s] -- Build files have been written to: /home/jnu/go2_ws/build/unitree_go
[0.864s] Invoked command in '/home/jnu/go2_ws/build/unitree_go' returned '0': CMAKE_PREFIX_PATH=/opt/ros/humble /usr/bin/cmake /home/jnu/go2_ws/src/unitree_go -DAMENT_CMAKE_SYMLINK_INSTALL=1 -DCMAKE_INSTALL_PREFIX=/home/jnu/go2_ws/install/unitree_go
[0.865s] Invoking command in '/home/jnu/go2_ws/build/unitree_go': CMAKE_PREFIX_PATH=/opt/ros/humble /usr/bin/cmake --build /home/jnu/go2_ws/build/unitree_go -- -j24 -l24
[0.895s] [  0%] [34m[1mGenerating C code for ROS interfaces[0m
[0.901s] [  0%] [34m[1mGenerating DDS interfaces[0m
[0.902s] [  0%] [34m[1mGenerating C++ code for ROS interfaces[0m
[0.905s] [  0%] Built target ament_cmake_python_symlink_unitree_go
[1.014s] running egg_info
[1.015s] creating unitree_go.egg-info
[1.015s] writing unitree_go.egg-info/PKG-INFO
[1.015s] writing dependency_links to unitree_go.egg-info/dependency_links.txt
[1.015s] writing top-level names to unitree_go.egg-info/top_level.txt
[1.015s] writing manifest file 'unitree_go.egg-info/SOURCES.txt'
[1.016s] reading manifest file 'unitree_go.egg-info/SOURCES.txt'
[1.016s] writing manifest file 'unitree_go.egg-info/SOURCES.txt'
[1.032s] [  0%] Built target ament_cmake_python_build_unitree_go_egg
[1.450s] [  0%] Built target unitree_go__dds_connext_idl
[2.075s] [  0%] Built target unitree_go__cpp
[2.083s] [  1%] [34m[1mGenerating C++ introspection for ROS interfaces[0m
[2.083s] [  2%] [34m[1mGenerating C++ type support dispatch for ROS interfaces[0m
[2.083s] [  3%] [34m[1mGenerating C++ type support for eProsima Fast-RTPS[0m
[2.279s] [  6%] [32mBuilding C object CMakeFiles/unitree_go__rosidl_generator_c.dir/rosidl_generator_c/unitree_go/msg/detail/bms_state__functions.c.o[0m
[2.279s] [  6%] [32mBuilding C object CMakeFiles/unitree_go__rosidl_generator_c.dir/rosidl_generator_c/unitree_go/msg/detail/lidar_state__functions.c.o[0m
[2.279s] [  6%] [32mBuilding C object CMakeFiles/unitree_go__rosidl_generator_c.dir/rosidl_generator_c/unitree_go/msg/detail/imu_state__functions.c.o[0m
[2.279s] [  6%] [32mBuilding C object CMakeFiles/unitree_go__rosidl_generator_c.dir/rosidl_generator_c/unitree_go/msg/detail/audio_data__functions.c.o[0m
[2.280s] [  6%] [32mBuilding C object CMakeFiles/unitree_go__rosidl_generator_c.dir/rosidl_generator_c/unitree_go/msg/detail/low_state__functions.c.o[0m
[2.280s] [  6%] [32mBuilding C object CMakeFiles/unitree_go__rosidl_generator_c.dir/rosidl_generator_c/unitree_go/msg/detail/interface_config__functions.c.o[0m
[2.282s] [  6%] [32mBuilding C object CMakeFiles/unitree_go__rosidl_generator_c.dir/rosidl_generator_c/unitree_go/msg/detail/error__functions.c.o[0m
[2.282s] [  6%] [32mBuilding C object CMakeFiles/unitree_go__rosidl_generator_c.dir/rosidl_generator_c/unitree_go/msg/detail/bms_cmd__functions.c.o[0m
[2.283s] [  7%] [32mBuilding C object CMakeFiles/unitree_go__rosidl_generator_c.dir/rosidl_generator_c/unitree_go/msg/detail/motor_cmd__functions.c.o[0m
[2.283s] [  8%] [32mBuilding C object CMakeFiles/unitree_go__rosidl_generator_c.dir/rosidl_generator_c/unitree_go/msg/detail/low_cmd__functions.c.o[0m
[2.283s] [  9%] [32mBuilding C object CMakeFiles/unitree_go__rosidl_generator_c.dir/rosidl_generator_c/unitree_go/msg/detail/motor_cmds__functions.c.o[0m
[2.283s] [  9%] [32mBuilding C object CMakeFiles/unitree_go__rosidl_generator_c.dir/rosidl_generator_c/unitree_go/msg/detail/height_map__functions.c.o[0m
[2.284s] [  9%] [32mBuilding C object CMakeFiles/unitree_go__rosidl_generator_c.dir/rosidl_generator_c/unitree_go/msg/detail/path_point__functions.c.o[0m
[2.285s] [  9%] [32mBuilding C object CMakeFiles/unitree_go__rosidl_generator_c.dir/rosidl_generator_c/unitree_go/msg/detail/go2_front_video_data__functions.c.o[0m
[2.285s] [ 10%] [32mBuilding C object CMakeFiles/unitree_go__rosidl_generator_c.dir/rosidl_generator_c/unitree_go/msg/detail/motor_states__functions.c.o[0m
[2.285s] [ 10%] [32mBuilding C object CMakeFiles/unitree_go__rosidl_generator_c.dir/rosidl_generator_c/unitree_go/msg/detail/time_spec__functions.c.o[0m
[2.285s] [ 10%] [32mBuilding C object CMakeFiles/unitree_go__rosidl_generator_c.dir/rosidl_generator_c/unitree_go/msg/detail/res__functions.c.o[0m
[2.285s] [ 11%] [32mBuilding C object CMakeFiles/unitree_go__rosidl_generator_c.dir/rosidl_generator_c/unitree_go/msg/detail/req__functions.c.o[0m
[2.285s] [ 11%] [32mBuilding C object CMakeFiles/unitree_go__rosidl_generator_c.dir/rosidl_generator_c/unitree_go/msg/detail/sport_mode_cmd__functions.c.o[0m
[2.289s] [ 11%] [32mBuilding C object CMakeFiles/unitree_go__rosidl_generator_c.dir/rosidl_generator_c/unitree_go/msg/detail/motor_state__functions.c.o[0m
[2.292s] [ 12%] [32mBuilding C object CMakeFiles/unitree_go__rosidl_generator_c.dir/rosidl_generator_c/unitree_go/msg/detail/sport_mode_state__functions.c.o[0m
[2.321s] [ 13%] [32mBuilding C object CMakeFiles/unitree_go__rosidl_generator_c.dir/rosidl_generator_c/unitree_go/msg/detail/uwb_switch__functions.c.o[0m
[2.321s] [ 13%] [32mBuilding C object CMakeFiles/unitree_go__rosidl_generator_c.dir/rosidl_generator_c/unitree_go/msg/detail/voxel_height_map_state__functions.c.o[0m
[2.321s] [ 13%] [32mBuilding C object CMakeFiles/unitree_go__rosidl_generator_c.dir/rosidl_generator_c/unitree_go/msg/detail/voxel_map_compressed__functions.c.o[0m
[2.322s] [ 14%] [32mBuilding C object CMakeFiles/unitree_go__rosidl_generator_c.dir/rosidl_generator_c/unitree_go/msg/detail/uwb_state__functions.c.o[0m
[2.326s] [ 14%] [32mBuilding C object CMakeFiles/unitree_go__rosidl_generator_c.dir/rosidl_generator_c/unitree_go/msg/detail/wireless_controller__functions.c.o[0m
[2.358s] [ 15%] [32m[1mLinking C shared library libunitree_go__rosidl_generator_c.so[0m
[2.389s] [ 15%] Built target unitree_go__rosidl_generator_c
[2.395s] [ 15%] [34m[1mGenerating C type support for eProsima Fast-RTPS[0m
[2.397s] [ 15%] [34m[1mGenerating C introspection for ROS interfaces[0m
[2.397s] [ 15%] [34m[1mGenerating C type support dispatch for ROS interfaces[0m
[2.790s] [ 15%] [32mBuilding CXX object CMakeFiles/unitree_go__rosidl_typesupport_cpp.dir/rosidl_typesupport_cpp/unitree_go/msg/audio_data__type_support.cpp.o[0m
[2.800s] [ 16%] [32mBuilding CXX object CMakeFiles/unitree_go__rosidl_typesupport_cpp.dir/rosidl_typesupport_cpp/unitree_go/msg/error__type_support.cpp.o[0m
[2.800s] [ 16%] [32mBuilding CXX object CMakeFiles/unitree_go__rosidl_typesupport_cpp.dir/rosidl_typesupport_cpp/unitree_go/msg/bms_state__type_support.cpp.o[0m
[2.804s] [ 16%] [32mBuilding CXX object CMakeFiles/unitree_go__rosidl_typesupport_cpp.dir/rosidl_typesupport_cpp/unitree_go/msg/go2_front_video_data__type_support.cpp.o[0m
[2.813s] [ 17%] [32mBuilding CXX object CMakeFiles/unitree_go__rosidl_typesupport_cpp.dir/rosidl_typesupport_cpp/unitree_go/msg/imu_state__type_support.cpp.o[0m
[2.821s] [ 18%] [32mBuilding CXX object CMakeFiles/unitree_go__rosidl_typesupport_cpp.dir/rosidl_typesupport_cpp/unitree_go/msg/bms_cmd__type_support.cpp.o[0m
[2.822s] [ 18%] [32mBuilding CXX object CMakeFiles/unitree_go__rosidl_typesupport_cpp.dir/rosidl_typesupport_cpp/unitree_go/msg/height_map__type_support.cpp.o[0m
[2.831s] [ 18%] [32mBuilding CXX object CMakeFiles/unitree_go__rosidl_typesupport_cpp.dir/rosidl_typesupport_cpp/unitree_go/msg/interface_config__type_support.cpp.o[0m
[2.831s] [ 18%] [32mBuilding CXX object CMakeFiles/unitree_go__rosidl_typesupport_cpp.dir/rosidl_typesupport_cpp/unitree_go/msg/low_cmd__type_support.cpp.o[0m
[2.832s] [ 20%] [32mBuilding CXX object CMakeFiles/unitree_go__rosidl_typesupport_cpp.dir/rosidl_typesupport_cpp/unitree_go/msg/low_state__type_support.cpp.o[0m
[2.832s] [ 20%] [32mBuilding CXX object CMakeFiles/unitree_go__rosidl_typesupport_cpp.dir/rosidl_typesupport_cpp/unitree_go/msg/lidar_state__type_support.cpp.o[0m
[2.833s] [ 20%] [32mBuilding CXX object CMakeFiles/unitree_go__rosidl_typesupport_cpp.dir/rosidl_typesupport_cpp/unitree_go/msg/motor_cmds__type_support.cpp.o[0m
[2.833s] [ 20%] [32mBuilding CXX object CMakeFiles/unitree_go__rosidl_typesupport_cpp.dir/rosidl_typesupport_cpp/unitree_go/msg/motor_cmd__type_support.cpp.o[0m
[2.838s] [ 21%] [32mBuilding CXX object CMakeFiles/unitree_go__rosidl_typesupport_cpp.dir/rosidl_typesupport_cpp/unitree_go/msg/path_point__type_support.cpp.o[0m
[2.839s] [ 22%] [32mBuilding CXX object CMakeFiles/unitree_go__rosidl_typesupport_cpp.dir/rosidl_typesupport_cpp/unitree_go/msg/motor_state__type_support.cpp.o[0m
[2.840s] [ 22%] [32mBuilding CXX object CMakeFiles/unitree_go__rosidl_typesupport_cpp.dir/rosidl_typesupport_cpp/unitree_go/msg/req__type_support.cpp.o[0m
[2.841s] [ 22%] [32mBuilding CXX object CMakeFiles/unitree_go__rosidl_typesupport_cpp.dir/rosidl_typesupport_cpp/unitree_go/msg/motor_states__type_support.cpp.o[0m
[2.857s] [ 23%] [32mBuilding CXX object CMakeFiles/unitree_go__rosidl_typesupport_cpp.dir/rosidl_typesupport_cpp/unitree_go/msg/res__type_support.cpp.o[0m
[2.859s] [ 23%] [32mBuilding CXX object CMakeFiles/unitree_go__rosidl_typesupport_cpp.dir/rosidl_typesupport_cpp/unitree_go/msg/sport_mode_cmd__type_support.cpp.o[0m
[3.145s] [ 24%] [32mBuilding CXX object CMakeFiles/unitree_go__rosidl_typesupport_cpp.dir/rosidl_typesupport_cpp/unitree_go/msg/time_spec__type_support.cpp.o[0m
[3.145s] [ 24%] [32mBuilding CXX object CMakeFiles/unitree_go__rosidl_typesupport_cpp.dir/rosidl_typesupport_cpp/unitree_go/msg/uwb_state__type_support.cpp.o[0m
[3.151s] [ 24%] [32mBuilding CXX object CMakeFiles/unitree_go__rosidl_typesupport_cpp.dir/rosidl_typesupport_cpp/unitree_go/msg/sport_mode_state__type_support.cpp.o[0m
[3.154s] [ 25%] [32mBuilding CXX object CMakeFiles/unitree_go__rosidl_typesupport_cpp.dir/rosidl_typesupport_cpp/unitree_go/msg/uwb_switch__type_support.cpp.o[0m
[3.196s] [ 25%] [32mBuilding CXX object CMakeFiles/unitree_go__rosidl_typesupport_cpp.dir/rosidl_typesupport_cpp/unitree_go/msg/voxel_map_compressed__type_support.cpp.o[0m
[3.209s] [ 26%] [32mBuilding CXX object CMakeFiles/unitree_go__rosidl_typesupport_cpp.dir/rosidl_typesupport_cpp/unitree_go/msg/voxel_height_map_state__type_support.cpp.o[0m
[3.233s] [ 26%] [32mBuilding CXX object CMakeFiles/unitree_go__rosidl_typesupport_cpp.dir/rosidl_typesupport_cpp/unitree_go/msg/wireless_controller__type_support.cpp.o[0m
[3.401s] [ 26%] [32mBuilding CXX object CMakeFiles/unitree_go__rosidl_typesupport_introspection_cpp.dir/rosidl_typesupport_introspection_cpp/unitree_go/msg/detail/audio_data__type_support.cpp.o[0m
[3.401s] [ 27%] [32mBuilding CXX object CMakeFiles/unitree_go__rosidl_typesupport_introspection_cpp.dir/rosidl_typesupport_introspection_cpp/unitree_go/msg/detail/bms_cmd__type_support.cpp.o[0m
[3.404s] [ 27%] [32mBuilding CXX object CMakeFiles/unitree_go__rosidl_typesupport_introspection_cpp.dir/rosidl_typesupport_introspection_cpp/unitree_go/msg/detail/bms_state__type_support.cpp.o[0m
[3.412s] [ 28%] [32mBuilding CXX object CMakeFiles/unitree_go__rosidl_typesupport_introspection_cpp.dir/rosidl_typesupport_introspection_cpp/unitree_go/msg/detail/error__type_support.cpp.o[0m
[3.418s] [ 28%] [32mBuilding CXX object CMakeFiles/unitree_go__rosidl_typesupport_introspection_cpp.dir/rosidl_typesupport_introspection_cpp/unitree_go/msg/detail/go2_front_video_data__type_support.cpp.o[0m
[3.420s] [ 28%] [32mBuilding CXX object CMakeFiles/unitree_go__rosidl_typesupport_introspection_cpp.dir/rosidl_typesupport_introspection_cpp/unitree_go/msg/detail/height_map__type_support.cpp.o[0m
[3.426s] [ 29%] [32mBuilding CXX object CMakeFiles/unitree_go__rosidl_typesupport_introspection_cpp.dir/rosidl_typesupport_introspection_cpp/unitree_go/msg/detail/imu_state__type_support.cpp.o[0m
[3.430s] [ 29%] [32mBuilding CXX object CMakeFiles/unitree_go__rosidl_typesupport_introspection_cpp.dir/rosidl_typesupport_introspection_cpp/unitree_go/msg/detail/interface_config__type_support.cpp.o[0m
[3.435s] [ 29%] [32mBuilding CXX object CMakeFiles/unitree_go__rosidl_typesupport_introspection_cpp.dir/rosidl_typesupport_introspection_cpp/unitree_go/msg/detail/low_cmd__type_support.cpp.o[0m
[3.445s] [ 30%] [32mBuilding CXX object CMakeFiles/unitree_go__rosidl_typesupport_introspection_cpp.dir/rosidl_typesupport_introspection_cpp/unitree_go/msg/detail/low_state__type_support.cpp.o[0m
[3.446s] [ 30%] [32mBuilding CXX object CMakeFiles/unitree_go__rosidl_typesupport_introspection_cpp.dir/rosidl_typesupport_introspection_cpp/unitree_go/msg/detail/motor_cmd__type_support.cpp.o[0m
[3.457s] [ 31%] [32mBuilding CXX object CMakeFiles/unitree_go__rosidl_typesupport_introspection_cpp.dir/rosidl_typesupport_introspection_cpp/unitree_go/msg/detail/motor_cmds__type_support.cpp.o[0m
[3.457s] [ 31%] [32mBuilding CXX object CMakeFiles/unitree_go__rosidl_typesupport_introspection_cpp.dir/rosidl_typesupport_introspection_cpp/unitree_go/msg/detail/lidar_state__type_support.cpp.o[0m
[3.518s] [ 32%] [32mBuilding CXX object CMakeFiles/unitree_go__rosidl_typesupport_introspection_cpp.dir/rosidl_typesupport_introspection_cpp/unitree_go/msg/detail/motor_state__type_support.cpp.o[0m
[3.537s] [ 32%] [32mBuilding CXX object CMakeFiles/unitree_go__rosidl_typesupport_introspection_cpp.dir/rosidl_typesupport_introspection_cpp/unitree_go/msg/detail/motor_states__type_support.cpp.o[0m
[3.558s] [ 33%] [32mBuilding CXX object CMakeFiles/unitree_go__rosidl_typesupport_introspection_cpp.dir/rosidl_typesupport_introspection_cpp/unitree_go/msg/detail/path_point__type_support.cpp.o[0m
[3.579s] [ 33%] [32mBuilding CXX object CMakeFiles/unitree_go__rosidl_typesupport_introspection_cpp.dir/rosidl_typesupport_introspection_cpp/unitree_go/msg/detail/req__type_support.cpp.o[0m
[3.593s] [ 34%] [32mBuilding CXX object CMakeFiles/unitree_go__rosidl_typesupport_introspection_cpp.dir/rosidl_typesupport_introspection_cpp/unitree_go/msg/detail/res__type_support.cpp.o[0m
[3.671s] [ 34%] [32mBuilding CXX object CMakeFiles/unitree_go__rosidl_typesupport_introspection_cpp.dir/rosidl_typesupport_introspection_cpp/unitree_go/msg/detail/sport_mode_cmd__type_support.cpp.o[0m
[3.716s] [ 35%] [32m[1mLinking CXX shared library libunitree_go__rosidl_typesupport_cpp.so[0m
[3.797s] [ 35%] Built target unitree_go__rosidl_typesupport_cpp
[3.877s] [ 35%] [32mBuilding CXX object CMakeFiles/unitree_go__rosidl_typesupport_introspection_cpp.dir/rosidl_typesupport_introspection_cpp/unitree_go/msg/detail/sport_mode_state__type_support.cpp.o[0m
[3.896s] [ 36%] [32mBuilding CXX object CMakeFiles/unitree_go__rosidl_typesupport_introspection_cpp.dir/rosidl_typesupport_introspection_cpp/unitree_go/msg/detail/time_spec__type_support.cpp.o[0m
[3.981s] [ 36%] [32mBuilding CXX object CMakeFiles/unitree_go__rosidl_typesupport_introspection_cpp.dir/rosidl_typesupport_introspection_cpp/unitree_go/msg/detail/uwb_state__type_support.cpp.o[0m
[4.024s] [ 37%] [32mBuilding CXX object CMakeFiles/unitree_go__rosidl_typesupport_introspection_cpp.dir/rosidl_typesupport_introspection_cpp/unitree_go/msg/detail/uwb_switch__type_support.cpp.o[0m
[4.031s] [ 37%] [32mBuilding CXX object CMakeFiles/unitree_go__rosidl_typesupport_introspection_cpp.dir/rosidl_typesupport_introspection_cpp/unitree_go/msg/detail/voxel_map_compressed__type_support.cpp.o[0m
[4.066s] [ 37%] [32mBuilding CXX object CMakeFiles/unitree_go__rosidl_typesupport_c.dir/rosidl_typesupport_c/unitree_go/msg/audio_data__type_support.cpp.o[0m
[4.074s] [ 38%] [32mBuilding CXX object CMakeFiles/unitree_go__rosidl_typesupport_c.dir/rosidl_typesupport_c/unitree_go/msg/bms_cmd__type_support.cpp.o[0m
[4.097s] [ 38%] [32mBuilding CXX object CMakeFiles/unitree_go__rosidl_typesupport_c.dir/rosidl_typesupport_c/unitree_go/msg/bms_state__type_support.cpp.o[0m
[4.115s] [ 39%] [32mBuilding CXX object CMakeFiles/unitree_go__rosidl_typesupport_c.dir/rosidl_typesupport_c/unitree_go/msg/error__type_support.cpp.o[0m
[4.138s] [ 40%] [32mBuilding CXX object CMakeFiles/unitree_go__rosidl_typesupport_introspection_cpp.dir/rosidl_typesupport_introspection_cpp/unitree_go/msg/detail/voxel_height_map_state__type_support.cpp.o[0m
[4.149s] [ 40%] [32mBuilding CXX object CMakeFiles/unitree_go__rosidl_typesupport_introspection_cpp.dir/rosidl_typesupport_introspection_cpp/unitree_go/msg/detail/wireless_controller__type_support.cpp.o[0m
[4.177s] [ 41%] [32mBuilding CXX object CMakeFiles/unitree_go__rosidl_typesupport_c.dir/rosidl_typesupport_c/unitree_go/msg/height_map__type_support.cpp.o[0m
[4.181s] [ 41%] [32mBuilding CXX object CMakeFiles/unitree_go__rosidl_typesupport_c.dir/rosidl_typesupport_c/unitree_go/msg/go2_front_video_data__type_support.cpp.o[0m
[4.199s] [ 41%] [32mBuilding CXX object CMakeFiles/unitree_go__rosidl_typesupport_c.dir/rosidl_typesupport_c/unitree_go/msg/imu_state__type_support.cpp.o[0m
[4.199s] [ 41%] [32mBuilding CXX object CMakeFiles/unitree_go__rosidl_typesupport_c.dir/rosidl_typesupport_c/unitree_go/msg/interface_config__type_support.cpp.o[0m
[4.217s] [ 42%] [32mBuilding CXX object CMakeFiles/unitree_go__rosidl_typesupport_c.dir/rosidl_typesupport_c/unitree_go/msg/lidar_state__type_support.cpp.o[0m
[4.235s] [ 42%] [32mBuilding CXX object CMakeFiles/unitree_go__rosidl_typesupport_c.dir/rosidl_typesupport_c/unitree_go/msg/low_cmd__type_support.cpp.o[0m
[4.253s] [ 43%] [32mBuilding CXX object CMakeFiles/unitree_go__rosidl_typesupport_c.dir/rosidl_typesupport_c/unitree_go/msg/low_state__type_support.cpp.o[0m
[4.253s] [ 43%] [32mBuilding CXX object CMakeFiles/unitree_go__rosidl_typesupport_c.dir/rosidl_typesupport_c/unitree_go/msg/motor_cmd__type_support.cpp.o[0m
[4.269s] [ 44%] [32mBuilding CXX object CMakeFiles/unitree_go__rosidl_typesupport_c.dir/rosidl_typesupport_c/unitree_go/msg/motor_cmds__type_support.cpp.o[0m
[4.285s] [ 44%] [32mBuilding CXX object CMakeFiles/unitree_go__rosidl_typesupport_c.dir/rosidl_typesupport_c/unitree_go/msg/motor_state__type_support.cpp.o[0m
[4.299s] [ 44%] [32mBuilding CXX object CMakeFiles/unitree_go__rosidl_typesupport_c.dir/rosidl_typesupport_c/unitree_go/msg/motor_states__type_support.cpp.o[0m
[4.309s] [ 45%] [32mBuilding CXX object CMakeFiles/unitree_go__rosidl_typesupport_c.dir/rosidl_typesupport_c/unitree_go/msg/path_point__type_support.cpp.o[0m
[4.324s] [ 45%] [32mBuilding CXX object CMakeFiles/unitree_go__rosidl_typesupport_c.dir/rosidl_typesupport_c/unitree_go/msg/req__type_support.cpp.o[0m
[4.326s] [ 46%] [32mBuilding CXX object CMakeFiles/unitree_go__rosidl_typesupport_c.dir/rosidl_typesupport_c/unitree_go/msg/res__type_support.cpp.o[0m
[4.331s] [ 46%] [32mBuilding CXX object CMakeFiles/unitree_go__rosidl_typesupport_c.dir/rosidl_typesupport_c/unitree_go/msg/sport_mode_cmd__type_support.cpp.o[0m
[4.353s] [ 47%] [32mBuilding CXX object CMakeFiles/unitree_go__rosidl_typesupport_c.dir/rosidl_typesupport_c/unitree_go/msg/sport_mode_state__type_support.cpp.o[0m
[4.371s] [ 47%] [32mBuilding CXX object CMakeFiles/unitree_go__rosidl_typesupport_c.dir/rosidl_typesupport_c/unitree_go/msg/time_spec__type_support.cpp.o[0m
[4.377s] [ 47%] [32mBuilding CXX object CMakeFiles/unitree_go__rosidl_typesupport_c.dir/rosidl_typesupport_c/unitree_go/msg/uwb_state__type_support.cpp.o[0m
[4.403s] [ 47%] [32mBuilding CXX object CMakeFiles/unitree_go__rosidl_typesupport_c.dir/rosidl_typesupport_c/unitree_go/msg/voxel_map_compressed__type_support.cpp.o[0m
[4.405s] [ 48%] [32mBuilding CXX object CMakeFiles/unitree_go__rosidl_typesupport_c.dir/rosidl_typesupport_c/unitree_go/msg/uwb_switch__type_support.cpp.o[0m
[4.421s] [ 49%] [32mBuilding CXX object CMakeFiles/unitree_go__rosidl_typesupport_c.dir/rosidl_typesupport_c/unitree_go/msg/voxel_height_map_state__type_support.cpp.o[0m
[4.422s] [ 49%] [32mBuilding CXX object CMakeFiles/unitree_go__rosidl_typesupport_c.dir/rosidl_typesupport_c/unitree_go/msg/wireless_controller__type_support.cpp.o[0m
[4.489s] [ 49%] [32mBuilding CXX object CMakeFiles/unitree_go__rosidl_typesupport_fastrtps_cpp.dir/rosidl_typesupport_fastrtps_cpp/unitree_go/msg/detail/dds_fastrtps/audio_data__type_support.cpp.o[0m
[4.492s] [ 49%] [32mBuilding CXX object CMakeFiles/unitree_go__rosidl_typesupport_fastrtps_cpp.dir/rosidl_typesupport_fastrtps_cpp/unitree_go/msg/detail/dds_fastrtps/go2_front_video_data__type_support.cpp.o[0m
[4.492s] [ 50%] [32mBuilding CXX object CMakeFiles/unitree_go__rosidl_typesupport_fastrtps_cpp.dir/rosidl_typesupport_fastrtps_cpp/unitree_go/msg/detail/dds_fastrtps/bms_cmd__type_support.cpp.o[0m
[4.492s] [ 50%] [32mBuilding CXX object CMakeFiles/unitree_go__rosidl_typesupport_fastrtps_cpp.dir/rosidl_typesupport_fastrtps_cpp/unitree_go/msg/detail/dds_fastrtps/height_map__type_support.cpp.o[0m
[4.492s] [ 51%] [32mBuilding CXX object CMakeFiles/unitree_go__rosidl_typesupport_fastrtps_cpp.dir/rosidl_typesupport_fastrtps_cpp/unitree_go/msg/detail/dds_fastrtps/error__type_support.cpp.o[0m
[4.494s] [ 52%] [32mBuilding CXX object CMakeFiles/unitree_go__rosidl_typesupport_fastrtps_cpp.dir/rosidl_typesupport_fastrtps_cpp/unitree_go/msg/detail/dds_fastrtps/imu_state__type_support.cpp.o[0m
[4.494s] [ 52%] [32mBuilding CXX object CMakeFiles/unitree_go__rosidl_typesupport_fastrtps_cpp.dir/rosidl_typesupport_fastrtps_cpp/unitree_go/msg/detail/dds_fastrtps/bms_state__type_support.cpp.o[0m
[4.495s] [ 53%] [32m[1mLinking CXX shared library libunitree_go__rosidl_typesupport_c.so[0m
[4.499s] [ 54%] [32mBuilding CXX object CMakeFiles/unitree_go__rosidl_typesupport_fastrtps_cpp.dir/rosidl_typesupport_fastrtps_cpp/unitree_go/msg/detail/dds_fastrtps/lidar_state__type_support.cpp.o[0m
[4.500s] [ 54%] [32mBuilding CXX object CMakeFiles/unitree_go__rosidl_typesupport_fastrtps_cpp.dir/rosidl_typesupport_fastrtps_cpp/unitree_go/msg/detail/dds_fastrtps/interface_config__type_support.cpp.o[0m
[4.507s] [ 54%] [32mBuilding CXX object CMakeFiles/unitree_go__rosidl_typesupport_fastrtps_cpp.dir/rosidl_typesupport_fastrtps_cpp/unitree_go/msg/detail/dds_fastrtps/low_cmd__type_support.cpp.o[0m
[4.536s] [ 55%] [32mBuilding CXX object CMakeFiles/unitree_go__rosidl_typesupport_fastrtps_cpp.dir/rosidl_typesupport_fastrtps_cpp/unitree_go/msg/detail/dds_fastrtps/low_state__type_support.cpp.o[0m
[4.548s] [ 55%] [32mBuilding CXX object CMakeFiles/unitree_go__rosidl_typesupport_fastrtps_cpp.dir/rosidl_typesupport_fastrtps_cpp/unitree_go/msg/detail/dds_fastrtps/motor_cmd__type_support.cpp.o[0m
[4.554s] [ 55%] [32mBuilding CXX object CMakeFiles/unitree_go__rosidl_typesupport_fastrtps_cpp.dir/rosidl_typesupport_fastrtps_cpp/unitree_go/msg/detail/dds_fastrtps/motor_cmds__type_support.cpp.o[0m
[4.574s] [ 55%] [32mBuilding CXX object CMakeFiles/unitree_go__rosidl_typesupport_fastrtps_c.dir/rosidl_typesupport_fastrtps_c/unitree_go/msg/detail/audio_data__type_support_c.cpp.o[0m
[4.591s] [ 56%] [32mBuilding CXX object CMakeFiles/unitree_go__rosidl_typesupport_fastrtps_c.dir/rosidl_typesupport_fastrtps_c/unitree_go/msg/detail/bms_cmd__type_support_c.cpp.o[0m
[4.646s] [ 56%] Built target unitree_go__rosidl_typesupport_c
[4.657s] [ 56%] [32mBuilding CXX object CMakeFiles/unitree_go__rosidl_typesupport_fastrtps_c.dir/rosidl_typesupport_fastrtps_c/unitree_go/msg/detail/bms_state__type_support_c.cpp.o[0m
[4.670s] [ 57%] [32mBuilding CXX object CMakeFiles/unitree_go__rosidl_typesupport_fastrtps_c.dir/rosidl_typesupport_fastrtps_c/unitree_go/msg/detail/error__type_support_c.cpp.o[0m
[4.673s] [ 57%] [32mBuilding CXX object CMakeFiles/unitree_go__rosidl_typesupport_fastrtps_c.dir/rosidl_typesupport_fastrtps_c/unitree_go/msg/detail/go2_front_video_data__type_support_c.cpp.o[0m
[4.697s] [ 58%] [32mBuilding CXX object CMakeFiles/unitree_go__rosidl_typesupport_fastrtps_cpp.dir/rosidl_typesupport_fastrtps_cpp/unitree_go/msg/detail/dds_fastrtps/motor_state__type_support.cpp.o[0m
[4.703s] [ 58%] [32mBuilding CXX object CMakeFiles/unitree_go__rosidl_typesupport_fastrtps_cpp.dir/rosidl_typesupport_fastrtps_cpp/unitree_go/msg/detail/dds_fastrtps/motor_states__type_support.cpp.o[0m
[4.787s] [ 59%] [32mBuilding CXX object CMakeFiles/unitree_go__rosidl_typesupport_fastrtps_cpp.dir/rosidl_typesupport_fastrtps_cpp/unitree_go/msg/detail/dds_fastrtps/path_point__type_support.cpp.o[0m
[4.842s] [ 59%] [32mBuilding CXX object CMakeFiles/unitree_go__rosidl_typesupport_fastrtps_cpp.dir/rosidl_typesupport_fastrtps_cpp/unitree_go/msg/detail/dds_fastrtps/req__type_support.cpp.o[0m
[4.879s] [ 60%] [32m[1mLinking CXX shared library libunitree_go__rosidl_typesupport_introspection_cpp.so[0m
[5.065s] [ 61%] [32mBuilding CXX object CMakeFiles/unitree_go__rosidl_typesupport_fastrtps_cpp.dir/rosidl_typesupport_fastrtps_cpp/unitree_go/msg/detail/dds_fastrtps/res__type_support.cpp.o[0m
[5.100s] [ 62%] [32mBuilding CXX object CMakeFiles/unitree_go__rosidl_typesupport_fastrtps_c.dir/rosidl_typesupport_fastrtps_c/unitree_go/msg/detail/height_map__type_support_c.cpp.o[0m
[5.111s] [ 62%] [32mBuilding CXX object CMakeFiles/unitree_go__rosidl_typesupport_fastrtps_c.dir/rosidl_typesupport_fastrtps_c/unitree_go/msg/detail/imu_state__type_support_c.cpp.o[0m
[5.176s] [ 62%] Built target unitree_go__rosidl_typesupport_introspection_cpp
[5.176s] [ 62%] [32mBuilding CXX object CMakeFiles/unitree_go__rosidl_typesupport_fastrtps_cpp.dir/rosidl_typesupport_fastrtps_cpp/unitree_go/msg/detail/dds_fastrtps/sport_mode_cmd__type_support.cpp.o[0m
[5.190s] [ 62%] [32mBuilding CXX object CMakeFiles/unitree_go__rosidl_typesupport_fastrtps_cpp.dir/rosidl_typesupport_fastrtps_cpp/unitree_go/msg/detail/dds_fastrtps/sport_mode_state__type_support.cpp.o[0m
[5.198s] [ 63%] [32mBuilding CXX object CMakeFiles/unitree_go__rosidl_typesupport_fastrtps_cpp.dir/rosidl_typesupport_fastrtps_cpp/unitree_go/msg/detail/dds_fastrtps/time_spec__type_support.cpp.o[0m
[5.284s] [ 63%] [32mBuilding CXX object CMakeFiles/unitree_go__rosidl_typesupport_fastrtps_c.dir/rosidl_typesupport_fastrtps_c/unitree_go/msg/detail/interface_config__type_support_c.cpp.o[0m
[5.292s] [ 64%] [32mBuilding CXX object CMakeFiles/unitree_go__rosidl_typesupport_fastrtps_c.dir/rosidl_typesupport_fastrtps_c/unitree_go/msg/detail/lidar_state__type_support_c.cpp.o[0m
[5.292s] [ 65%] [32mBuilding CXX object CMakeFiles/unitree_go__rosidl_typesupport_fastrtps_cpp.dir/rosidl_typesupport_fastrtps_cpp/unitree_go/msg/detail/dds_fastrtps/uwb_switch__type_support.cpp.o[0m
[5.305s] [ 65%] [32mBuilding CXX object CMakeFiles/unitree_go__rosidl_typesupport_fastrtps_cpp.dir/rosidl_typesupport_fastrtps_cpp/unitree_go/msg/detail/dds_fastrtps/uwb_state__type_support.cpp.o[0m
[5.366s] [ 65%] [32mBuilding CXX object CMakeFiles/unitree_go__rosidl_typesupport_fastrtps_cpp.dir/rosidl_typesupport_fastrtps_cpp/unitree_go/msg/detail/dds_fastrtps/voxel_map_compressed__type_support.cpp.o[0m
[5.370s] [ 65%] [32mBuilding CXX object CMakeFiles/unitree_go__rosidl_typesupport_fastrtps_c.dir/rosidl_typesupport_fastrtps_c/unitree_go/msg/detail/low_cmd__type_support_c.cpp.o[0m
[5.416s] [ 66%] [32mBuilding CXX object CMakeFiles/unitree_go__rosidl_typesupport_fastrtps_c.dir/rosidl_typesupport_fastrtps_c/unitree_go/msg/detail/low_state__type_support_c.cpp.o[0m
[5.426s] [ 67%] [32mBuilding CXX object CMakeFiles/unitree_go__rosidl_typesupport_fastrtps_cpp.dir/rosidl_typesupport_fastrtps_cpp/unitree_go/msg/detail/dds_fastrtps/voxel_height_map_state__type_support.cpp.o[0m
[5.427s] [ 67%] [32mBuilding CXX object CMakeFiles/unitree_go__rosidl_typesupport_fastrtps_c.dir/rosidl_typesupport_fastrtps_c/unitree_go/msg/detail/motor_cmd__type_support_c.cpp.o[0m
[5.485s] [ 68%] [32mBuilding CXX object CMakeFiles/unitree_go__rosidl_typesupport_fastrtps_c.dir/rosidl_typesupport_fastrtps_c/unitree_go/msg/detail/motor_cmds__type_support_c.cpp.o[0m
[5.498s] [ 68%] [32mBuilding CXX object CMakeFiles/unitree_go__rosidl_typesupport_fastrtps_cpp.dir/rosidl_typesupport_fastrtps_cpp/unitree_go/msg/detail/dds_fastrtps/wireless_controller__type_support.cpp.o[0m
[5.510s] [ 68%] [32mBuilding CXX object CMakeFiles/unitree_go__rosidl_typesupport_fastrtps_c.dir/rosidl_typesupport_fastrtps_c/unitree_go/msg/detail/motor_state__type_support_c.cpp.o[0m
[5.537s] [ 69%] [32mBuilding CXX object CMakeFiles/unitree_go__rosidl_typesupport_fastrtps_c.dir/rosidl_typesupport_fastrtps_c/unitree_go/msg/detail/path_point__type_support_c.cpp.o[0m
[5.541s] [ 69%] [32mBuilding CXX object CMakeFiles/unitree_go__rosidl_typesupport_fastrtps_c.dir/rosidl_typesupport_fastrtps_c/unitree_go/msg/detail/motor_states__type_support_c.cpp.o[0m
[5.562s] [ 69%] [32mBuilding CXX object CMakeFiles/unitree_go__rosidl_typesupport_fastrtps_c.dir/rosidl_typesupport_fastrtps_c/unitree_go/msg/detail/req__type_support_c.cpp.o[0m
[5.698s] [ 70%] [32mBuilding CXX object CMakeFiles/unitree_go__rosidl_typesupport_fastrtps_c.dir/rosidl_typesupport_fastrtps_c/unitree_go/msg/detail/res__type_support_c.cpp.o[0m
[5.720s] [ 71%] [32mBuilding CXX object CMakeFiles/unitree_go__rosidl_typesupport_fastrtps_c.dir/rosidl_typesupport_fastrtps_c/unitree_go/msg/detail/sport_mode_state__type_support_c.cpp.o[0m
[5.723s] [ 71%] [32mBuilding CXX object CMakeFiles/unitree_go__rosidl_typesupport_fastrtps_c.dir/rosidl_typesupport_fastrtps_c/unitree_go/msg/detail/sport_mode_cmd__type_support_c.cpp.o[0m
[5.766s] [ 71%] [32mBuilding CXX object CMakeFiles/unitree_go__rosidl_typesupport_fastrtps_c.dir/rosidl_typesupport_fastrtps_c/unitree_go/msg/detail/time_spec__type_support_c.cpp.o[0m
[5.775s] [ 71%] [32mBuilding CXX object CMakeFiles/unitree_go__rosidl_typesupport_fastrtps_c.dir/rosidl_typesupport_fastrtps_c/unitree_go/msg/detail/uwb_state__type_support_c.cpp.o[0m
[5.828s] [ 72%] [32mBuilding CXX object CMakeFiles/unitree_go__rosidl_typesupport_fastrtps_c.dir/rosidl_typesupport_fastrtps_c/unitree_go/msg/detail/uwb_switch__type_support_c.cpp.o[0m
[5.909s] [ 72%] [32mBuilding CXX object CMakeFiles/unitree_go__rosidl_typesupport_fastrtps_c.dir/rosidl_typesupport_fastrtps_c/unitree_go/msg/detail/voxel_map_compressed__type_support_c.cpp.o[0m
[5.946s] [ 73%] [32mBuilding CXX object CMakeFiles/unitree_go__rosidl_typesupport_fastrtps_c.dir/rosidl_typesupport_fastrtps_c/unitree_go/msg/detail/voxel_height_map_state__type_support_c.cpp.o[0m
[5.985s] [ 73%] [32mBuilding CXX object CMakeFiles/unitree_go__rosidl_typesupport_fastrtps_c.dir/rosidl_typesupport_fastrtps_c/unitree_go/msg/detail/wireless_controller__type_support_c.cpp.o[0m
[6.077s] [ 73%] [32mBuilding C object CMakeFiles/unitree_go__rosidl_typesupport_introspection_c.dir/rosidl_typesupport_introspection_c/unitree_go/msg/detail/audio_data__type_support.c.o[0m
[6.080s] [ 73%] [32mBuilding C object CMakeFiles/unitree_go__rosidl_typesupport_introspection_c.dir/rosidl_typesupport_introspection_c/unitree_go/msg/detail/bms_state__type_support.c.o[0m
[6.081s] [ 74%] [32mBuilding C object CMakeFiles/unitree_go__rosidl_typesupport_introspection_c.dir/rosidl_typesupport_introspection_c/unitree_go/msg/detail/bms_cmd__type_support.c.o[0m
[6.082s] [ 75%] [32mBuilding C object CMakeFiles/unitree_go__rosidl_typesupport_introspection_c.dir/rosidl_typesupport_introspection_c/unitree_go/msg/detail/error__type_support.c.o[0m
[6.085s] [ 75%] [32mBuilding C object CMakeFiles/unitree_go__rosidl_typesupport_introspection_c.dir/rosidl_typesupport_introspection_c/unitree_go/msg/detail/go2_front_video_data__type_support.c.o[0m
[6.102s] [ 76%] [32mBuilding C object CMakeFiles/unitree_go__rosidl_typesupport_introspection_c.dir/rosidl_typesupport_introspection_c/unitree_go/msg/detail/height_map__type_support.c.o[0m
[6.109s] [ 76%] [32mBuilding C object CMakeFiles/unitree_go__rosidl_typesupport_introspection_c.dir/rosidl_typesupport_introspection_c/unitree_go/msg/detail/imu_state__type_support.c.o[0m
[6.125s] [ 76%] [32mBuilding C object CMakeFiles/unitree_go__rosidl_typesupport_introspection_c.dir/rosidl_typesupport_introspection_c/unitree_go/msg/detail/interface_config__type_support.c.o[0m
[6.145s] [ 77%] [32mBuilding C object CMakeFiles/unitree_go__rosidl_typesupport_introspection_c.dir/rosidl_typesupport_introspection_c/unitree_go/msg/detail/low_cmd__type_support.c.o[0m
[6.149s] [ 77%] [32mBuilding C object CMakeFiles/unitree_go__rosidl_typesupport_introspection_c.dir/rosidl_typesupport_introspection_c/unitree_go/msg/detail/lidar_state__type_support.c.o[0m
[6.155s] [ 78%] [32mBuilding C object CMakeFiles/unitree_go__rosidl_typesupport_introspection_c.dir/rosidl_typesupport_introspection_c/unitree_go/msg/detail/low_state__type_support.c.o[0m
[6.163s] [ 79%] [32mBuilding C object CMakeFiles/unitree_go__rosidl_typesupport_introspection_c.dir/rosidl_typesupport_introspection_c/unitree_go/msg/detail/motor_cmd__type_support.c.o[0m
[6.163s] [ 79%] [32mBuilding C object CMakeFiles/unitree_go__rosidl_typesupport_introspection_c.dir/rosidl_typesupport_introspection_c/unitree_go/msg/detail/motor_cmds__type_support.c.o[0m
[6.165s] [ 79%] [32mBuilding C object CMakeFiles/unitree_go__rosidl_typesupport_introspection_c.dir/rosidl_typesupport_introspection_c/unitree_go/msg/detail/motor_state__type_support.c.o[0m
[6.174s] [ 79%] [32mBuilding C object CMakeFiles/unitree_go__rosidl_typesupport_introspection_c.dir/rosidl_typesupport_introspection_c/unitree_go/msg/detail/motor_states__type_support.c.o[0m
[6.183s] [ 80%] [32mBuilding C object CMakeFiles/unitree_go__rosidl_typesupport_introspection_c.dir/rosidl_typesupport_introspection_c/unitree_go/msg/detail/path_point__type_support.c.o[0m
[6.190s] [ 80%] [32mBuilding C object CMakeFiles/unitree_go__rosidl_typesupport_introspection_c.dir/rosidl_typesupport_introspection_c/unitree_go/msg/detail/req__type_support.c.o[0m
[6.194s] [ 81%] [32mBuilding C object CMakeFiles/unitree_go__rosidl_typesupport_introspection_c.dir/rosidl_typesupport_introspection_c/unitree_go/msg/detail/res__type_support.c.o[0m
[6.194s] [ 81%] [32mBuilding C object CMakeFiles/unitree_go__rosidl_typesupport_introspection_c.dir/rosidl_typesupport_introspection_c/unitree_go/msg/detail/sport_mode_cmd__type_support.c.o[0m
[6.197s] [ 83%] [32mBuilding C object CMakeFiles/unitree_go__rosidl_typesupport_introspection_c.dir/rosidl_typesupport_introspection_c/unitree_go/msg/detail/sport_mode_state__type_support.c.o[0m
[6.197s] [ 83%] [32m[1mLinking CXX shared library libunitree_go__rosidl_typesupport_fastrtps_cpp.so[0m
[6.206s] [ 83%] [32mBuilding C object CMakeFiles/unitree_go__rosidl_typesupport_introspection_c.dir/rosidl_typesupport_introspection_c/unitree_go/msg/detail/uwb_state__type_support.c.o[0m
[6.209s] [ 83%] [32mBuilding C object CMakeFiles/unitree_go__rosidl_typesupport_introspection_c.dir/rosidl_typesupport_introspection_c/unitree_go/msg/detail/time_spec__type_support.c.o[0m
[6.209s] [ 84%] [32mBuilding C object CMakeFiles/unitree_go__rosidl_typesupport_introspection_c.dir/rosidl_typesupport_introspection_c/unitree_go/msg/detail/uwb_switch__type_support.c.o[0m
[6.210s] [ 84%] [32mBuilding C object CMakeFiles/unitree_go__rosidl_typesupport_introspection_c.dir/rosidl_typesupport_introspection_c/unitree_go/msg/detail/voxel_map_compressed__type_support.c.o[0m
[6.214s] [ 85%] [32mBuilding C object CMakeFiles/unitree_go__rosidl_typesupport_introspection_c.dir/rosidl_typesupport_introspection_c/unitree_go/msg/detail/voxel_height_map_state__type_support.c.o[0m
[6.224s] [ 85%] [32mBuilding C object CMakeFiles/unitree_go__rosidl_typesupport_introspection_c.dir/rosidl_typesupport_introspection_c/unitree_go/msg/detail/wireless_controller__type_support.c.o[0m
[6.269s] [ 86%] [32m[1mLinking C shared library libunitree_go__rosidl_typesupport_introspection_c.so[0m
[6.292s] [ 86%] Built target unitree_go__rosidl_typesupport_introspection_c
[6.322s] [ 86%] Built target unitree_go__rosidl_typesupport_fastrtps_cpp
[6.323s] [ 87%] [32m[1mLinking CXX shared library libunitree_go__rosidl_typesupport_fastrtps_c.so[0m
[6.371s] [ 87%] Built target unitree_go__rosidl_typesupport_fastrtps_c
[6.384s] [ 87%] Built target unitree_go
[6.397s] [ 88%] [34m[1mGenerating Python code for ROS interfaces[0m
[7.975s] [ 88%] Built target unitree_go__py
[7.994s] [ 88%] [32mBuilding C object CMakeFiles/unitree_go__rosidl_generator_py.dir/rosidl_generator_py/unitree_go/msg/_bms_state_s.c.o[0m
[7.994s] [ 88%] [32mBuilding C object CMakeFiles/unitree_go__rosidl_generator_py.dir/rosidl_generator_py/unitree_go/msg/_audio_data_s.c.o[0m
[7.994s] [ 89%] [32mBuilding C object CMakeFiles/unitree_go__rosidl_generator_py.dir/rosidl_generator_py/unitree_go/msg/_bms_cmd_s.c.o[0m
[7.994s] [ 90%] [32mBuilding C object CMakeFiles/unitree_go__rosidl_generator_py.dir/rosidl_generator_py/unitree_go/msg/_imu_state_s.c.o[0m
[7.994s] [ 91%] [32mBuilding C object CMakeFiles/unitree_go__rosidl_generator_py.dir/rosidl_generator_py/unitree_go/msg/_lidar_state_s.c.o[0m
[7.994s] [ 91%] [32mBuilding C object CMakeFiles/unitree_go__rosidl_generator_py.dir/rosidl_generator_py/unitree_go/msg/_interface_config_s.c.o[0m
[7.994s] [ 91%] [32mBuilding C object CMakeFiles/unitree_go__rosidl_generator_py.dir/rosidl_generator_py/unitree_go/msg/_low_cmd_s.c.o[0m
[7.994s] [ 92%] [32mBuilding C object CMakeFiles/unitree_go__rosidl_generator_py.dir/rosidl_generator_py/unitree_go/msg/_error_s.c.o[0m
[7.994s] [ 92%] [32mBuilding C object CMakeFiles/unitree_go__rosidl_generator_py.dir/rosidl_generator_py/unitree_go/msg/_go2_front_video_data_s.c.o[0m
[7.994s] [ 93%] [32mBuilding C object CMakeFiles/unitree_go__rosidl_generator_py.dir/rosidl_generator_py/unitree_go/msg/_low_state_s.c.o[0m
[7.994s] [ 93%] [32mBuilding C object CMakeFiles/unitree_go__rosidl_generator_py.dir/rosidl_generator_py/unitree_go/msg/_height_map_s.c.o[0m
[7.994s] [ 93%] [32mBuilding C object CMakeFiles/unitree_go__rosidl_generator_py.dir/rosidl_generator_py/unitree_go/msg/_motor_cmds_s.c.o[0m
[7.995s] [ 93%] [32mBuilding C object CMakeFiles/unitree_go__rosidl_generator_py.dir/rosidl_generator_py/unitree_go/msg/_motor_states_s.c.o[0m
[7.995s] [ 93%] [32mBuilding C object CMakeFiles/unitree_go__rosidl_generator_py.dir/rosidl_generator_py/unitree_go/msg/_req_s.c.o[0m
[7.995s] [ 94%] [32mBuilding C object CMakeFiles/unitree_go__rosidl_generator_py.dir/rosidl_generator_py/unitree_go/msg/_res_s.c.o[0m
[7.995s] [ 94%] [32mBuilding C object CMakeFiles/unitree_go__rosidl_generator_py.dir/rosidl_generator_py/unitree_go/msg/_motor_cmd_s.c.o[0m
[7.995s] [ 94%] [32mBuilding C object CMakeFiles/unitree_go__rosidl_generator_py.dir/rosidl_generator_py/unitree_go/msg/_sport_mode_cmd_s.c.o[0m
[7.995s] [ 95%] [32mBuilding C object CMakeFiles/unitree_go__rosidl_generator_py.dir/rosidl_generator_py/unitree_go/msg/_motor_state_s.c.o[0m
[7.995s] [ 96%] [32mBuilding C object CMakeFiles/unitree_go__rosidl_generator_py.dir/rosidl_generator_py/unitree_go/msg/_time_spec_s.c.o[0m
[7.995s] [ 97%] [32mBuilding C object CMakeFiles/unitree_go__rosidl_generator_py.dir/rosidl_generator_py/unitree_go/msg/_path_point_s.c.o[0m
[7.995s] [ 97%] [32mBuilding C object CMakeFiles/unitree_go__rosidl_generator_py.dir/rosidl_generator_py/unitree_go/msg/_sport_mode_state_s.c.o[0m
[7.999s] [ 97%] [32mBuilding C object CMakeFiles/unitree_go__rosidl_generator_py.dir/rosidl_generator_py/unitree_go/msg/_uwb_state_s.c.o[0m
[7.999s] [ 97%] [32mBuilding C object CMakeFiles/unitree_go__rosidl_generator_py.dir/rosidl_generator_py/unitree_go/msg/_voxel_map_compressed_s.c.o[0m
[7.999s] [ 98%] [32mBuilding C object CMakeFiles/unitree_go__rosidl_generator_py.dir/rosidl_generator_py/unitree_go/msg/_uwb_switch_s.c.o[0m
[8.079s] [ 99%] [32mBuilding C object CMakeFiles/unitree_go__rosidl_generator_py.dir/rosidl_generator_py/unitree_go/msg/_voxel_height_map_state_s.c.o[0m
[8.080s] [ 99%] [32mBuilding C object CMakeFiles/unitree_go__rosidl_generator_py.dir/rosidl_generator_py/unitree_go/msg/_wireless_controller_s.c.o[0m
[8.177s] [100%] [32m[1mLinking C shared library rosidl_generator_py/unitree_go/libunitree_go__rosidl_generator_py.so[0m
[8.233s] [100%] Built target unitree_go__rosidl_generator_py
[8.247s] [100%] [32mBuilding C object CMakeFiles/unitree_go__rosidl_typesupport_fastrtps_c__pyext.dir/rosidl_generator_py/unitree_go/_unitree_go_s.ep.rosidl_typesupport_fastrtps_c.c.o[0m
[8.247s] [100%] [32mBuilding C object CMakeFiles/unitree_go__rosidl_typesupport_c__pyext.dir/rosidl_generator_py/unitree_go/_unitree_go_s.ep.rosidl_typesupport_c.c.o[0m
[8.248s] [100%] [32mBuilding C object CMakeFiles/unitree_go__rosidl_typesupport_introspection_c__pyext.dir/rosidl_generator_py/unitree_go/_unitree_go_s.ep.rosidl_typesupport_introspection_c.c.o[0m
[8.328s] [100%] [32m[1mLinking C shared library rosidl_generator_py/unitree_go/unitree_go_s__rosidl_typesupport_fastrtps_c.cpython-310-x86_64-linux-gnu.so[0m
[8.329s] [100%] [32m[1mLinking C shared library rosidl_generator_py/unitree_go/unitree_go_s__rosidl_typesupport_introspection_c.cpython-310-x86_64-linux-gnu.so[0m
[8.329s] [100%] [32m[1mLinking C shared library rosidl_generator_py/unitree_go/unitree_go_s__rosidl_typesupport_c.cpython-310-x86_64-linux-gnu.so[0m
[8.347s] [100%] Built target unitree_go__rosidl_typesupport_fastrtps_c__pyext
[8.353s] [100%] Built target unitree_go__rosidl_typesupport_introspection_c__pyext
[8.353s] [100%] Built target unitree_go__rosidl_typesupport_c__pyext
[8.360s] Invoked command in '/home/jnu/go2_ws/build/unitree_go' returned '0': CMAKE_PREFIX_PATH=/opt/ros/humble /usr/bin/cmake --build /home/jnu/go2_ws/build/unitree_go -- -j24 -l24
[8.361s] Invoking command in '/home/jnu/go2_ws/build/unitree_go': CMAKE_PREFIX_PATH=/opt/ros/humble /usr/bin/cmake --install /home/jnu/go2_ws/build/unitree_go
[8.367s] -- Install configuration: ""
[8.367s] -- Execute custom install script
[8.367s] -- Symlinking: /home/jnu/go2_ws/install/unitree_go/share/ament_index/resource_index/rosidl_interfaces/unitree_go
[8.372s] -- Symlinking: /home/jnu/go2_ws/install/unitree_go/include/unitree_go/unitree_go/msg/audio_data.h
[8.379s] -- Symlinking: /home/jnu/go2_ws/install/unitree_go/include/unitree_go/unitree_go/msg/bms_cmd.h
[8.383s] -- Symlinking: /home/jnu/go2_ws/install/unitree_go/include/unitree_go/unitree_go/msg/bms_state.h
[8.389s] -- Symlinking: /home/jnu/go2_ws/install/unitree_go/include/unitree_go/unitree_go/msg/detail/audio_data__functions.h
[8.394s] -- Symlinking: /home/jnu/go2_ws/install/unitree_go/include/unitree_go/unitree_go/msg/detail/audio_data__struct.h
[8.399s] -- Symlinking: /home/jnu/go2_ws/install/unitree_go/include/unitree_go/unitree_go/msg/detail/audio_data__type_support.h
[8.405s] -- Symlinking: /home/jnu/go2_ws/install/unitree_go/include/unitree_go/unitree_go/msg/detail/bms_cmd__functions.h
[8.411s] -- Symlinking: /home/jnu/go2_ws/install/unitree_go/include/unitree_go/unitree_go/msg/detail/bms_cmd__struct.h
[8.416s] -- Symlinking: /home/jnu/go2_ws/install/unitree_go/include/unitree_go/unitree_go/msg/detail/bms_cmd__type_support.h
[8.420s] -- Symlinking: /home/jnu/go2_ws/install/unitree_go/include/unitree_go/unitree_go/msg/detail/bms_state__functions.h
[8.424s] -- Symlinking: /home/jnu/go2_ws/install/unitree_go/include/unitree_go/unitree_go/msg/detail/bms_state__struct.h
[8.430s] -- Symlinking: /home/jnu/go2_ws/install/unitree_go/include/unitree_go/unitree_go/msg/detail/bms_state__type_support.h
[8.434s] -- Symlinking: /home/jnu/go2_ws/install/unitree_go/include/unitree_go/unitree_go/msg/detail/error__functions.h
[8.440s] -- Symlinking: /home/jnu/go2_ws/install/unitree_go/include/unitree_go/unitree_go/msg/detail/error__struct.h
[8.445s] -- Symlinking: /home/jnu/go2_ws/install/unitree_go/include/unitree_go/unitree_go/msg/detail/error__type_support.h
[8.451s] -- Symlinking: /home/jnu/go2_ws/install/unitree_go/include/unitree_go/unitree_go/msg/detail/go2_front_video_data__functions.h
[8.457s] -- Symlinking: /home/jnu/go2_ws/install/unitree_go/include/unitree_go/unitree_go/msg/detail/go2_front_video_data__struct.h
[8.463s] -- Symlinking: /home/jnu/go2_ws/install/unitree_go/include/unitree_go/unitree_go/msg/detail/go2_front_video_data__type_support.h
[8.467s] -- Symlinking: /home/jnu/go2_ws/install/unitree_go/include/unitree_go/unitree_go/msg/detail/height_map__functions.h
[8.471s] -- Symlinking: /home/jnu/go2_ws/install/unitree_go/include/unitree_go/unitree_go/msg/detail/height_map__struct.h
[8.475s] -- Symlinking: /home/jnu/go2_ws/install/unitree_go/include/unitree_go/unitree_go/msg/detail/height_map__type_support.h
[8.479s] -- Symlinking: /home/jnu/go2_ws/install/unitree_go/include/unitree_go/unitree_go/msg/detail/imu_state__functions.h
[8.483s] -- Symlinking: /home/jnu/go2_ws/install/unitree_go/include/unitree_go/unitree_go/msg/detail/imu_state__struct.h
[8.488s] -- Symlinking: /home/jnu/go2_ws/install/unitree_go/include/unitree_go/unitree_go/msg/detail/imu_state__type_support.h
[8.494s] -- Symlinking: /home/jnu/go2_ws/install/unitree_go/include/unitree_go/unitree_go/msg/detail/interface_config__functions.h
[8.498s] -- Symlinking: /home/jnu/go2_ws/install/unitree_go/include/unitree_go/unitree_go/msg/detail/interface_config__struct.h
[8.502s] -- Symlinking: /home/jnu/go2_ws/install/unitree_go/include/unitree_go/unitree_go/msg/detail/interface_config__type_support.h
[8.506s] -- Symlinking: /home/jnu/go2_ws/install/unitree_go/include/unitree_go/unitree_go/msg/detail/lidar_state__functions.h
[8.512s] -- Symlinking: /home/jnu/go2_ws/install/unitree_go/include/unitree_go/unitree_go/msg/detail/lidar_state__struct.h
[8.518s] -- Symlinking: /home/jnu/go2_ws/install/unitree_go/include/unitree_go/unitree_go/msg/detail/lidar_state__type_support.h
[8.522s] -- Symlinking: /home/jnu/go2_ws/install/unitree_go/include/unitree_go/unitree_go/msg/detail/low_cmd__functions.h
[8.527s] -- Symlinking: /home/jnu/go2_ws/install/unitree_go/include/unitree_go/unitree_go/msg/detail/low_cmd__struct.h
[8.532s] -- Symlinking: /home/jnu/go2_ws/install/unitree_go/include/unitree_go/unitree_go/msg/detail/low_cmd__type_support.h
[8.538s] -- Symlinking: /home/jnu/go2_ws/install/unitree_go/include/unitree_go/unitree_go/msg/detail/low_state__functions.h
[8.543s] -- Symlinking: /home/jnu/go2_ws/install/unitree_go/include/unitree_go/unitree_go/msg/detail/low_state__struct.h
[8.547s] -- Symlinking: /home/jnu/go2_ws/install/unitree_go/include/unitree_go/unitree_go/msg/detail/low_state__type_support.h
[8.552s] -- Symlinking: /home/jnu/go2_ws/install/unitree_go/include/unitree_go/unitree_go/msg/detail/motor_cmd__functions.h
[8.556s] -- Symlinking: /home/jnu/go2_ws/install/unitree_go/include/unitree_go/unitree_go/msg/detail/motor_cmd__struct.h
[8.561s] -- Symlinking: /home/jnu/go2_ws/install/unitree_go/include/unitree_go/unitree_go/msg/detail/motor_cmd__type_support.h
[8.565s] -- Symlinking: /home/jnu/go2_ws/install/unitree_go/include/unitree_go/unitree_go/msg/detail/motor_cmds__functions.h
[8.570s] -- Symlinking: /home/jnu/go2_ws/install/unitree_go/include/unitree_go/unitree_go/msg/detail/motor_cmds__struct.h
[8.575s] -- Symlinking: /home/jnu/go2_ws/install/unitree_go/include/unitree_go/unitree_go/msg/detail/motor_cmds__type_support.h
[8.579s] -- Symlinking: /home/jnu/go2_ws/install/unitree_go/include/unitree_go/unitree_go/msg/detail/motor_state__functions.h
[8.584s] -- Symlinking: /home/jnu/go2_ws/install/unitree_go/include/unitree_go/unitree_go/msg/detail/motor_state__struct.h
[8.589s] -- Symlinking: /home/jnu/go2_ws/install/unitree_go/include/unitree_go/unitree_go/msg/detail/motor_state__type_support.h
[8.592s] -- Symlinking: /home/jnu/go2_ws/install/unitree_go/include/unitree_go/unitree_go/msg/detail/motor_states__functions.h
[8.596s] -- Symlinking: /home/jnu/go2_ws/install/unitree_go/include/unitree_go/unitree_go/msg/detail/motor_states__struct.h
[8.601s] -- Symlinking: /home/jnu/go2_ws/install/unitree_go/include/unitree_go/unitree_go/msg/detail/motor_states__type_support.h
[8.605s] -- Symlinking: /home/jnu/go2_ws/install/unitree_go/include/unitree_go/unitree_go/msg/detail/path_point__functions.h
[8.611s] -- Symlinking: /home/jnu/go2_ws/install/unitree_go/include/unitree_go/unitree_go/msg/detail/path_point__struct.h
[8.616s] -- Symlinking: /home/jnu/go2_ws/install/unitree_go/include/unitree_go/unitree_go/msg/detail/path_point__type_support.h
[8.620s] -- Symlinking: /home/jnu/go2_ws/install/unitree_go/include/unitree_go/unitree_go/msg/detail/req__functions.h
[8.623s] -- Symlinking: /home/jnu/go2_ws/install/unitree_go/include/unitree_go/unitree_go/msg/detail/req__struct.h
[8.627s] -- Symlinking: /home/jnu/go2_ws/install/unitree_go/include/unitree_go/unitree_go/msg/detail/req__type_support.h
[8.632s] -- Symlinking: /home/jnu/go2_ws/install/unitree_go/include/unitree_go/unitree_go/msg/detail/res__functions.h
[8.637s] -- Symlinking: /home/jnu/go2_ws/install/unitree_go/include/unitree_go/unitree_go/msg/detail/res__struct.h
[8.641s] -- Symlinking: /home/jnu/go2_ws/install/unitree_go/include/unitree_go/unitree_go/msg/detail/res__type_support.h
[8.647s] -- Symlinking: /home/jnu/go2_ws/install/unitree_go/include/unitree_go/unitree_go/msg/detail/sport_mode_cmd__functions.h
[8.650s] -- Symlinking: /home/jnu/go2_ws/install/unitree_go/include/unitree_go/unitree_go/msg/detail/sport_mode_cmd__struct.h
[8.656s] -- Symlinking: /home/jnu/go2_ws/install/unitree_go/include/unitree_go/unitree_go/msg/detail/sport_mode_cmd__type_support.h
[8.660s] -- Symlinking: /home/jnu/go2_ws/install/unitree_go/include/unitree_go/unitree_go/msg/detail/sport_mode_state__functions.h
[8.664s] -- Symlinking: /home/jnu/go2_ws/install/unitree_go/include/unitree_go/unitree_go/msg/detail/sport_mode_state__struct.h
[8.668s] -- Symlinking: /home/jnu/go2_ws/install/unitree_go/include/unitree_go/unitree_go/msg/detail/sport_mode_state__type_support.h
[8.674s] -- Symlinking: /home/jnu/go2_ws/install/unitree_go/include/unitree_go/unitree_go/msg/detail/time_spec__functions.h
[8.677s] -- Symlinking: /home/jnu/go2_ws/install/unitree_go/include/unitree_go/unitree_go/msg/detail/time_spec__struct.h
[8.681s] -- Symlinking: /home/jnu/go2_ws/install/unitree_go/include/unitree_go/unitree_go/msg/detail/time_spec__type_support.h
[8.686s] -- Symlinking: /home/jnu/go2_ws/install/unitree_go/include/unitree_go/unitree_go/msg/detail/uwb_state__functions.h
[8.690s] -- Symlinking: /home/jnu/go2_ws/install/unitree_go/include/unitree_go/unitree_go/msg/detail/uwb_state__struct.h
[8.695s] -- Symlinking: /home/jnu/go2_ws/install/unitree_go/include/unitree_go/unitree_go/msg/detail/uwb_state__type_support.h
[8.699s] -- Symlinking: /home/jnu/go2_ws/install/unitree_go/include/unitree_go/unitree_go/msg/detail/uwb_switch__functions.h
[8.704s] -- Symlinking: /home/jnu/go2_ws/install/unitree_go/include/unitree_go/unitree_go/msg/detail/uwb_switch__struct.h
[8.709s] -- Symlinking: /home/jnu/go2_ws/install/unitree_go/include/unitree_go/unitree_go/msg/detail/uwb_switch__type_support.h
[8.714s] -- Symlinking: /home/jnu/go2_ws/install/unitree_go/include/unitree_go/unitree_go/msg/detail/voxel_height_map_state__functions.h
[8.718s] -- Symlinking: /home/jnu/go2_ws/install/unitree_go/include/unitree_go/unitree_go/msg/detail/voxel_height_map_state__struct.h
[8.723s] -- Symlinking: /home/jnu/go2_ws/install/unitree_go/include/unitree_go/unitree_go/msg/detail/voxel_height_map_state__type_support.h
[8.727s] -- Symlinking: /home/jnu/go2_ws/install/unitree_go/include/unitree_go/unitree_go/msg/detail/voxel_map_compressed__functions.h
[8.733s] -- Symlinking: /home/jnu/go2_ws/install/unitree_go/include/unitree_go/unitree_go/msg/detail/voxel_map_compressed__struct.h
[8.738s] -- Symlinking: /home/jnu/go2_ws/install/unitree_go/include/unitree_go/unitree_go/msg/detail/voxel_map_compressed__type_support.h
[8.744s] -- Symlinking: /home/jnu/go2_ws/install/unitree_go/include/unitree_go/unitree_go/msg/detail/wireless_controller__functions.h
[8.749s] -- Symlinking: /home/jnu/go2_ws/install/unitree_go/include/unitree_go/unitree_go/msg/detail/wireless_controller__struct.h
[8.753s] -- Symlinking: /home/jnu/go2_ws/install/unitree_go/include/unitree_go/unitree_go/msg/detail/wireless_controller__type_support.h
[8.757s] -- Symlinking: /home/jnu/go2_ws/install/unitree_go/include/unitree_go/unitree_go/msg/error.h
[8.761s] -- Symlinking: /home/jnu/go2_ws/install/unitree_go/include/unitree_go/unitree_go/msg/go2_front_video_data.h
[8.767s] -- Symlinking: /home/jnu/go2_ws/install/unitree_go/include/unitree_go/unitree_go/msg/height_map.h
[8.772s] -- Symlinking: /home/jnu/go2_ws/install/unitree_go/include/unitree_go/unitree_go/msg/imu_state.h
[8.776s] -- Symlinking: /home/jnu/go2_ws/install/unitree_go/include/unitree_go/unitree_go/msg/interface_config.h
[8.780s] -- Symlinking: /home/jnu/go2_ws/install/unitree_go/include/unitree_go/unitree_go/msg/lidar_state.h
[8.786s] -- Symlinking: /home/jnu/go2_ws/install/unitree_go/include/unitree_go/unitree_go/msg/low_cmd.h
[8.791s] -- Symlinking: /home/jnu/go2_ws/install/unitree_go/include/unitree_go/unitree_go/msg/low_state.h
[8.796s] -- Symlinking: /home/jnu/go2_ws/install/unitree_go/include/unitree_go/unitree_go/msg/motor_cmd.h
[8.800s] -- Symlinking: /home/jnu/go2_ws/install/unitree_go/include/unitree_go/unitree_go/msg/motor_cmds.h
[8.804s] -- Symlinking: /home/jnu/go2_ws/install/unitree_go/include/unitree_go/unitree_go/msg/motor_state.h
[8.809s] -- Symlinking: /home/jnu/go2_ws/install/unitree_go/include/unitree_go/unitree_go/msg/motor_states.h
[8.812s] -- Symlinking: /home/jnu/go2_ws/install/unitree_go/include/unitree_go/unitree_go/msg/path_point.h
[8.818s] -- Symlinking: /home/jnu/go2_ws/install/unitree_go/include/unitree_go/unitree_go/msg/req.h
[8.822s] -- Symlinking: /home/jnu/go2_ws/install/unitree_go/include/unitree_go/unitree_go/msg/res.h
[8.826s] -- Symlinking: /home/jnu/go2_ws/install/unitree_go/include/unitree_go/unitree_go/msg/rosidl_generator_c__visibility_control.h
[8.832s] -- Symlinking: /home/jnu/go2_ws/install/unitree_go/include/unitree_go/unitree_go/msg/sport_mode_cmd.h
[8.837s] -- Symlinking: /home/jnu/go2_ws/install/unitree_go/include/unitree_go/unitree_go/msg/sport_mode_state.h
[8.842s] -- Symlinking: /home/jnu/go2_ws/install/unitree_go/include/unitree_go/unitree_go/msg/time_spec.h
[8.847s] -- Symlinking: /home/jnu/go2_ws/install/unitree_go/include/unitree_go/unitree_go/msg/uwb_state.h
[8.850s] -- Symlinking: /home/jnu/go2_ws/install/unitree_go/include/unitree_go/unitree_go/msg/uwb_switch.h
[8.855s] -- Symlinking: /home/jnu/go2_ws/install/unitree_go/include/unitree_go/unitree_go/msg/voxel_height_map_state.h
[8.860s] -- Symlinking: /home/jnu/go2_ws/install/unitree_go/include/unitree_go/unitree_go/msg/voxel_map_compressed.h
[8.865s] -- Symlinking: /home/jnu/go2_ws/install/unitree_go/include/unitree_go/unitree_go/msg/wireless_controller.h
[8.871s] -- Symlinking: /home/jnu/go2_ws/install/unitree_go/share/unitree_go/environment/library_path.sh
[8.875s] -- Symlinking: /home/jnu/go2_ws/install/unitree_go/share/unitree_go/environment/library_path.dsv
[8.880s] -- Symlinking: /home/jnu/go2_ws/install/unitree_go/include/unitree_go/unitree_go/msg/detail/audio_data__rosidl_typesupport_fastrtps_c.h
[8.884s] -- Symlinking: /home/jnu/go2_ws/install/unitree_go/include/unitree_go/unitree_go/msg/detail/bms_cmd__rosidl_typesupport_fastrtps_c.h
[8.890s] -- Symlinking: /home/jnu/go2_ws/install/unitree_go/include/unitree_go/unitree_go/msg/detail/bms_state__rosidl_typesupport_fastrtps_c.h
[8.895s] -- Symlinking: /home/jnu/go2_ws/install/unitree_go/include/unitree_go/unitree_go/msg/detail/error__rosidl_typesupport_fastrtps_c.h
[8.899s] -- Symlinking: /home/jnu/go2_ws/install/unitree_go/include/unitree_go/unitree_go/msg/detail/go2_front_video_data__rosidl_typesupport_fastrtps_c.h
[8.903s] -- Symlinking: /home/jnu/go2_ws/install/unitree_go/include/unitree_go/unitree_go/msg/detail/height_map__rosidl_typesupport_fastrtps_c.h
[8.909s] -- Symlinking: /home/jnu/go2_ws/install/unitree_go/include/unitree_go/unitree_go/msg/detail/imu_state__rosidl_typesupport_fastrtps_c.h
[8.915s] -- Symlinking: /home/jnu/go2_ws/install/unitree_go/include/unitree_go/unitree_go/msg/detail/interface_config__rosidl_typesupport_fastrtps_c.h
[8.920s] -- Symlinking: /home/jnu/go2_ws/install/unitree_go/include/unitree_go/unitree_go/msg/detail/lidar_state__rosidl_typesupport_fastrtps_c.h
[8.925s] -- Symlinking: /home/jnu/go2_ws/install/unitree_go/include/unitree_go/unitree_go/msg/detail/low_cmd__rosidl_typesupport_fastrtps_c.h
[8.930s] -- Symlinking: /home/jnu/go2_ws/install/unitree_go/include/unitree_go/unitree_go/msg/detail/low_state__rosidl_typesupport_fastrtps_c.h
[8.936s] -- Symlinking: /home/jnu/go2_ws/install/unitree_go/include/unitree_go/unitree_go/msg/detail/motor_cmd__rosidl_typesupport_fastrtps_c.h
[8.940s] -- Symlinking: /home/jnu/go2_ws/install/unitree_go/include/unitree_go/unitree_go/msg/detail/motor_cmds__rosidl_typesupport_fastrtps_c.h
[8.944s] -- Symlinking: /home/jnu/go2_ws/install/unitree_go/include/unitree_go/unitree_go/msg/detail/motor_state__rosidl_typesupport_fastrtps_c.h
[8.949s] -- Symlinking: /home/jnu/go2_ws/install/unitree_go/include/unitree_go/unitree_go/msg/detail/motor_states__rosidl_typesupport_fastrtps_c.h
[8.954s] -- Symlinking: /home/jnu/go2_ws/install/unitree_go/include/unitree_go/unitree_go/msg/detail/path_point__rosidl_typesupport_fastrtps_c.h
[8.960s] -- Symlinking: /home/jnu/go2_ws/install/unitree_go/include/unitree_go/unitree_go/msg/detail/req__rosidl_typesupport_fastrtps_c.h
[8.964s] -- Symlinking: /home/jnu/go2_ws/install/unitree_go/include/unitree_go/unitree_go/msg/detail/res__rosidl_typesupport_fastrtps_c.h
[8.968s] -- Symlinking: /home/jnu/go2_ws/install/unitree_go/include/unitree_go/unitree_go/msg/detail/sport_mode_cmd__rosidl_typesupport_fastrtps_c.h
[8.974s] -- Symlinking: /home/jnu/go2_ws/install/unitree_go/include/unitree_go/unitree_go/msg/detail/sport_mode_state__rosidl_typesupport_fastrtps_c.h
[8.978s] -- Symlinking: /home/jnu/go2_ws/install/unitree_go/include/unitree_go/unitree_go/msg/detail/time_spec__rosidl_typesupport_fastrtps_c.h
[8.983s] -- Symlinking: /home/jnu/go2_ws/install/unitree_go/include/unitree_go/unitree_go/msg/detail/uwb_state__rosidl_typesupport_fastrtps_c.h
[8.989s] -- Symlinking: /home/jnu/go2_ws/install/unitree_go/include/unitree_go/unitree_go/msg/detail/uwb_switch__rosidl_typesupport_fastrtps_c.h
[8.993s] -- Symlinking: /home/jnu/go2_ws/install/unitree_go/include/unitree_go/unitree_go/msg/detail/voxel_height_map_state__rosidl_typesupport_fastrtps_c.h
[8.997s] -- Symlinking: /home/jnu/go2_ws/install/unitree_go/include/unitree_go/unitree_go/msg/detail/voxel_map_compressed__rosidl_typesupport_fastrtps_c.h
[9.001s] -- Symlinking: /home/jnu/go2_ws/install/unitree_go/include/unitree_go/unitree_go/msg/detail/wireless_controller__rosidl_typesupport_fastrtps_c.h
[9.006s] -- Symlinking: /home/jnu/go2_ws/install/unitree_go/include/unitree_go/unitree_go/msg/rosidl_typesupport_fastrtps_c__visibility_control.h
[9.010s] -- Symlinking: /home/jnu/go2_ws/install/unitree_go/include/unitree_go/unitree_go/msg/detail/audio_data__rosidl_typesupport_introspection_c.h
[9.014s] -- Symlinking: /home/jnu/go2_ws/install/unitree_go/include/unitree_go/unitree_go/msg/detail/bms_cmd__rosidl_typesupport_introspection_c.h
[9.018s] -- Symlinking: /home/jnu/go2_ws/install/unitree_go/include/unitree_go/unitree_go/msg/detail/bms_state__rosidl_typesupport_introspection_c.h
[9.022s] -- Symlinking: /home/jnu/go2_ws/install/unitree_go/include/unitree_go/unitree_go/msg/detail/error__rosidl_typesupport_introspection_c.h
[9.028s] -- Symlinking: /home/jnu/go2_ws/install/unitree_go/include/unitree_go/unitree_go/msg/detail/go2_front_video_data__rosidl_typesupport_introspection_c.h
[9.032s] -- Symlinking: /home/jnu/go2_ws/install/unitree_go/include/unitree_go/unitree_go/msg/detail/height_map__rosidl_typesupport_introspection_c.h
[9.037s] -- Symlinking: /home/jnu/go2_ws/install/unitree_go/include/unitree_go/unitree_go/msg/detail/imu_state__rosidl_typesupport_introspection_c.h
[9.041s] -- Symlinking: /home/jnu/go2_ws/install/unitree_go/include/unitree_go/unitree_go/msg/detail/interface_config__rosidl_typesupport_introspection_c.h
[9.045s] -- Symlinking: /home/jnu/go2_ws/install/unitree_go/include/unitree_go/unitree_go/msg/detail/lidar_state__rosidl_typesupport_introspection_c.h
[9.050s] -- Symlinking: /home/jnu/go2_ws/install/unitree_go/include/unitree_go/unitree_go/msg/detail/low_cmd__rosidl_typesupport_introspection_c.h
[9.053s] -- Symlinking: /home/jnu/go2_ws/install/unitree_go/include/unitree_go/unitree_go/msg/detail/low_state__rosidl_typesupport_introspection_c.h
[9.059s] -- Symlinking: /home/jnu/go2_ws/install/unitree_go/include/unitree_go/unitree_go/msg/detail/motor_cmd__rosidl_typesupport_introspection_c.h
[9.063s] -- Symlinking: /home/jnu/go2_ws/install/unitree_go/include/unitree_go/unitree_go/msg/detail/motor_cmds__rosidl_typesupport_introspection_c.h
[9.068s] -- Symlinking: /home/jnu/go2_ws/install/unitree_go/include/unitree_go/unitree_go/msg/detail/motor_state__rosidl_typesupport_introspection_c.h
[9.073s] -- Symlinking: /home/jnu/go2_ws/install/unitree_go/include/unitree_go/unitree_go/msg/detail/motor_states__rosidl_typesupport_introspection_c.h
[9.078s] -- Symlinking: /home/jnu/go2_ws/install/unitree_go/include/unitree_go/unitree_go/msg/detail/path_point__rosidl_typesupport_introspection_c.h
[9.083s] -- Symlinking: /home/jnu/go2_ws/install/unitree_go/include/unitree_go/unitree_go/msg/detail/req__rosidl_typesupport_introspection_c.h
[9.088s] -- Symlinking: /home/jnu/go2_ws/install/unitree_go/include/unitree_go/unitree_go/msg/detail/res__rosidl_typesupport_introspection_c.h
[9.091s] -- Symlinking: /home/jnu/go2_ws/install/unitree_go/include/unitree_go/unitree_go/msg/detail/sport_mode_cmd__rosidl_typesupport_introspection_c.h
[9.096s] -- Symlinking: /home/jnu/go2_ws/install/unitree_go/include/unitree_go/unitree_go/msg/detail/sport_mode_state__rosidl_typesupport_introspection_c.h
[9.101s] -- Symlinking: /home/jnu/go2_ws/install/unitree_go/include/unitree_go/unitree_go/msg/detail/time_spec__rosidl_typesupport_introspection_c.h
[9.105s] -- Symlinking: /home/jnu/go2_ws/install/unitree_go/include/unitree_go/unitree_go/msg/detail/uwb_state__rosidl_typesupport_introspection_c.h
[9.111s] -- Symlinking: /home/jnu/go2_ws/install/unitree_go/include/unitree_go/unitree_go/msg/detail/uwb_switch__rosidl_typesupport_introspection_c.h
[9.115s] -- Symlinking: /home/jnu/go2_ws/install/unitree_go/include/unitree_go/unitree_go/msg/detail/voxel_height_map_state__rosidl_typesupport_introspection_c.h
[9.120s] -- Symlinking: /home/jnu/go2_ws/install/unitree_go/include/unitree_go/unitree_go/msg/detail/voxel_map_compressed__rosidl_typesupport_introspection_c.h
[9.126s] -- Symlinking: /home/jnu/go2_ws/install/unitree_go/include/unitree_go/unitree_go/msg/detail/wireless_controller__rosidl_typesupport_introspection_c.h
[9.130s] -- Symlinking: /home/jnu/go2_ws/install/unitree_go/include/unitree_go/unitree_go/msg/rosidl_typesupport_introspection_c__visibility_control.h
[9.135s] -- Symlinking: /home/jnu/go2_ws/install/unitree_go/include/unitree_go/unitree_go/msg/audio_data.hpp
[9.139s] -- Symlinking: /home/jnu/go2_ws/install/unitree_go/include/unitree_go/unitree_go/msg/bms_cmd.hpp
[9.143s] -- Symlinking: /home/jnu/go2_ws/install/unitree_go/include/unitree_go/unitree_go/msg/bms_state.hpp
[9.147s] -- Symlinking: /home/jnu/go2_ws/install/unitree_go/include/unitree_go/unitree_go/msg/detail/audio_data__builder.hpp
[9.152s] -- Symlinking: /home/jnu/go2_ws/install/unitree_go/include/unitree_go/unitree_go/msg/detail/audio_data__struct.hpp
[9.157s] -- Symlinking: /home/jnu/go2_ws/install/unitree_go/include/unitree_go/unitree_go/msg/detail/audio_data__traits.hpp
[9.163s] -- Symlinking: /home/jnu/go2_ws/install/unitree_go/include/unitree_go/unitree_go/msg/detail/audio_data__type_support.hpp
[9.167s] -- Symlinking: /home/jnu/go2_ws/install/unitree_go/include/unitree_go/unitree_go/msg/detail/bms_cmd__builder.hpp
[9.172s] -- Symlinking: /home/jnu/go2_ws/install/unitree_go/include/unitree_go/unitree_go/msg/detail/bms_cmd__struct.hpp
[9.177s] -- Symlinking: /home/jnu/go2_ws/install/unitree_go/include/unitree_go/unitree_go/msg/detail/bms_cmd__traits.hpp
[9.182s] -- Symlinking: /home/jnu/go2_ws/install/unitree_go/include/unitree_go/unitree_go/msg/detail/bms_cmd__type_support.hpp
[9.186s] -- Symlinking: /home/jnu/go2_ws/install/unitree_go/include/unitree_go/unitree_go/msg/detail/bms_state__builder.hpp
[9.191s] -- Symlinking: /home/jnu/go2_ws/install/unitree_go/include/unitree_go/unitree_go/msg/detail/bms_state__struct.hpp
[9.195s] -- Symlinking: /home/jnu/go2_ws/install/unitree_go/include/unitree_go/unitree_go/msg/detail/bms_state__traits.hpp
[9.199s] -- Symlinking: /home/jnu/go2_ws/install/unitree_go/include/unitree_go/unitree_go/msg/detail/bms_state__type_support.hpp
[9.204s] -- Symlinking: /home/jnu/go2_ws/install/unitree_go/include/unitree_go/unitree_go/msg/detail/error__builder.hpp
[9.209s] -- Symlinking: /home/jnu/go2_ws/install/unitree_go/include/unitree_go/unitree_go/msg/detail/error__struct.hpp
[9.213s] -- Symlinking: /home/jnu/go2_ws/install/unitree_go/include/unitree_go/unitree_go/msg/detail/error__traits.hpp
[9.219s] -- Symlinking: /home/jnu/go2_ws/install/unitree_go/include/unitree_go/unitree_go/msg/detail/error__type_support.hpp
[9.223s] -- Symlinking: /home/jnu/go2_ws/install/unitree_go/include/unitree_go/unitree_go/msg/detail/go2_front_video_data__builder.hpp
[9.229s] -- Symlinking: /home/jnu/go2_ws/install/unitree_go/include/unitree_go/unitree_go/msg/detail/go2_front_video_data__struct.hpp
[9.234s] -- Symlinking: /home/jnu/go2_ws/install/unitree_go/include/unitree_go/unitree_go/msg/detail/go2_front_video_data__traits.hpp
[9.239s] -- Symlinking: /home/jnu/go2_ws/install/unitree_go/include/unitree_go/unitree_go/msg/detail/go2_front_video_data__type_support.hpp
[9.243s] -- Symlinking: /home/jnu/go2_ws/install/unitree_go/include/unitree_go/unitree_go/msg/detail/height_map__builder.hpp
[9.247s] -- Symlinking: /home/jnu/go2_ws/install/unitree_go/include/unitree_go/unitree_go/msg/detail/height_map__struct.hpp
[9.253s] -- Symlinking: /home/jnu/go2_ws/install/unitree_go/include/unitree_go/unitree_go/msg/detail/height_map__traits.hpp
[9.258s] -- Symlinking: /home/jnu/go2_ws/install/unitree_go/include/unitree_go/unitree_go/msg/detail/height_map__type_support.hpp
[9.263s] -- Symlinking: /home/jnu/go2_ws/install/unitree_go/include/unitree_go/unitree_go/msg/detail/imu_state__builder.hpp
[9.267s] -- Symlinking: /home/jnu/go2_ws/install/unitree_go/include/unitree_go/unitree_go/msg/detail/imu_state__struct.hpp
[9.271s] -- Symlinking: /home/jnu/go2_ws/install/unitree_go/include/unitree_go/unitree_go/msg/detail/imu_state__traits.hpp
[9.275s] -- Symlinking: /home/jnu/go2_ws/install/unitree_go/include/unitree_go/unitree_go/msg/detail/imu_state__type_support.hpp
[9.279s] -- Symlinking: /home/jnu/go2_ws/install/unitree_go/include/unitree_go/unitree_go/msg/detail/interface_config__builder.hpp
[9.285s] -- Symlinking: /home/jnu/go2_ws/install/unitree_go/include/unitree_go/unitree_go/msg/detail/interface_config__struct.hpp
[9.289s] -- Symlinking: /home/jnu/go2_ws/install/unitree_go/include/unitree_go/unitree_go/msg/detail/interface_config__traits.hpp
[9.293s] -- Symlinking: /home/jnu/go2_ws/install/unitree_go/include/unitree_go/unitree_go/msg/detail/interface_config__type_support.hpp
[9.298s] -- Symlinking: /home/jnu/go2_ws/install/unitree_go/include/unitree_go/unitree_go/msg/detail/lidar_state__builder.hpp
[9.302s] -- Symlinking: /home/jnu/go2_ws/install/unitree_go/include/unitree_go/unitree_go/msg/detail/lidar_state__struct.hpp
[9.308s] -- Symlinking: /home/jnu/go2_ws/install/unitree_go/include/unitree_go/unitree_go/msg/detail/lidar_state__traits.hpp
[9.312s] -- Symlinking: /home/jnu/go2_ws/install/unitree_go/include/unitree_go/unitree_go/msg/detail/lidar_state__type_support.hpp
[9.316s] -- Symlinking: /home/jnu/go2_ws/install/unitree_go/include/unitree_go/unitree_go/msg/detail/low_cmd__builder.hpp
[9.322s] -- Symlinking: /home/jnu/go2_ws/install/unitree_go/include/unitree_go/unitree_go/msg/detail/low_cmd__struct.hpp
[9.326s] -- Symlinking: /home/jnu/go2_ws/install/unitree_go/include/unitree_go/unitree_go/msg/detail/low_cmd__traits.hpp
[9.332s] -- Symlinking: /home/jnu/go2_ws/install/unitree_go/include/unitree_go/unitree_go/msg/detail/low_cmd__type_support.hpp
[9.337s] -- Symlinking: /home/jnu/go2_ws/install/unitree_go/include/unitree_go/unitree_go/msg/detail/low_state__builder.hpp
[9.341s] -- Symlinking: /home/jnu/go2_ws/install/unitree_go/include/unitree_go/unitree_go/msg/detail/low_state__struct.hpp
[9.347s] -- Symlinking: /home/jnu/go2_ws/install/unitree_go/include/unitree_go/unitree_go/msg/detail/low_state__traits.hpp
[9.351s] -- Symlinking: /home/jnu/go2_ws/install/unitree_go/include/unitree_go/unitree_go/msg/detail/low_state__type_support.hpp
[9.357s] -- Symlinking: /home/jnu/go2_ws/install/unitree_go/include/unitree_go/unitree_go/msg/detail/motor_cmd__builder.hpp
[9.361s] -- Symlinking: /home/jnu/go2_ws/install/unitree_go/include/unitree_go/unitree_go/msg/detail/motor_cmd__struct.hpp
[9.366s] -- Symlinking: /home/jnu/go2_ws/install/unitree_go/include/unitree_go/unitree_go/msg/detail/motor_cmd__traits.hpp
[9.370s] -- Symlinking: /home/jnu/go2_ws/install/unitree_go/include/unitree_go/unitree_go/msg/detail/motor_cmd__type_support.hpp
[9.376s] -- Symlinking: /home/jnu/go2_ws/install/unitree_go/include/unitree_go/unitree_go/msg/detail/motor_cmds__builder.hpp
[9.380s] -- Symlinking: /home/jnu/go2_ws/install/unitree_go/include/unitree_go/unitree_go/msg/detail/motor_cmds__struct.hpp
[9.385s] -- Symlinking: /home/jnu/go2_ws/install/unitree_go/include/unitree_go/unitree_go/msg/detail/motor_cmds__traits.hpp
[9.389s] -- Symlinking: /home/jnu/go2_ws/install/unitree_go/include/unitree_go/unitree_go/msg/detail/motor_cmds__type_support.hpp
[9.394s] -- Symlinking: /home/jnu/go2_ws/install/unitree_go/include/unitree_go/unitree_go/msg/detail/motor_state__builder.hpp
[9.400s] -- Symlinking: /home/jnu/go2_ws/install/unitree_go/include/unitree_go/unitree_go/msg/detail/motor_state__struct.hpp
[9.406s] -- Symlinking: /home/jnu/go2_ws/install/unitree_go/include/unitree_go/unitree_go/msg/detail/motor_state__traits.hpp
[9.410s] -- Symlinking: /home/jnu/go2_ws/install/unitree_go/include/unitree_go/unitree_go/msg/detail/motor_state__type_support.hpp
[9.414s] -- Symlinking: /home/jnu/go2_ws/install/unitree_go/include/unitree_go/unitree_go/msg/detail/motor_states__builder.hpp
[9.418s] -- Symlinking: /home/jnu/go2_ws/install/unitree_go/include/unitree_go/unitree_go/msg/detail/motor_states__struct.hpp
[9.424s] -- Symlinking: /home/jnu/go2_ws/install/unitree_go/include/unitree_go/unitree_go/msg/detail/motor_states__traits.hpp
[9.430s] -- Symlinking: /home/jnu/go2_ws/install/unitree_go/include/unitree_go/unitree_go/msg/detail/motor_states__type_support.hpp
[9.434s] -- Symlinking: /home/jnu/go2_ws/install/unitree_go/include/unitree_go/unitree_go/msg/detail/path_point__builder.hpp
[9.438s] -- Symlinking: /home/jnu/go2_ws/install/unitree_go/include/unitree_go/unitree_go/msg/detail/path_point__struct.hpp
[9.444s] -- Symlinking: /home/jnu/go2_ws/install/unitree_go/include/unitree_go/unitree_go/msg/detail/path_point__traits.hpp
[9.450s] -- Symlinking: /home/jnu/go2_ws/install/unitree_go/include/unitree_go/unitree_go/msg/detail/path_point__type_support.hpp
[9.455s] -- Symlinking: /home/jnu/go2_ws/install/unitree_go/include/unitree_go/unitree_go/msg/detail/req__builder.hpp
[9.460s] -- Symlinking: /home/jnu/go2_ws/install/unitree_go/include/unitree_go/unitree_go/msg/detail/req__struct.hpp
[9.466s] -- Symlinking: /home/jnu/go2_ws/install/unitree_go/include/unitree_go/unitree_go/msg/detail/req__traits.hpp
[9.471s] -- Symlinking: /home/jnu/go2_ws/install/unitree_go/include/unitree_go/unitree_go/msg/detail/req__type_support.hpp
[9.476s] -- Symlinking: /home/jnu/go2_ws/install/unitree_go/include/unitree_go/unitree_go/msg/detail/res__builder.hpp
[9.482s] -- Symlinking: /home/jnu/go2_ws/install/unitree_go/include/unitree_go/unitree_go/msg/detail/res__struct.hpp
[9.486s] -- Symlinking: /home/jnu/go2_ws/install/unitree_go/include/unitree_go/unitree_go/msg/detail/res__traits.hpp
[9.491s] -- Symlinking: /home/jnu/go2_ws/install/unitree_go/include/unitree_go/unitree_go/msg/detail/res__type_support.hpp
[9.496s] -- Symlinking: /home/jnu/go2_ws/install/unitree_go/include/unitree_go/unitree_go/msg/detail/sport_mode_cmd__builder.hpp
[9.500s] -- Symlinking: /home/jnu/go2_ws/install/unitree_go/include/unitree_go/unitree_go/msg/detail/sport_mode_cmd__struct.hpp
[9.506s] -- Symlinking: /home/jnu/go2_ws/install/unitree_go/include/unitree_go/unitree_go/msg/detail/sport_mode_cmd__traits.hpp
[9.510s] -- Symlinking: /home/jnu/go2_ws/install/unitree_go/include/unitree_go/unitree_go/msg/detail/sport_mode_cmd__type_support.hpp
[9.516s] -- Symlinking: /home/jnu/go2_ws/install/unitree_go/include/unitree_go/unitree_go/msg/detail/sport_mode_state__builder.hpp
[9.520s] -- Symlinking: /home/jnu/go2_ws/install/unitree_go/include/unitree_go/unitree_go/msg/detail/sport_mode_state__struct.hpp
[9.525s] -- Symlinking: /home/jnu/go2_ws/install/unitree_go/include/unitree_go/unitree_go/msg/detail/sport_mode_state__traits.hpp
[9.529s] -- Symlinking: /home/jnu/go2_ws/install/unitree_go/include/unitree_go/unitree_go/msg/detail/sport_mode_state__type_support.hpp
[9.535s] -- Symlinking: /home/jnu/go2_ws/install/unitree_go/include/unitree_go/unitree_go/msg/detail/time_spec__builder.hpp
[9.540s] -- Symlinking: /home/jnu/go2_ws/install/unitree_go/include/unitree_go/unitree_go/msg/detail/time_spec__struct.hpp
[9.545s] -- Symlinking: /home/jnu/go2_ws/install/unitree_go/include/unitree_go/unitree_go/msg/detail/time_spec__traits.hpp
[9.549s] -- Symlinking: /home/jnu/go2_ws/install/unitree_go/include/unitree_go/unitree_go/msg/detail/time_spec__type_support.hpp
[9.554s] -- Symlinking: /home/jnu/go2_ws/install/unitree_go/include/unitree_go/unitree_go/msg/detail/uwb_state__builder.hpp
[9.558s] -- Symlinking: /home/jnu/go2_ws/install/unitree_go/include/unitree_go/unitree_go/msg/detail/uwb_state__struct.hpp
[9.564s] -- Symlinking: /home/jnu/go2_ws/install/unitree_go/include/unitree_go/unitree_go/msg/detail/uwb_state__traits.hpp
[9.569s] -- Symlinking: /home/jnu/go2_ws/install/unitree_go/include/unitree_go/unitree_go/msg/detail/uwb_state__type_support.hpp
[9.574s] -- Symlinking: /home/jnu/go2_ws/install/unitree_go/include/unitree_go/unitree_go/msg/detail/uwb_switch__builder.hpp
[9.580s] -- Symlinking: /home/jnu/go2_ws/install/unitree_go/include/unitree_go/unitree_go/msg/detail/uwb_switch__struct.hpp
[9.584s] -- Symlinking: /home/jnu/go2_ws/install/unitree_go/include/unitree_go/unitree_go/msg/detail/uwb_switch__traits.hpp
[9.591s] -- Symlinking: /home/jnu/go2_ws/install/unitree_go/include/unitree_go/unitree_go/msg/detail/uwb_switch__type_support.hpp
[9.597s] -- Symlinking: /home/jnu/go2_ws/install/unitree_go/include/unitree_go/unitree_go/msg/detail/voxel_height_map_state__builder.hpp
[9.603s] -- Symlinking: /home/jnu/go2_ws/install/unitree_go/include/unitree_go/unitree_go/msg/detail/voxel_height_map_state__struct.hpp
[9.608s] -- Symlinking: /home/jnu/go2_ws/install/unitree_go/include/unitree_go/unitree_go/msg/detail/voxel_height_map_state__traits.hpp
[9.614s] -- Symlinking: /home/jnu/go2_ws/install/unitree_go/include/unitree_go/unitree_go/msg/detail/voxel_height_map_state__type_support.hpp
[9.619s] -- Symlinking: /home/jnu/go2_ws/install/unitree_go/include/unitree_go/unitree_go/msg/detail/voxel_map_compressed__builder.hpp
[9.623s] -- Symlinking: /home/jnu/go2_ws/install/unitree_go/include/unitree_go/unitree_go/msg/detail/voxel_map_compressed__struct.hpp
[9.628s] -- Symlinking: /home/jnu/go2_ws/install/unitree_go/include/unitree_go/unitree_go/msg/detail/voxel_map_compressed__traits.hpp
[9.634s] -- Symlinking: /home/jnu/go2_ws/install/unitree_go/include/unitree_go/unitree_go/msg/detail/voxel_map_compressed__type_support.hpp
[9.641s] -- Symlinking: /home/jnu/go2_ws/install/unitree_go/include/unitree_go/unitree_go/msg/detail/wireless_controller__builder.hpp
[9.645s] -- Symlinking: /home/jnu/go2_ws/install/unitree_go/include/unitree_go/unitree_go/msg/detail/wireless_controller__struct.hpp
[9.650s] -- Symlinking: /home/jnu/go2_ws/install/unitree_go/include/unitree_go/unitree_go/msg/detail/wireless_controller__traits.hpp
[9.654s] -- Symlinking: /home/jnu/go2_ws/install/unitree_go/include/unitree_go/unitree_go/msg/detail/wireless_controller__type_support.hpp
[9.658s] -- Symlinking: /home/jnu/go2_ws/install/unitree_go/include/unitree_go/unitree_go/msg/error.hpp
[9.663s] -- Symlinking: /home/jnu/go2_ws/install/unitree_go/include/unitree_go/unitree_go/msg/go2_front_video_data.hpp
[9.667s] -- Symlinking: /home/jnu/go2_ws/install/unitree_go/include/unitree_go/unitree_go/msg/height_map.hpp
[9.673s] -- Symlinking: /home/jnu/go2_ws/install/unitree_go/include/unitree_go/unitree_go/msg/imu_state.hpp
[9.677s] -- Symlinking: /home/jnu/go2_ws/install/unitree_go/include/unitree_go/unitree_go/msg/interface_config.hpp
[9.681s] -- Symlinking: /home/jnu/go2_ws/install/unitree_go/include/unitree_go/unitree_go/msg/lidar_state.hpp
[9.684s] -- Symlinking: /home/jnu/go2_ws/install/unitree_go/include/unitree_go/unitree_go/msg/low_cmd.hpp
[9.689s] -- Symlinking: /home/jnu/go2_ws/install/unitree_go/include/unitree_go/unitree_go/msg/low_state.hpp
[9.693s] -- Symlinking: /home/jnu/go2_ws/install/unitree_go/include/unitree_go/unitree_go/msg/motor_cmd.hpp
[9.697s] -- Symlinking: /home/jnu/go2_ws/install/unitree_go/include/unitree_go/unitree_go/msg/motor_cmds.hpp
[9.703s] -- Symlinking: /home/jnu/go2_ws/install/unitree_go/include/unitree_go/unitree_go/msg/motor_state.hpp
[9.707s] -- Symlinking: /home/jnu/go2_ws/install/unitree_go/include/unitree_go/unitree_go/msg/motor_states.hpp
[9.713s] -- Symlinking: /home/jnu/go2_ws/install/unitree_go/include/unitree_go/unitree_go/msg/path_point.hpp
[9.717s] -- Symlinking: /home/jnu/go2_ws/install/unitree_go/include/unitree_go/unitree_go/msg/req.hpp
[9.723s] -- Symlinking: /home/jnu/go2_ws/install/unitree_go/include/unitree_go/unitree_go/msg/res.hpp
[9.727s] -- Symlinking: /home/jnu/go2_ws/install/unitree_go/include/unitree_go/unitree_go/msg/rosidl_generator_cpp__visibility_control.hpp
[9.732s] -- Symlinking: /home/jnu/go2_ws/install/unitree_go/include/unitree_go/unitree_go/msg/sport_mode_cmd.hpp
[9.737s] -- Symlinking: /home/jnu/go2_ws/install/unitree_go/include/unitree_go/unitree_go/msg/sport_mode_state.hpp
[9.741s] -- Symlinking: /home/jnu/go2_ws/install/unitree_go/include/unitree_go/unitree_go/msg/time_spec.hpp
[9.745s] -- Symlinking: /home/jnu/go2_ws/install/unitree_go/include/unitree_go/unitree_go/msg/uwb_state.hpp
[9.749s] -- Symlinking: /home/jnu/go2_ws/install/unitree_go/include/unitree_go/unitree_go/msg/uwb_switch.hpp
[9.754s] -- Symlinking: /home/jnu/go2_ws/install/unitree_go/include/unitree_go/unitree_go/msg/voxel_height_map_state.hpp
[9.759s] -- Symlinking: /home/jnu/go2_ws/install/unitree_go/include/unitree_go/unitree_go/msg/voxel_map_compressed.hpp
[9.764s] -- Symlinking: /home/jnu/go2_ws/install/unitree_go/include/unitree_go/unitree_go/msg/wireless_controller.hpp
[9.768s] -- Symlinking: /home/jnu/go2_ws/install/unitree_go/include/unitree_go/unitree_go/msg/detail/audio_data__rosidl_typesupport_fastrtps_cpp.hpp
[9.774s] -- Symlinking: /home/jnu/go2_ws/install/unitree_go/include/unitree_go/unitree_go/msg/detail/bms_cmd__rosidl_typesupport_fastrtps_cpp.hpp
[9.778s] -- Symlinking: /home/jnu/go2_ws/install/unitree_go/include/unitree_go/unitree_go/msg/detail/bms_state__rosidl_typesupport_fastrtps_cpp.hpp
[9.783s] -- Symlinking: /home/jnu/go2_ws/install/unitree_go/include/unitree_go/unitree_go/msg/detail/error__rosidl_typesupport_fastrtps_cpp.hpp
[9.789s] -- Symlinking: /home/jnu/go2_ws/install/unitree_go/include/unitree_go/unitree_go/msg/detail/go2_front_video_data__rosidl_typesupport_fastrtps_cpp.hpp
[9.795s] -- Symlinking: /home/jnu/go2_ws/install/unitree_go/include/unitree_go/unitree_go/msg/detail/height_map__rosidl_typesupport_fastrtps_cpp.hpp
[9.800s] -- Symlinking: /home/jnu/go2_ws/install/unitree_go/include/unitree_go/unitree_go/msg/detail/imu_state__rosidl_typesupport_fastrtps_cpp.hpp
[9.806s] -- Symlinking: /home/jnu/go2_ws/install/unitree_go/include/unitree_go/unitree_go/msg/detail/interface_config__rosidl_typesupport_fastrtps_cpp.hpp
[9.811s] -- Symlinking: /home/jnu/go2_ws/install/unitree_go/include/unitree_go/unitree_go/msg/detail/lidar_state__rosidl_typesupport_fastrtps_cpp.hpp
[9.816s] -- Symlinking: /home/jnu/go2_ws/install/unitree_go/include/unitree_go/unitree_go/msg/detail/low_cmd__rosidl_typesupport_fastrtps_cpp.hpp
[9.821s] -- Symlinking: /home/jnu/go2_ws/install/unitree_go/include/unitree_go/unitree_go/msg/detail/low_state__rosidl_typesupport_fastrtps_cpp.hpp
[9.825s] -- Symlinking: /home/jnu/go2_ws/install/unitree_go/include/unitree_go/unitree_go/msg/detail/motor_cmd__rosidl_typesupport_fastrtps_cpp.hpp
[9.831s] -- Symlinking: /home/jnu/go2_ws/install/unitree_go/include/unitree_go/unitree_go/msg/detail/motor_cmds__rosidl_typesupport_fastrtps_cpp.hpp
[9.837s] -- Symlinking: /home/jnu/go2_ws/install/unitree_go/include/unitree_go/unitree_go/msg/detail/motor_state__rosidl_typesupport_fastrtps_cpp.hpp
[9.843s] -- Symlinking: /home/jnu/go2_ws/install/unitree_go/include/unitree_go/unitree_go/msg/detail/motor_states__rosidl_typesupport_fastrtps_cpp.hpp
[9.847s] -- Symlinking: /home/jnu/go2_ws/install/unitree_go/include/unitree_go/unitree_go/msg/detail/path_point__rosidl_typesupport_fastrtps_cpp.hpp
[9.851s] -- Symlinking: /home/jnu/go2_ws/install/unitree_go/include/unitree_go/unitree_go/msg/detail/req__rosidl_typesupport_fastrtps_cpp.hpp
[9.857s] -- Symlinking: /home/jnu/go2_ws/install/unitree_go/include/unitree_go/unitree_go/msg/detail/res__rosidl_typesupport_fastrtps_cpp.hpp
[9.862s] -- Symlinking: /home/jnu/go2_ws/install/unitree_go/include/unitree_go/unitree_go/msg/detail/sport_mode_cmd__rosidl_typesupport_fastrtps_cpp.hpp
[9.868s] -- Symlinking: /home/jnu/go2_ws/install/unitree_go/include/unitree_go/unitree_go/msg/detail/sport_mode_state__rosidl_typesupport_fastrtps_cpp.hpp
[9.872s] -- Symlinking: /home/jnu/go2_ws/install/unitree_go/include/unitree_go/unitree_go/msg/detail/time_spec__rosidl_typesupport_fastrtps_cpp.hpp
[9.876s] -- Symlinking: /home/jnu/go2_ws/install/unitree_go/include/unitree_go/unitree_go/msg/detail/uwb_state__rosidl_typesupport_fastrtps_cpp.hpp
[9.882s] -- Symlinking: /home/jnu/go2_ws/install/unitree_go/include/unitree_go/unitree_go/msg/detail/uwb_switch__rosidl_typesupport_fastrtps_cpp.hpp
[9.886s] -- Symlinking: /home/jnu/go2_ws/install/unitree_go/include/unitree_go/unitree_go/msg/detail/voxel_height_map_state__rosidl_typesupport_fastrtps_cpp.hpp
[9.891s] -- Symlinking: /home/jnu/go2_ws/install/unitree_go/include/unitree_go/unitree_go/msg/detail/voxel_map_compressed__rosidl_typesupport_fastrtps_cpp.hpp
[9.895s] -- Symlinking: /home/jnu/go2_ws/install/unitree_go/include/unitree_go/unitree_go/msg/detail/wireless_controller__rosidl_typesupport_fastrtps_cpp.hpp
[9.899s] -- Symlinking: /home/jnu/go2_ws/install/unitree_go/include/unitree_go/unitree_go/msg/rosidl_typesupport_fastrtps_cpp__visibility_control.h
[9.905s] -- Symlinking: /home/jnu/go2_ws/install/unitree_go/include/unitree_go/unitree_go/msg/detail/audio_data__rosidl_typesupport_introspection_cpp.hpp
[9.910s] -- Symlinking: /home/jnu/go2_ws/install/unitree_go/include/unitree_go/unitree_go/msg/detail/bms_cmd__rosidl_typesupport_introspection_cpp.hpp
[9.916s] -- Symlinking: /home/jnu/go2_ws/install/unitree_go/include/unitree_go/unitree_go/msg/detail/bms_state__rosidl_typesupport_introspection_cpp.hpp
[9.920s] -- Symlinking: /home/jnu/go2_ws/install/unitree_go/include/unitree_go/unitree_go/msg/detail/error__rosidl_typesupport_introspection_cpp.hpp
[9.924s] -- Symlinking: /home/jnu/go2_ws/install/unitree_go/include/unitree_go/unitree_go/msg/detail/go2_front_video_data__rosidl_typesupport_introspection_cpp.hpp
[9.929s] -- Symlinking: /home/jnu/go2_ws/install/unitree_go/include/unitree_go/unitree_go/msg/detail/height_map__rosidl_typesupport_introspection_cpp.hpp
[9.935s] -- Symlinking: /home/jnu/go2_ws/install/unitree_go/include/unitree_go/unitree_go/msg/detail/imu_state__rosidl_typesupport_introspection_cpp.hpp
[9.940s] -- Symlinking: /home/jnu/go2_ws/install/unitree_go/include/unitree_go/unitree_go/msg/detail/interface_config__rosidl_typesupport_introspection_cpp.hpp
[9.945s] -- Symlinking: /home/jnu/go2_ws/install/unitree_go/include/unitree_go/unitree_go/msg/detail/lidar_state__rosidl_typesupport_introspection_cpp.hpp
[9.949s] -- Symlinking: /home/jnu/go2_ws/install/unitree_go/include/unitree_go/unitree_go/msg/detail/low_cmd__rosidl_typesupport_introspection_cpp.hpp
[9.954s] -- Symlinking: /home/jnu/go2_ws/install/unitree_go/include/unitree_go/unitree_go/msg/detail/low_state__rosidl_typesupport_introspection_cpp.hpp
[9.960s] -- Symlinking: /home/jnu/go2_ws/install/unitree_go/include/unitree_go/unitree_go/msg/detail/motor_cmd__rosidl_typesupport_introspection_cpp.hpp
[9.965s] -- Symlinking: /home/jnu/go2_ws/install/unitree_go/include/unitree_go/unitree_go/msg/detail/motor_cmds__rosidl_typesupport_introspection_cpp.hpp
[9.970s] -- Symlinking: /home/jnu/go2_ws/install/unitree_go/include/unitree_go/unitree_go/msg/detail/motor_state__rosidl_typesupport_introspection_cpp.hpp
[9.974s] -- Symlinking: /home/jnu/go2_ws/install/unitree_go/include/unitree_go/unitree_go/msg/detail/motor_states__rosidl_typesupport_introspection_cpp.hpp
[9.979s] -- Symlinking: /home/jnu/go2_ws/install/unitree_go/include/unitree_go/unitree_go/msg/detail/path_point__rosidl_typesupport_introspection_cpp.hpp
[9.983s] -- Symlinking: /home/jnu/go2_ws/install/unitree_go/include/unitree_go/unitree_go/msg/detail/req__rosidl_typesupport_introspection_cpp.hpp
[9.989s] -- Symlinking: /home/jnu/go2_ws/install/unitree_go/include/unitree_go/unitree_go/msg/detail/res__rosidl_typesupport_introspection_cpp.hpp
[9.994s] -- Symlinking: /home/jnu/go2_ws/install/unitree_go/include/unitree_go/unitree_go/msg/detail/sport_mode_cmd__rosidl_typesupport_introspection_cpp.hpp
[9.999s] -- Symlinking: /home/jnu/go2_ws/install/unitree_go/include/unitree_go/unitree_go/msg/detail/sport_mode_state__rosidl_typesupport_introspection_cpp.hpp
[10.004s] -- Symlinking: /home/jnu/go2_ws/install/unitree_go/include/unitree_go/unitree_go/msg/detail/time_spec__rosidl_typesupport_introspection_cpp.hpp
[10.008s] -- Symlinking: /home/jnu/go2_ws/install/unitree_go/include/unitree_go/unitree_go/msg/detail/uwb_state__rosidl_typesupport_introspection_cpp.hpp
[10.013s] -- Symlinking: /home/jnu/go2_ws/install/unitree_go/include/unitree_go/unitree_go/msg/detail/uwb_switch__rosidl_typesupport_introspection_cpp.hpp
[10.018s] -- Symlinking: /home/jnu/go2_ws/install/unitree_go/include/unitree_go/unitree_go/msg/detail/voxel_height_map_state__rosidl_typesupport_introspection_cpp.hpp
[10.023s] -- Symlinking: /home/jnu/go2_ws/install/unitree_go/include/unitree_go/unitree_go/msg/detail/voxel_map_compressed__rosidl_typesupport_introspection_cpp.hpp
[10.027s] -- Symlinking: /home/jnu/go2_ws/install/unitree_go/include/unitree_go/unitree_go/msg/detail/wireless_controller__rosidl_typesupport_introspection_cpp.hpp
[10.032s] -- Symlinking: /home/jnu/go2_ws/install/unitree_go/share/unitree_go/environment/pythonpath.sh
[10.037s] -- Symlinking: /home/jnu/go2_ws/install/unitree_go/share/unitree_go/environment/pythonpath.dsv
[10.044s] -- Symlinking: /home/jnu/go2_ws/install/unitree_go/local/lib/python3.10/dist-packages/unitree_go-0.0.1-py3.10.egg-info/PKG-INFO
[10.048s] -- Symlinking: /home/jnu/go2_ws/install/unitree_go/local/lib/python3.10/dist-packages/unitree_go-0.0.1-py3.10.egg-info/SOURCES.txt
[10.054s] -- Symlinking: /home/jnu/go2_ws/install/unitree_go/local/lib/python3.10/dist-packages/unitree_go-0.0.1-py3.10.egg-info/dependency_links.txt
[10.061s] -- Symlinking: /home/jnu/go2_ws/install/unitree_go/local/lib/python3.10/dist-packages/unitree_go-0.0.1-py3.10.egg-info/top_level.txt
[10.067s] -- Symlinking: /home/jnu/go2_ws/install/unitree_go/local/lib/python3.10/dist-packages/unitree_go/__init__.py
[10.072s] -- Symlinking: /home/jnu/go2_ws/install/unitree_go/local/lib/python3.10/dist-packages/unitree_go/_unitree_go_s.ep.rosidl_typesupport_c.c
[10.078s] -- Symlinking: /home/jnu/go2_ws/install/unitree_go/local/lib/python3.10/dist-packages/unitree_go/_unitree_go_s.ep.rosidl_typesupport_fastrtps_c.c
[10.082s] -- Symlinking: /home/jnu/go2_ws/install/unitree_go/local/lib/python3.10/dist-packages/unitree_go/_unitree_go_s.ep.rosidl_typesupport_introspection_c.c
[10.088s] -- Symlinking: /home/jnu/go2_ws/install/unitree_go/local/lib/python3.10/dist-packages/unitree_go/libunitree_go__rosidl_generator_py.so
[10.093s] -- Symlinking: /home/jnu/go2_ws/install/unitree_go/local/lib/python3.10/dist-packages/unitree_go/msg/__init__.py
[10.098s] -- Symlinking: /home/jnu/go2_ws/install/unitree_go/local/lib/python3.10/dist-packages/unitree_go/msg/_audio_data.py
[10.105s] -- Symlinking: /home/jnu/go2_ws/install/unitree_go/local/lib/python3.10/dist-packages/unitree_go/msg/_audio_data_s.c
[10.113s] -- Symlinking: /home/jnu/go2_ws/install/unitree_go/local/lib/python3.10/dist-packages/unitree_go/msg/_bms_cmd.py
[10.120s] -- Symlinking: /home/jnu/go2_ws/install/unitree_go/local/lib/python3.10/dist-packages/unitree_go/msg/_bms_cmd_s.c
[10.128s] -- Symlinking: /home/jnu/go2_ws/install/unitree_go/local/lib/python3.10/dist-packages/unitree_go/msg/_bms_state.py
[10.136s] -- Symlinking: /home/jnu/go2_ws/install/unitree_go/local/lib/python3.10/dist-packages/unitree_go/msg/_bms_state_s.c
[10.142s] -- Symlinking: /home/jnu/go2_ws/install/unitree_go/local/lib/python3.10/dist-packages/unitree_go/msg/_error.py
[10.148s] -- Symlinking: /home/jnu/go2_ws/install/unitree_go/local/lib/python3.10/dist-packages/unitree_go/msg/_error_s.c
[10.155s] -- Symlinking: /home/jnu/go2_ws/install/unitree_go/local/lib/python3.10/dist-packages/unitree_go/msg/_go2_front_video_data.py
[10.161s] -- Symlinking: /home/jnu/go2_ws/install/unitree_go/local/lib/python3.10/dist-packages/unitree_go/msg/_go2_front_video_data_s.c
[10.165s] -- Symlinking: /home/jnu/go2_ws/install/unitree_go/local/lib/python3.10/dist-packages/unitree_go/msg/_height_map.py
[10.169s] -- Symlinking: /home/jnu/go2_ws/install/unitree_go/local/lib/python3.10/dist-packages/unitree_go/msg/_height_map_s.c
[10.175s] -- Symlinking: /home/jnu/go2_ws/install/unitree_go/local/lib/python3.10/dist-packages/unitree_go/msg/_imu_state.py
[10.181s] -- Symlinking: /home/jnu/go2_ws/install/unitree_go/local/lib/python3.10/dist-packages/unitree_go/msg/_imu_state_s.c
[10.187s] -- Symlinking: /home/jnu/go2_ws/install/unitree_go/local/lib/python3.10/dist-packages/unitree_go/msg/_interface_config.py
[10.191s] -- Symlinking: /home/jnu/go2_ws/install/unitree_go/local/lib/python3.10/dist-packages/unitree_go/msg/_interface_config_s.c
[10.195s] -- Symlinking: /home/jnu/go2_ws/install/unitree_go/local/lib/python3.10/dist-packages/unitree_go/msg/_lidar_state.py
[10.201s] -- Symlinking: /home/jnu/go2_ws/install/unitree_go/local/lib/python3.10/dist-packages/unitree_go/msg/_lidar_state_s.c
[10.207s] -- Symlinking: /home/jnu/go2_ws/install/unitree_go/local/lib/python3.10/dist-packages/unitree_go/msg/_low_cmd.py
[10.212s] -- Symlinking: /home/jnu/go2_ws/install/unitree_go/local/lib/python3.10/dist-packages/unitree_go/msg/_low_cmd_s.c
[10.216s] -- Symlinking: /home/jnu/go2_ws/install/unitree_go/local/lib/python3.10/dist-packages/unitree_go/msg/_low_state.py
[10.221s] -- Symlinking: /home/jnu/go2_ws/install/unitree_go/local/lib/python3.10/dist-packages/unitree_go/msg/_low_state_s.c
[10.226s] -- Symlinking: /home/jnu/go2_ws/install/unitree_go/local/lib/python3.10/dist-packages/unitree_go/msg/_motor_cmd.py
[10.233s] -- Symlinking: /home/jnu/go2_ws/install/unitree_go/local/lib/python3.10/dist-packages/unitree_go/msg/_motor_cmd_s.c
[10.238s] -- Symlinking: /home/jnu/go2_ws/install/unitree_go/local/lib/python3.10/dist-packages/unitree_go/msg/_motor_cmds.py
[10.244s] -- Symlinking: /home/jnu/go2_ws/install/unitree_go/local/lib/python3.10/dist-packages/unitree_go/msg/_motor_cmds_s.c
[10.250s] -- Symlinking: /home/jnu/go2_ws/install/unitree_go/local/lib/python3.10/dist-packages/unitree_go/msg/_motor_state.py
[10.256s] -- Symlinking: /home/jnu/go2_ws/install/unitree_go/local/lib/python3.10/dist-packages/unitree_go/msg/_motor_state_s.c
[10.261s] -- Symlinking: /home/jnu/go2_ws/install/unitree_go/local/lib/python3.10/dist-packages/unitree_go/msg/_motor_states.py
[10.266s] -- Symlinking: /home/jnu/go2_ws/install/unitree_go/local/lib/python3.10/dist-packages/unitree_go/msg/_motor_states_s.c
[10.272s] -- Symlinking: /home/jnu/go2_ws/install/unitree_go/local/lib/python3.10/dist-packages/unitree_go/msg/_path_point.py
[10.278s] -- Symlinking: /home/jnu/go2_ws/install/unitree_go/local/lib/python3.10/dist-packages/unitree_go/msg/_path_point_s.c
[10.282s] -- Symlinking: /home/jnu/go2_ws/install/unitree_go/local/lib/python3.10/dist-packages/unitree_go/msg/_req.py
[10.287s] -- Symlinking: /home/jnu/go2_ws/install/unitree_go/local/lib/python3.10/dist-packages/unitree_go/msg/_req_s.c
[10.291s] -- Symlinking: /home/jnu/go2_ws/install/unitree_go/local/lib/python3.10/dist-packages/unitree_go/msg/_res.py
[10.297s] -- Symlinking: /home/jnu/go2_ws/install/unitree_go/local/lib/python3.10/dist-packages/unitree_go/msg/_res_s.c
[10.302s] -- Symlinking: /home/jnu/go2_ws/install/unitree_go/local/lib/python3.10/dist-packages/unitree_go/msg/_sport_mode_cmd.py
[10.306s] -- Symlinking: /home/jnu/go2_ws/install/unitree_go/local/lib/python3.10/dist-packages/unitree_go/msg/_sport_mode_cmd_s.c
[10.310s] -- Symlinking: /home/jnu/go2_ws/install/unitree_go/local/lib/python3.10/dist-packages/unitree_go/msg/_sport_mode_state.py
[10.315s] -- Symlinking: /home/jnu/go2_ws/install/unitree_go/local/lib/python3.10/dist-packages/unitree_go/msg/_sport_mode_state_s.c
[10.322s] -- Symlinking: /home/jnu/go2_ws/install/unitree_go/local/lib/python3.10/dist-packages/unitree_go/msg/_time_spec.py
[10.328s] -- Symlinking: /home/jnu/go2_ws/install/unitree_go/local/lib/python3.10/dist-packages/unitree_go/msg/_time_spec_s.c
[10.333s] -- Symlinking: /home/jnu/go2_ws/install/unitree_go/local/lib/python3.10/dist-packages/unitree_go/msg/_uwb_state.py
[10.338s] -- Symlinking: /home/jnu/go2_ws/install/unitree_go/local/lib/python3.10/dist-packages/unitree_go/msg/_uwb_state_s.c
[10.344s] -- Symlinking: /home/jnu/go2_ws/install/unitree_go/local/lib/python3.10/dist-packages/unitree_go/msg/_uwb_switch.py
[10.350s] -- Symlinking: /home/jnu/go2_ws/install/unitree_go/local/lib/python3.10/dist-packages/unitree_go/msg/_uwb_switch_s.c
[10.357s] -- Symlinking: /home/jnu/go2_ws/install/unitree_go/local/lib/python3.10/dist-packages/unitree_go/msg/_voxel_height_map_state.py
[10.362s] -- Symlinking: /home/jnu/go2_ws/install/unitree_go/local/lib/python3.10/dist-packages/unitree_go/msg/_voxel_height_map_state_s.c
[10.367s] -- Symlinking: /home/jnu/go2_ws/install/unitree_go/local/lib/python3.10/dist-packages/unitree_go/msg/_voxel_map_compressed.py
[10.373s] -- Symlinking: /home/jnu/go2_ws/install/unitree_go/local/lib/python3.10/dist-packages/unitree_go/msg/_voxel_map_compressed_s.c
[10.379s] -- Symlinking: /home/jnu/go2_ws/install/unitree_go/local/lib/python3.10/dist-packages/unitree_go/msg/_wireless_controller.py
[10.384s] -- Symlinking: /home/jnu/go2_ws/install/unitree_go/local/lib/python3.10/dist-packages/unitree_go/msg/_wireless_controller_s.c
[10.390s] -- Symlinking: /home/jnu/go2_ws/install/unitree_go/local/lib/python3.10/dist-packages/unitree_go/unitree_go_s__rosidl_typesupport_c.cpython-310-x86_64-linux-gnu.so
[10.395s] -- Symlinking: /home/jnu/go2_ws/install/unitree_go/local/lib/python3.10/dist-packages/unitree_go/unitree_go_s__rosidl_typesupport_fastrtps_c.cpython-310-x86_64-linux-gnu.so
[10.400s] -- Symlinking: /home/jnu/go2_ws/install/unitree_go/local/lib/python3.10/dist-packages/unitree_go/unitree_go_s__rosidl_typesupport_introspection_c.cpython-310-x86_64-linux-gnu.so
[10.405s] -- Up-to-date symlink: /home/jnu/go2_ws/install/unitree_go/local/lib/python3.10/dist-packages/unitree_go/unitree_go_s__rosidl_typesupport_fastrtps_c.cpython-310-x86_64-linux-gnu.so
[10.405s] -- Up-to-date symlink: /home/jnu/go2_ws/install/unitree_go/local/lib/python3.10/dist-packages/unitree_go/unitree_go_s__rosidl_typesupport_introspection_c.cpython-310-x86_64-linux-gnu.so
[10.406s] -- Up-to-date symlink: /home/jnu/go2_ws/install/unitree_go/local/lib/python3.10/dist-packages/unitree_go/unitree_go_s__rosidl_typesupport_c.cpython-310-x86_64-linux-gnu.so
[10.406s] -- Symlinking: /home/jnu/go2_ws/install/unitree_go/share/unitree_go/msg/AudioData.idl
[10.410s] -- Symlinking: /home/jnu/go2_ws/install/unitree_go/share/unitree_go/msg/BmsCmd.idl
[10.415s] -- Symlinking: /home/jnu/go2_ws/install/unitree_go/share/unitree_go/msg/BmsState.idl
[10.419s] -- Symlinking: /home/jnu/go2_ws/install/unitree_go/share/unitree_go/msg/Error.idl
[10.424s] -- Symlinking: /home/jnu/go2_ws/install/unitree_go/share/unitree_go/msg/Go2FrontVideoData.idl
[10.428s] -- Symlinking: /home/jnu/go2_ws/install/unitree_go/share/unitree_go/msg/HeightMap.idl
[10.432s] -- Symlinking: /home/jnu/go2_ws/install/unitree_go/share/unitree_go/msg/IMUState.idl
[10.437s] -- Symlinking: /home/jnu/go2_ws/install/unitree_go/share/unitree_go/msg/InterfaceConfig.idl
[10.441s] -- Symlinking: /home/jnu/go2_ws/install/unitree_go/share/unitree_go/msg/LidarState.idl
[10.448s] -- Symlinking: /home/jnu/go2_ws/install/unitree_go/share/unitree_go/msg/LowCmd.idl
[10.455s] -- Symlinking: /home/jnu/go2_ws/install/unitree_go/share/unitree_go/msg/LowState.idl
[10.464s] -- Symlinking: /home/jnu/go2_ws/install/unitree_go/share/unitree_go/msg/MotorCmd.idl
[10.473s] -- Symlinking: /home/jnu/go2_ws/install/unitree_go/share/unitree_go/msg/MotorCmds.idl
[10.489s] -- Symlinking: /home/jnu/go2_ws/install/unitree_go/share/unitree_go/msg/MotorState.idl
[10.504s] -- Symlinking: /home/jnu/go2_ws/install/unitree_go/share/unitree_go/msg/MotorStates.idl
[10.516s] -- Symlinking: /home/jnu/go2_ws/install/unitree_go/share/unitree_go/msg/PathPoint.idl
[10.523s] -- Symlinking: /home/jnu/go2_ws/install/unitree_go/share/unitree_go/msg/Req.idl
[10.531s] -- Symlinking: /home/jnu/go2_ws/install/unitree_go/share/unitree_go/msg/Res.idl
[10.542s] -- Symlinking: /home/jnu/go2_ws/install/unitree_go/share/unitree_go/msg/SportModeCmd.idl
[10.550s] -- Symlinking: /home/jnu/go2_ws/install/unitree_go/share/unitree_go/msg/SportModeState.idl
[10.562s] -- Symlinking: /home/jnu/go2_ws/install/unitree_go/share/unitree_go/msg/TimeSpec.idl
[10.579s] -- Symlinking: /home/jnu/go2_ws/install/unitree_go/share/unitree_go/msg/UwbState.idl
[10.594s] -- Symlinking: /home/jnu/go2_ws/install/unitree_go/share/unitree_go/msg/UwbSwitch.idl
[10.605s] -- Symlinking: /home/jnu/go2_ws/install/unitree_go/share/unitree_go/msg/VoxelMapCompressed.idl
[10.618s] -- Symlinking: /home/jnu/go2_ws/install/unitree_go/share/unitree_go/msg/VoxelHeightMapState.idl
[10.629s] -- Symlinking: /home/jnu/go2_ws/install/unitree_go/share/unitree_go/msg/WirelessController.idl
[10.639s] -- Symlinking: /home/jnu/go2_ws/install/unitree_go/share/unitree_go/msg/AudioData.msg
[10.648s] -- Symlinking: /home/jnu/go2_ws/install/unitree_go/share/unitree_go/msg/BmsCmd.msg
[10.660s] -- Symlinking: /home/jnu/go2_ws/install/unitree_go/share/unitree_go/msg/BmsState.msg
[10.671s] -- Symlinking: /home/jnu/go2_ws/install/unitree_go/share/unitree_go/msg/Error.msg
[10.682s] -- Symlinking: /home/jnu/go2_ws/install/unitree_go/share/unitree_go/msg/Go2FrontVideoData.msg
[10.692s] -- Symlinking: /home/jnu/go2_ws/install/unitree_go/share/unitree_go/msg/HeightMap.msg
[10.702s] -- Symlinking: /home/jnu/go2_ws/install/unitree_go/share/unitree_go/msg/IMUState.msg
[10.712s] -- Symlinking: /home/jnu/go2_ws/install/unitree_go/share/unitree_go/msg/InterfaceConfig.msg
[10.726s] -- Symlinking: /home/jnu/go2_ws/install/unitree_go/share/unitree_go/msg/LidarState.msg
[10.736s] -- Symlinking: /home/jnu/go2_ws/install/unitree_go/share/unitree_go/msg/LowCmd.msg
[10.749s] -- Symlinking: /home/jnu/go2_ws/install/unitree_go/share/unitree_go/msg/LowState.msg
[10.758s] -- Symlinking: /home/jnu/go2_ws/install/unitree_go/share/unitree_go/msg/MotorCmd.msg
[10.773s] -- Symlinking: /home/jnu/go2_ws/install/unitree_go/share/unitree_go/msg/MotorCmds.msg
[10.783s] -- Symlinking: /home/jnu/go2_ws/install/unitree_go/share/unitree_go/msg/MotorState.msg
[10.796s] -- Symlinking: /home/jnu/go2_ws/install/unitree_go/share/unitree_go/msg/MotorStates.msg
[10.806s] -- Symlinking: /home/jnu/go2_ws/install/unitree_go/share/unitree_go/msg/PathPoint.msg
[10.815s] -- Symlinking: /home/jnu/go2_ws/install/unitree_go/share/unitree_go/msg/Req.msg
[10.825s] -- Symlinking: /home/jnu/go2_ws/install/unitree_go/share/unitree_go/msg/Res.msg
[10.833s] -- Symlinking: /home/jnu/go2_ws/install/unitree_go/share/unitree_go/msg/SportModeCmd.msg
[10.838s] -- Symlinking: /home/jnu/go2_ws/install/unitree_go/share/unitree_go/msg/SportModeState.msg
[10.846s] -- Symlinking: /home/jnu/go2_ws/install/unitree_go/share/unitree_go/msg/TimeSpec.msg
[10.853s] -- Symlinking: /home/jnu/go2_ws/install/unitree_go/share/unitree_go/msg/UwbState.msg
[10.858s] -- Symlinking: /home/jnu/go2_ws/install/unitree_go/share/unitree_go/msg/UwbSwitch.msg
[10.863s] -- Symlinking: /home/jnu/go2_ws/install/unitree_go/share/unitree_go/msg/VoxelMapCompressed.msg
[10.868s] -- Symlinking: /home/jnu/go2_ws/install/unitree_go/share/unitree_go/msg/VoxelHeightMapState.msg
[10.872s] -- Symlinking: /home/jnu/go2_ws/install/unitree_go/share/unitree_go/msg/WirelessController.msg
[10.876s] -- Symlinking: /home/jnu/go2_ws/install/unitree_go/share/unitree_go/msg/dds_connext/AudioData_.idl
[10.881s] -- Symlinking: /home/jnu/go2_ws/install/unitree_go/share/unitree_go/msg/dds_connext/BmsCmd_.idl
[10.885s] -- Symlinking: /home/jnu/go2_ws/install/unitree_go/share/unitree_go/msg/dds_connext/BmsState_.idl
[10.890s] -- Symlinking: /home/jnu/go2_ws/install/unitree_go/share/unitree_go/msg/dds_connext/Error_.idl
[10.895s] -- Symlinking: /home/jnu/go2_ws/install/unitree_go/share/unitree_go/msg/dds_connext/Go2FrontVideoData_.idl
[10.900s] -- Symlinking: /home/jnu/go2_ws/install/unitree_go/share/unitree_go/msg/dds_connext/HeightMap_.idl
[10.905s] -- Symlinking: /home/jnu/go2_ws/install/unitree_go/share/unitree_go/msg/dds_connext/IMUState_.idl
[10.909s] -- Symlinking: /home/jnu/go2_ws/install/unitree_go/share/unitree_go/msg/dds_connext/InterfaceConfig_.idl
[10.913s] -- Symlinking: /home/jnu/go2_ws/install/unitree_go/share/unitree_go/msg/dds_connext/LidarState_.idl
[10.919s] -- Symlinking: /home/jnu/go2_ws/install/unitree_go/share/unitree_go/msg/dds_connext/LowCmd_.idl
[10.924s] -- Symlinking: /home/jnu/go2_ws/install/unitree_go/share/unitree_go/msg/dds_connext/LowState_.idl
[10.928s] -- Symlinking: /home/jnu/go2_ws/install/unitree_go/share/unitree_go/msg/dds_connext/MotorCmd_.idl
[10.933s] -- Symlinking: /home/jnu/go2_ws/install/unitree_go/share/unitree_go/msg/dds_connext/MotorCmds_.idl
[10.938s] -- Symlinking: /home/jnu/go2_ws/install/unitree_go/share/unitree_go/msg/dds_connext/MotorState_.idl
[10.946s] -- Symlinking: /home/jnu/go2_ws/install/unitree_go/share/unitree_go/msg/dds_connext/MotorStates_.idl
[10.958s] -- Symlinking: /home/jnu/go2_ws/install/unitree_go/share/unitree_go/msg/dds_connext/PathPoint_.idl
[10.966s] -- Symlinking: /home/jnu/go2_ws/install/unitree_go/share/unitree_go/msg/dds_connext/Req_.idl
[10.979s] -- Symlinking: /home/jnu/go2_ws/install/unitree_go/share/unitree_go/msg/dds_connext/Res_.idl
[10.993s] -- Symlinking: /home/jnu/go2_ws/install/unitree_go/share/unitree_go/msg/dds_connext/SportModeCmd_.idl
[11.006s] -- Symlinking: /home/jnu/go2_ws/install/unitree_go/share/unitree_go/msg/dds_connext/SportModeState_.idl
[11.013s] -- Symlinking: /home/jnu/go2_ws/install/unitree_go/share/unitree_go/msg/dds_connext/TimeSpec_.idl
[11.019s] -- Symlinking: /home/jnu/go2_ws/install/unitree_go/share/unitree_go/msg/dds_connext/UwbState_.idl
[11.024s] -- Symlinking: /home/jnu/go2_ws/install/unitree_go/share/unitree_go/msg/dds_connext/UwbSwitch_.idl
[11.028s] -- Symlinking: /home/jnu/go2_ws/install/unitree_go/share/unitree_go/msg/dds_connext/VoxelHeightMapState_.idl
[11.032s] -- Symlinking: /home/jnu/go2_ws/install/unitree_go/share/unitree_go/msg/dds_connext/VoxelMapCompressed_.idl
[11.037s] -- Symlinking: /home/jnu/go2_ws/install/unitree_go/share/unitree_go/msg/dds_connext/WirelessController_.idl
[11.041s] -- Symlinking: /home/jnu/go2_ws/install/unitree_go/share/ament_index/resource_index/package_run_dependencies/unitree_go
[11.046s] -- Symlinking: /home/jnu/go2_ws/install/unitree_go/share/ament_index/resource_index/parent_prefix_path/unitree_go
[11.051s] -- Symlinking: /home/jnu/go2_ws/install/unitree_go/share/unitree_go/environment/ament_prefix_path.sh
[11.056s] -- Symlinking: /home/jnu/go2_ws/install/unitree_go/share/unitree_go/environment/ament_prefix_path.dsv
[11.060s] -- Symlinking: /home/jnu/go2_ws/install/unitree_go/share/unitree_go/environment/path.sh
[11.064s] -- Symlinking: /home/jnu/go2_ws/install/unitree_go/share/unitree_go/environment/path.dsv
[11.069s] -- Symlinking: /home/jnu/go2_ws/install/unitree_go/share/unitree_go/local_setup.bash
[11.077s] -- Symlinking: /home/jnu/go2_ws/install/unitree_go/share/unitree_go/local_setup.sh
[11.081s] -- Symlinking: /home/jnu/go2_ws/install/unitree_go/share/unitree_go/local_setup.zsh
[11.085s] -- Symlinking: /home/jnu/go2_ws/install/unitree_go/share/unitree_go/local_setup.dsv
[11.089s] -- Symlinking: /home/jnu/go2_ws/install/unitree_go/share/unitree_go/package.dsv
[11.095s] -- Symlinking: /home/jnu/go2_ws/install/unitree_go/share/ament_index/resource_index/packages/unitree_go
[11.099s] -- Symlinking: /home/jnu/go2_ws/install/unitree_go/share/unitree_go/cmake/rosidl_cmake-extras.cmake
[11.104s] -- Symlinking: /home/jnu/go2_ws/install/unitree_go/share/unitree_go/cmake/ament_cmake_export_include_directories-extras.cmake
[11.109s] -- Symlinking: /home/jnu/go2_ws/install/unitree_go/share/unitree_go/cmake/ament_cmake_export_libraries-extras.cmake
[11.113s] -- Symlinking: /home/jnu/go2_ws/install/unitree_go/share/unitree_go/cmake/ament_cmake_export_targets-extras.cmake
[11.118s] -- Symlinking: /home/jnu/go2_ws/install/unitree_go/share/unitree_go/cmake/rosidl_cmake_export_typesupport_targets-extras.cmake
[11.124s] -- Symlinking: /home/jnu/go2_ws/install/unitree_go/share/unitree_go/cmake/ament_cmake_export_dependencies-extras.cmake
[11.128s] -- Symlinking: /home/jnu/go2_ws/install/unitree_go/share/unitree_go/cmake/rosidl_cmake_export_typesupport_libraries-extras.cmake
[11.132s] -- Symlinking: /home/jnu/go2_ws/install/unitree_go/share/unitree_go/cmake/unitree_goConfig.cmake
[11.137s] -- Symlinking: /home/jnu/go2_ws/install/unitree_go/share/unitree_go/cmake/unitree_goConfig-version.cmake
[11.142s] -- Symlinking: /home/jnu/go2_ws/install/unitree_go/share/unitree_go/package.xml
[11.148s] -- Installing: /home/jnu/go2_ws/install/unitree_go/lib/libunitree_go__rosidl_generator_c.so
[11.148s] -- Set runtime path of "/home/jnu/go2_ws/install/unitree_go/lib/libunitree_go__rosidl_generator_c.so" to ""
[11.148s] -- Installing: /home/jnu/go2_ws/install/unitree_go/lib/libunitree_go__rosidl_typesupport_fastrtps_c.so
[11.148s] -- Set runtime path of "/home/jnu/go2_ws/install/unitree_go/lib/libunitree_go__rosidl_typesupport_fastrtps_c.so" to ""
[11.148s] -- Installing: /home/jnu/go2_ws/install/unitree_go/lib/libunitree_go__rosidl_typesupport_introspection_c.so
[11.149s] -- Set runtime path of "/home/jnu/go2_ws/install/unitree_go/lib/libunitree_go__rosidl_typesupport_introspection_c.so" to ""
[11.149s] -- Installing: /home/jnu/go2_ws/install/unitree_go/lib/libunitree_go__rosidl_typesupport_c.so
[11.149s] -- Set runtime path of "/home/jnu/go2_ws/install/unitree_go/lib/libunitree_go__rosidl_typesupport_c.so" to ""
[11.149s] -- Installing: /home/jnu/go2_ws/install/unitree_go/lib/libunitree_go__rosidl_typesupport_fastrtps_cpp.so
[11.149s] -- Set runtime path of "/home/jnu/go2_ws/install/unitree_go/lib/libunitree_go__rosidl_typesupport_fastrtps_cpp.so" to ""
[11.149s] -- Installing: /home/jnu/go2_ws/install/unitree_go/lib/libunitree_go__rosidl_typesupport_introspection_cpp.so
[11.149s] -- Set runtime path of "/home/jnu/go2_ws/install/unitree_go/lib/libunitree_go__rosidl_typesupport_introspection_cpp.so" to ""
[11.149s] -- Installing: /home/jnu/go2_ws/install/unitree_go/lib/libunitree_go__rosidl_typesupport_cpp.so
[11.149s] -- Set runtime path of "/home/jnu/go2_ws/install/unitree_go/lib/libunitree_go__rosidl_typesupport_cpp.so" to ""
[11.200s] Listing '/home/jnu/go2_ws/install/unitree_go/local/lib/python3.10/dist-packages/unitree_go'...
[11.200s] Compiling '/home/jnu/go2_ws/install/unitree_go/local/lib/python3.10/dist-packages/unitree_go/__init__.py'...
[11.200s] Listing '/home/jnu/go2_ws/install/unitree_go/local/lib/python3.10/dist-packages/unitree_go/msg'...
[11.200s] Compiling '/home/jnu/go2_ws/install/unitree_go/local/lib/python3.10/dist-packages/unitree_go/msg/__init__.py'...
[11.200s] Compiling '/home/jnu/go2_ws/install/unitree_go/local/lib/python3.10/dist-packages/unitree_go/msg/_audio_data.py'...
[11.200s] Compiling '/home/jnu/go2_ws/install/unitree_go/local/lib/python3.10/dist-packages/unitree_go/msg/_bms_cmd.py'...
[11.200s] Compiling '/home/jnu/go2_ws/install/unitree_go/local/lib/python3.10/dist-packages/unitree_go/msg/_bms_state.py'...
[11.200s] Compiling '/home/jnu/go2_ws/install/unitree_go/local/lib/python3.10/dist-packages/unitree_go/msg/_error.py'...
[11.200s] Compiling '/home/jnu/go2_ws/install/unitree_go/local/lib/python3.10/dist-packages/unitree_go/msg/_go2_front_video_data.py'...
[11.200s] Compiling '/home/jnu/go2_ws/install/unitree_go/local/lib/python3.10/dist-packages/unitree_go/msg/_height_map.py'...
[11.200s] Compiling '/home/jnu/go2_ws/install/unitree_go/local/lib/python3.10/dist-packages/unitree_go/msg/_imu_state.py'...
[11.200s] Compiling '/home/jnu/go2_ws/install/unitree_go/local/lib/python3.10/dist-packages/unitree_go/msg/_interface_config.py'...
[11.200s] Compiling '/home/jnu/go2_ws/install/unitree_go/local/lib/python3.10/dist-packages/unitree_go/msg/_lidar_state.py'...
[11.200s] Compiling '/home/jnu/go2_ws/install/unitree_go/local/lib/python3.10/dist-packages/unitree_go/msg/_low_cmd.py'...
[11.200s] Compiling '/home/jnu/go2_ws/install/unitree_go/local/lib/python3.10/dist-packages/unitree_go/msg/_low_state.py'...
[11.200s] Compiling '/home/jnu/go2_ws/install/unitree_go/local/lib/python3.10/dist-packages/unitree_go/msg/_motor_cmd.py'...
[11.200s] Compiling '/home/jnu/go2_ws/install/unitree_go/local/lib/python3.10/dist-packages/unitree_go/msg/_motor_cmds.py'...
[11.200s] Compiling '/home/jnu/go2_ws/install/unitree_go/local/lib/python3.10/dist-packages/unitree_go/msg/_motor_state.py'...
[11.200s] Compiling '/home/jnu/go2_ws/install/unitree_go/local/lib/python3.10/dist-packages/unitree_go/msg/_motor_states.py'...
[11.200s] Compiling '/home/jnu/go2_ws/install/unitree_go/local/lib/python3.10/dist-packages/unitree_go/msg/_path_point.py'...
[11.200s] Compiling '/home/jnu/go2_ws/install/unitree_go/local/lib/python3.10/dist-packages/unitree_go/msg/_req.py'...
[11.200s] Compiling '/home/jnu/go2_ws/install/unitree_go/local/lib/python3.10/dist-packages/unitree_go/msg/_res.py'...
[11.200s] Compiling '/home/jnu/go2_ws/install/unitree_go/local/lib/python3.10/dist-packages/unitree_go/msg/_sport_mode_cmd.py'...
[11.200s] Compiling '/home/jnu/go2_ws/install/unitree_go/local/lib/python3.10/dist-packages/unitree_go/msg/_sport_mode_state.py'...
[11.200s] Compiling '/home/jnu/go2_ws/install/unitree_go/local/lib/python3.10/dist-packages/unitree_go/msg/_time_spec.py'...
[11.200s] Compiling '/home/jnu/go2_ws/install/unitree_go/local/lib/python3.10/dist-packages/unitree_go/msg/_uwb_state.py'...
[11.200s] Compiling '/home/jnu/go2_ws/install/unitree_go/local/lib/python3.10/dist-packages/unitree_go/msg/_uwb_switch.py'...
[11.200s] Compiling '/home/jnu/go2_ws/install/unitree_go/local/lib/python3.10/dist-packages/unitree_go/msg/_voxel_height_map_state.py'...
[11.200s] Compiling '/home/jnu/go2_ws/install/unitree_go/local/lib/python3.10/dist-packages/unitree_go/msg/_voxel_map_compressed.py'...
[11.200s] Compiling '/home/jnu/go2_ws/install/unitree_go/local/lib/python3.10/dist-packages/unitree_go/msg/_wireless_controller.py'...
[11.202s] -- Installing: /home/jnu/go2_ws/install/unitree_go/lib/libunitree_go__rosidl_generator_py.so
[11.202s] -- Set runtime path of "/home/jnu/go2_ws/install/unitree_go/lib/libunitree_go__rosidl_generator_py.so" to ""
[11.202s] -- Installing: /home/jnu/go2_ws/install/unitree_go/share/unitree_go/cmake/export_unitree_go__rosidl_generator_cExport.cmake
[11.202s] -- Installing: /home/jnu/go2_ws/install/unitree_go/share/unitree_go/cmake/export_unitree_go__rosidl_generator_cExport-noconfig.cmake
[11.202s] -- Installing: /home/jnu/go2_ws/install/unitree_go/share/unitree_go/cmake/export_unitree_go__rosidl_typesupport_fastrtps_cExport.cmake
[11.202s] -- Installing: /home/jnu/go2_ws/install/unitree_go/share/unitree_go/cmake/export_unitree_go__rosidl_typesupport_fastrtps_cExport-noconfig.cmake
[11.202s] -- Installing: /home/jnu/go2_ws/install/unitree_go/share/unitree_go/cmake/unitree_go__rosidl_typesupport_introspection_cExport.cmake
[11.202s] -- Installing: /home/jnu/go2_ws/install/unitree_go/share/unitree_go/cmake/unitree_go__rosidl_typesupport_introspection_cExport-noconfig.cmake
[11.202s] -- Installing: /home/jnu/go2_ws/install/unitree_go/share/unitree_go/cmake/unitree_go__rosidl_typesupport_cExport.cmake
[11.202s] -- Installing: /home/jnu/go2_ws/install/unitree_go/share/unitree_go/cmake/unitree_go__rosidl_typesupport_cExport-noconfig.cmake
[11.202s] -- Installing: /home/jnu/go2_ws/install/unitree_go/share/unitree_go/cmake/export_unitree_go__rosidl_generator_cppExport.cmake
[11.202s] -- Installing: /home/jnu/go2_ws/install/unitree_go/share/unitree_go/cmake/export_unitree_go__rosidl_typesupport_fastrtps_cppExport.cmake
[11.202s] -- Installing: /home/jnu/go2_ws/install/unitree_go/share/unitree_go/cmake/export_unitree_go__rosidl_typesupport_fastrtps_cppExport-noconfig.cmake
[11.202s] -- Installing: /home/jnu/go2_ws/install/unitree_go/share/unitree_go/cmake/unitree_go__rosidl_typesupport_introspection_cppExport.cmake
[11.203s] -- Installing: /home/jnu/go2_ws/install/unitree_go/share/unitree_go/cmake/unitree_go__rosidl_typesupport_introspection_cppExport-noconfig.cmake
[11.203s] -- Installing: /home/jnu/go2_ws/install/unitree_go/share/unitree_go/cmake/unitree_go__rosidl_typesupport_cppExport.cmake
[11.203s] -- Installing: /home/jnu/go2_ws/install/unitree_go/share/unitree_go/cmake/unitree_go__rosidl_typesupport_cppExport-noconfig.cmake
[11.203s] -- Installing: /home/jnu/go2_ws/install/unitree_go/share/unitree_go/cmake/export_unitree_go__rosidl_generator_pyExport.cmake
[11.203s] -- Installing: /home/jnu/go2_ws/install/unitree_go/share/unitree_go/cmake/export_unitree_go__rosidl_generator_pyExport-noconfig.cmake
[11.204s] Invoked command in '/home/jnu/go2_ws/build/unitree_go' returned '0': CMAKE_PREFIX_PATH=/opt/ros/humble /usr/bin/cmake --install /home/jnu/go2_ws/build/unitree_go
